INFO-FLOW: Workspace /mnt/isaac_sbay0/lbo-ws/Projects/DVR-008-002/Base_Design_Project/DMA_RGB24b/hls/DMA24b_mm2s_prj/solution1 opened at Thu Sep 03 13:59:33 CEST 2026
Execute     ap_set_clock -name default -period 6.66 -default=false 
INFO: [SYN 201-201] Setting up clock 'default' with a period of 6.66ns.
Execute     import_lib /tools/xilinx/Vitis_HLS/2020.2/common/technology/xilinx/zynq/zynq 
Execute       source /tools/xilinx/Vitis_HLS/2020.2/common/technology/xilinx/interface/xilinx_interface.hlp 
Execute         source /tools/xilinx/Vitis_HLS/2020.2/common/technology/xilinx/interface/maxi.hlp 
Execute         source /tools/xilinx/Vitis_HLS/2020.2/common/technology/xilinx/interface/saxilite.hlp 
Execute       source /tools/xilinx/Vitis_HLS/2020.2/common/technology/xilinx/DSP48/dsp48.hlp 
Execute     source /tools/xilinx/Vitis_HLS/2020.2/common/technology/xilinx/common/xilinx.gen 
Execute       source /tools/xilinx/Vitis_HLS/2020.2/common/technology/xilinx/interface/plb46.gen 
Execute       source /tools/xilinx/Vitis_HLS/2020.2/common/technology/xilinx/interface/axi4.gen 
Execute       source /tools/xilinx/Vitis_HLS/2020.2/common/technology/xilinx/interface/nativeAXI4.gen 
Execute         source /tools/xilinx/Vitis_HLS/2020.2/common/technology/xilinx/interface/saxilite.gen 
Execute         source /tools/xilinx/Vitis_HLS/2020.2/common/technology/xilinx/interface/maxi.gen 
Execute       source /tools/xilinx/Vitis_HLS/2020.2/common/technology/xilinx/scripts/xilinxcoregen.gen 
Execute       source /tools/xilinx/Vitis_HLS/2020.2/common/technology/xilinx/interface/XilEDKCoreGen.gen 
Execute       source /tools/xilinx/Vitis_HLS/2020.2/common/technology/xilinx/ip/dds_compiler.gen 
Execute       source /tools/xilinx/Vitis_HLS/2020.2/common/technology/xilinx/ip/util.gen 
Execute       source /tools/xilinx/Vitis_HLS/2020.2/common/technology/xilinx/ip/xfft.gen 
Execute       source /tools/xilinx/Vitis_HLS/2020.2/common/technology/xilinx/ip/xfir.gen 
Execute       source /tools/xilinx/Vitis_HLS/2020.2/common/technology/xilinx/DSP48/dsp48.gen 
Execute     import_lib /tools/xilinx/Vitis_HLS/2020.2/common/technology/xilinx/zynq/zynq 
Execute       source /tools/xilinx/Vitis_HLS/2020.2/common/technology/xilinx/interface/xilinx_interface.hlp 
Execute         source /tools/xilinx/Vitis_HLS/2020.2/common/technology/xilinx/interface/maxi.hlp 
Execute         source /tools/xilinx/Vitis_HLS/2020.2/common/technology/xilinx/interface/saxilite.hlp 
Execute       source /tools/xilinx/Vitis_HLS/2020.2/common/technology/xilinx/DSP48/dsp48.hlp 
Execute     source /tools/xilinx/Vitis_HLS/2020.2/common/technology/xilinx/common/xilinx.gen 
Execute       source /tools/xilinx/Vitis_HLS/2020.2/common/technology/xilinx/interface/plb46.gen 
Execute       source /tools/xilinx/Vitis_HLS/2020.2/common/technology/xilinx/interface/axi4.gen 
Execute       source /tools/xilinx/Vitis_HLS/2020.2/common/technology/xilinx/interface/nativeAXI4.gen 
Execute         source /tools/xilinx/Vitis_HLS/2020.2/common/technology/xilinx/interface/saxilite.gen 
Execute         source /tools/xilinx/Vitis_HLS/2020.2/common/technology/xilinx/interface/maxi.gen 
Execute       source /tools/xilinx/Vitis_HLS/2020.2/common/technology/xilinx/scripts/xilinxcoregen.gen 
Execute       source /tools/xilinx/Vitis_HLS/2020.2/common/technology/xilinx/interface/XilEDKCoreGen.gen 
Execute       source /tools/xilinx/Vitis_HLS/2020.2/common/technology/xilinx/ip/dds_compiler.gen 
Execute       source /tools/xilinx/Vitis_HLS/2020.2/common/technology/xilinx/ip/util.gen 
Execute       source /tools/xilinx/Vitis_HLS/2020.2/common/technology/xilinx/ip/xfft.gen 
Execute       source /tools/xilinx/Vitis_HLS/2020.2/common/technology/xilinx/ip/xfir.gen 
Execute       source /tools/xilinx/Vitis_HLS/2020.2/common/technology/xilinx/DSP48/dsp48.gen 
Execute     set_part xc7z020-clg400-1 
INFO-FLOW: DBG:set_part: XILINX_VIVADO=/tools/xilinx/Vivado/2020.2
INFO-FLOW: DBG:set_part: RDI_DATADIR=/tools/xilinx/Vivado/2020.2/data:/tools/xilinx/Vitis_HLS/2020.2/data
Execute       ap_part_info -name xc7z020-clg400-1 -data single -quiet 
DBG:HLSDevice: Trying to load device library: /tools/xilinx/Vitis_HLS/2020.2/lib/lnx64.o/librdi_hlsvwrap.so
DBG:HLSDevice: first parts/arch.xml in RDI_DATADIR: /tools/xilinx/Vivado/2020.2/data/parts/arch.xml
Command       ap_part_info done; 0.51 sec.
Execute       ap_part_info -name xc7z020-clg400-1 -data info 
Execute       add_library xilinx/zynq/zynq:xc7z020:-clg400:-1 
Execute         get_default_platform 
Execute         open_platform DefaultPlatform 
Execute         ap_part_info -data single -name xc7z020-clg400-1 
Execute         ap_part_info -name xc7z020-clg400-1 -data resources 
Execute         config_chip_info -resource {SLICE 13300} {LUT 53200} {FF 106400} {DSP 220} {BRAM 280} {URAM 0} 
Execute         ap_part_info -name xc7z020-clg400-1 -data info 
Execute         config_chip_info -speed slow 
Execute         ap_part_info -name xc7z020-clg400-1 -data info 
Execute         config_library_info -library zynq_slow 
Execute         config_library_info -family zynq 
Execute         config_library_info -part xc7z020:-clg400:-1 
Execute         import_lib /tools/xilinx/Vitis_HLS/2020.2/common/technology/xilinx/zynq/zynq 
Execute           source /tools/xilinx/Vitis_HLS/2020.2/common/technology/xilinx/interface/xilinx_interface.hlp 
Execute             source /tools/xilinx/Vitis_HLS/2020.2/common/technology/xilinx/interface/maxi.hlp 
Execute             source /tools/xilinx/Vitis_HLS/2020.2/common/technology/xilinx/interface/saxilite.hlp 
Execute           source /tools/xilinx/Vitis_HLS/2020.2/common/technology/xilinx/DSP48/dsp48.hlp 
Execute           source /tools/xilinx/Vitis_HLS/2020.2/common/technology/xilinx/DSP48/zynq_dsp48e1.hlp 
Execute         source /tools/xilinx/Vitis_HLS/2020.2/common/technology/xilinx/common/xilinx.gen 
Execute           source /tools/xilinx/Vitis_HLS/2020.2/common/technology/xilinx/interface/plb46.gen 
Execute           source /tools/xilinx/Vitis_HLS/2020.2/common/technology/xilinx/interface/axi4.gen 
Execute           source /tools/xilinx/Vitis_HLS/2020.2/common/technology/xilinx/interface/nativeAXI4.gen 
Execute             source /tools/xilinx/Vitis_HLS/2020.2/common/technology/xilinx/interface/saxilite.gen 
Execute             source /tools/xilinx/Vitis_HLS/2020.2/common/technology/xilinx/interface/maxi.gen 
Execute           source /tools/xilinx/Vitis_HLS/2020.2/common/technology/xilinx/scripts/xilinxcoregen.gen 
Execute           source /tools/xilinx/Vitis_HLS/2020.2/common/technology/xilinx/interface/XilEDKCoreGen.gen 
Execute           source /tools/xilinx/Vitis_HLS/2020.2/common/technology/xilinx/ip/dds_compiler.gen 
Execute           source /tools/xilinx/Vitis_HLS/2020.2/common/technology/xilinx/ip/util.gen 
Execute           source /tools/xilinx/Vitis_HLS/2020.2/common/technology/xilinx/ip/xfft.gen 
Execute           source /tools/xilinx/Vitis_HLS/2020.2/common/technology/xilinx/ip/xfir.gen 
Execute           source /tools/xilinx/Vitis_HLS/2020.2/common/technology/xilinx/DSP48/dsp48.gen 
INFO: [HLS 200-10] Setting target device to 'xc7z020-clg400-1'
Execute       ap_part_info -name xc7z020-clg400-1 -data info 
Execute       config_compile -quiet -complex-mul-dsp=0 
Command     set_part done; 0.59 sec.
Execute     ap_part_info -data single -name xc7z020-clg400-1 
Execute     ap_part_info -name xc7z020-clg400-1 -data resources 
Execute     config_chip_info -resource {SLICE 13300} {LUT 53200} {FF 106400} {DSP 220} {BRAM 280} {URAM 0} 
Execute     ap_part_info -name xc7z020-clg400-1 -data info 
Execute     config_chip_info -speed slow 
Execute     send_msg_by_id INFO @200-1505@%s%s  vivado 
INFO: [HLS 200-1505] Using flow_target 'vivado'
Execute     get_config_interface -m_axi_latency 
Execute     get_config_interface -m_axi_alignment_byte_size 
Execute     get_config_interface -m_axi_max_widen_bitwidth 
Execute     get_config_interface -default_interface 
Execute     get_config_interface -m_axi_offset 
Execute     get_config_rtl -register_reset_num 
Execute     send_msg_by_id INFO @200-1464@%s config_export -format=ip_catalog 
INFO: [HLS 200-1464] Running solution command: config_export -format=ip_catalog
Execute     config_export -format=ip_catalog 
Execute     send_msg_by_id INFO @200-1464@%s config_export -rtl=vhdl 
INFO: [HLS 200-1464] Running solution command: config_export -rtl=vhdl
Execute     config_export -rtl=vhdl 
Command   open_solution done; 0.69 sec.
Execute   set_part xc7z020-clg400-1 
INFO: [HLS 200-1510] Running: set_part xc7z020-clg400-1 
INFO-FLOW: DBG:set_part: XILINX_VIVADO=/tools/xilinx/Vivado/2020.2
INFO-FLOW: DBG:set_part: RDI_DATADIR=/tools/xilinx/Vivado/2020.2/data:/tools/xilinx/Vitis_HLS/2020.2/data
Execute     ap_part_info -name xc7z020-clg400-1 -data single -quiet 
Execute     ap_part_info -name xc7z020-clg400-1 -data info 
Execute     add_library xilinx/zynq/zynq:xc7z020:-clg400:-1 
Execute       get_default_platform 
Execute       open_platform DefaultPlatform 
Execute       ap_part_info -data single -name xc7z020-clg400-1 
Execute       ap_part_info -name xc7z020-clg400-1 -data resources 
Execute       config_chip_info -resource {SLICE 13300} {LUT 53200} {FF 106400} {DSP 220} {BRAM 280} {URAM 0} 
Execute       ap_part_info -name xc7z020-clg400-1 -data info 
Execute       config_chip_info -speed slow 
Execute       ap_part_info -name xc7z020-clg400-1 -data info 
Execute       config_library_info -library zynq_slow 
Execute       config_library_info -family zynq 
Execute       config_library_info -part xc7z020:-clg400:-1 
Execute       import_lib /tools/xilinx/Vitis_HLS/2020.2/common/technology/xilinx/zynq/zynq 
Execute         source /tools/xilinx/Vitis_HLS/2020.2/common/technology/xilinx/interface/xilinx_interface.hlp 
Execute           source /tools/xilinx/Vitis_HLS/2020.2/common/technology/xilinx/interface/maxi.hlp 
Execute           source /tools/xilinx/Vitis_HLS/2020.2/common/technology/xilinx/interface/saxilite.hlp 
Execute         source /tools/xilinx/Vitis_HLS/2020.2/common/technology/xilinx/DSP48/dsp48.hlp 
Execute         source /tools/xilinx/Vitis_HLS/2020.2/common/technology/xilinx/DSP48/zynq_dsp48e1.hlp 
Execute       source /tools/xilinx/Vitis_HLS/2020.2/common/technology/xilinx/common/xilinx.gen 
Execute         source /tools/xilinx/Vitis_HLS/2020.2/common/technology/xilinx/interface/plb46.gen 
Execute         source /tools/xilinx/Vitis_HLS/2020.2/common/technology/xilinx/interface/axi4.gen 
Execute         source /tools/xilinx/Vitis_HLS/2020.2/common/technology/xilinx/interface/nativeAXI4.gen 
Execute           source /tools/xilinx/Vitis_HLS/2020.2/common/technology/xilinx/interface/saxilite.gen 
Execute           source /tools/xilinx/Vitis_HLS/2020.2/common/technology/xilinx/interface/maxi.gen 
Execute         source /tools/xilinx/Vitis_HLS/2020.2/common/technology/xilinx/scripts/xilinxcoregen.gen 
Execute         source /tools/xilinx/Vitis_HLS/2020.2/common/technology/xilinx/interface/XilEDKCoreGen.gen 
Execute         source /tools/xilinx/Vitis_HLS/2020.2/common/technology/xilinx/ip/dds_compiler.gen 
Execute         source /tools/xilinx/Vitis_HLS/2020.2/common/technology/xilinx/ip/util.gen 
Execute         source /tools/xilinx/Vitis_HLS/2020.2/common/technology/xilinx/ip/xfft.gen 
Execute         source /tools/xilinx/Vitis_HLS/2020.2/common/technology/xilinx/ip/xfir.gen 
Execute         source /tools/xilinx/Vitis_HLS/2020.2/common/technology/xilinx/DSP48/dsp48.gen 
Execute     ap_part_info -name xc7z020-clg400-1 -data info 
Execute     config_compile -quiet -complex-mul-dsp=0 
Execute   create_clock -period 6.66 -name default 
INFO: [HLS 200-1510] Running: create_clock -period 6.66 -name default 
Execute   config_export -format ip_catalog -rtl vhdl 
INFO: [HLS 200-1510] Running: config_export -format ip_catalog -rtl vhdl 
Execute   source ./DMA24b_mm2s_prj/solution1/directives.tcl 
Execute     set_directive_top -name DMA24bUnit_mm2s DMA24bUnit_mm2s 
INFO: [HLS 200-1510] Running: set_directive_top -name DMA24bUnit_mm2s DMA24bUnit_mm2s 
INFO-FLOW: Setting directive 'TOP' name=DMA24bUnit_mm2s 
Execute   csynth_design 
INFO: [HLS 200-1510] Running: csynth_design 
Execute     get_config_compile -effort 
Execute     get_config_compile -enable_clang39 
Execute     get_config_compile -g 
Execute     get_config_compile -ng 
Execute     get_config_compile -opt_fp 
Execute     get_config_compile -skip_cdt 
Execute     get_config_compile -skip_syncheck 
Execute     get_config_compile -skip_transform 
Execute     get_config_compile -keep_printf 
Execute     elaborate -effort=medium -skip_syncheck=0 -keep_printf=0 -skip_cdt=0 -skip_transform=0 -ng=0 -g=0 -opt_fp=0 -from_csynth_design=1 
INFO: [HLS 200-111] Finished File checks and directory preparation: CPU user time: 0.01 seconds. CPU system time: 0 seconds. Elapsed time: 0 seconds; current allocated memory: 191.551 MB.
INFO: [HLS 200-10] Analyzing design file '../src/DMA24b_mm2s.cpp' ... 
INFO-FLOW: Compiling one TU...
Execute       get_config_compile -pragma_strict_mode 
INFO-FLOW: Handling ../src/DMA24b_mm2s.cpp as C++
Execute       ap_part_info -name xc7z020-clg400-1 -data info 
INFO-FLOW: Running: GCC PP 39
INFO-FLOW: Source preprocessing
Execute       ap_eval exec -ignorestderr /tools/xilinx/Vitis_HLS/2020.2/lnx64/tools/clang-3.9-csynth/bin/clang ../src/DMA24b_mm2s.cpp -foptimization-record-file=/mnt/isaac_sbay0/lbo-ws/Projects/DVR-008-002/Base_Design_Project/DMA_RGB24b/hls/DMA24b_mm2s_prj/solution1/.autopilot/db/clang.DMA24b_mm2s.cpp.diag.yml -mllvm -pass-remarks-missed=reflow|pasta|unroll -mllvm -pass-remarks=reflow|pasta|unroll|inline -fno-limit-debug-info -gcc-toolchain /tools/xilinx/Vitis_HLS/2020.2/tps/lnx64/gcc-6.2.0 -fhls -fno-exceptions -E -I../src -fno-math-errno -c -emit-llvm -mllvm -disable-llvm-optzns -Werror=implicit-function-declaration -Werror=implicit-hls-streams -Werror=return-type -Wpragmas -Wunused-parameter -fno-threadsafe-statics -fno-use-cxa-atexit -std=gnu++14 -target fpga64-xilinx-linux-gnu -fno-threadsafe-statics -fno-use-cxa-atexit -I /tools/xilinx/Vitis_HLS/2020.2/common/technology/autopilot/39 -D__VITIS_HLS__ -DAESL_SYN -D__SYNTHESIS__ -D__HLS_SYN__ -I /tools/xilinx/Vitis_HLS/2020.2/common/technology/autopilot -I /tools/xilinx/Vitis_HLS/2020.2/common/technology/autopilot/ap_sysc -include etc/autopilot_ssdm_op.h -D__DSP48E1__ -o /mnt/isaac_sbay0/lbo-ws/Projects/DVR-008-002/Base_Design_Project/DMA_RGB24b/hls/DMA24b_mm2s_prj/solution1/.autopilot/db/DMA24b_mm2s.pp.0.cpp > /mnt/isaac_sbay0/lbo-ws/Projects/DVR-008-002/Base_Design_Project/DMA_RGB24b/hls/DMA24b_mm2s_prj/solution1/.autopilot/db/clang.DMA24b_mm2s.cpp.out.log 2> /mnt/isaac_sbay0/lbo-ws/Projects/DVR-008-002/Base_Design_Project/DMA_RGB24b/hls/DMA24b_mm2s_prj/solution1/.autopilot/db/clang.DMA24b_mm2s.cpp.err.log 
INFO-FLOW: Done: GCC PP 39 time: 0 seconds per iteration
Execute       set_directive_top DMA24bUnit_mm2s -name=DMA24bUnit_mm2s 
INFO-FLOW: Setting directive 'TOP' name=DMA24bUnit_mm2s 
INFO-FLOW: Setting directive 'TOP' name=DMA24bUnit_mm2s 
INFO-FLOW: Setting directive 'TOP' name=DMA24bUnit_mm2s 
INFO-FLOW: Setting directive 'TOP' name=DMA24bUnit_mm2s 
Execute       source /tools/xilinx/Vitis_HLS/2020.2/tps/tcl/tcllib1.11.1/yaml/huddle.tcl 
Execute       source /tools/xilinx/Vitis_HLS/2020.2/tps/tcl/tcllib1.11.1/yaml/json2huddle.tcl 
Execute         source /tools/xilinx/Vitis_HLS/2020.2/tps/tcl/tcllib1.11.1/try/try.tcl 
INFO-FLOW: Setting directive 'TOP' name=DMA24bUnit_mm2s 
INFO-FLOW: Setting directive 'TOP' name=DMA24bUnit_mm2s 
Execute       list_core -type functional_unit 
Execute       clang_tidy xilinx-systemc-detector /mnt/isaac_sbay0/lbo-ws/Projects/DVR-008-002/Base_Design_Project/DMA_RGB24b/hls/DMA24b_mm2s_prj/solution1/.autopilot/db/DMA24b_mm2s.pp.0.cpp std=gnu++14 -target fpga  -directive=/mnt/isaac_sbay0/lbo-ws/Projects/DVR-008-002/Base_Design_Project/DMA_RGB24b/hls/DMA24b_mm2s_prj/solution1/.autopilot/db/.systemc_flag 
INFO-FLOW: exec /tools/xilinx/Vitis_HLS/2020.2/lnx64/tools/clang-3.9-csynth/bin/clang-tidy -header-filter=.* --checks=-*,xilinx-systemc-detector -import-directive=/mnt/isaac_sbay0/lbo-ws/Projects/DVR-008-002/Base_Design_Project/DMA_RGB24b/hls/DMA24b_mm2s_prj/solution1/.autopilot/db/.systemc_flag -fix-errors /mnt/isaac_sbay0/lbo-ws/Projects/DVR-008-002/Base_Design_Project/DMA_RGB24b/hls/DMA24b_mm2s_prj/solution1/.autopilot/db/DMA24b_mm2s.pp.0.cpp -- -std=gnu++14 -target fpga -fhls -ferror-limit=0
Command       clang_tidy done; 0.15 sec.
INFO-FLOW: Running: clang-tidy CDT preprocess 39
Execute       clang_tidy xilinx-directive2pragma /mnt/isaac_sbay0/lbo-ws/Projects/DVR-008-002/Base_Design_Project/DMA_RGB24b/hls/DMA24b_mm2s_prj/solution1/.autopilot/db/DMA24b_mm2s.pp.0.cpp std=gnu++14 -target fpga  -directive=/mnt/isaac_sbay0/lbo-ws/Projects/DVR-008-002/Base_Design_Project/DMA_RGB24b/hls/DMA24b_mm2s_prj/solution1/.autopilot/db/all.directive.json 
INFO-FLOW: exec /tools/xilinx/Vitis_HLS/2020.2/lnx64/tools/clang-3.9-csynth/bin/clang-tidy -header-filter=.* --checks=-*,xilinx-directive2pragma -import-directive=/mnt/isaac_sbay0/lbo-ws/Projects/DVR-008-002/Base_Design_Project/DMA_RGB24b/hls/DMA24b_mm2s_prj/solution1/.autopilot/db/all.directive.json -fix-errors /mnt/isaac_sbay0/lbo-ws/Projects/DVR-008-002/Base_Design_Project/DMA_RGB24b/hls/DMA24b_mm2s_prj/solution1/.autopilot/db/DMA24b_mm2s.pp.0.cpp -- -std=gnu++14 -target fpga -fhls -ferror-limit=0
Command       clang_tidy done; 0.23 sec.
Execute       clang_tidy xilinx-constantarray-param,xilinx-remove-assert /mnt/isaac_sbay0/lbo-ws/Projects/DVR-008-002/Base_Design_Project/DMA_RGB24b/hls/DMA24b_mm2s_prj/solution1/.autopilot/db/DMA24b_mm2s.pp.0.cpp std=gnu++14 -target fpga  
INFO-FLOW: exec /tools/xilinx/Vitis_HLS/2020.2/lnx64/tools/clang-3.9-csynth/bin/clang-tidy -header-filter=.* --checks=-*,xilinx-constantarray-param,xilinx-remove-assert -fix-errors /mnt/isaac_sbay0/lbo-ws/Projects/DVR-008-002/Base_Design_Project/DMA_RGB24b/hls/DMA24b_mm2s_prj/solution1/.autopilot/db/DMA24b_mm2s.pp.0.cpp -- -std=gnu++14 -target fpga -fhls -ferror-limit=0
Command       clang_tidy done; 0.18 sec.
INFO-FLOW: Done: clang-tidy CDT preprocess 39 time: 0.4 seconds per iteration
INFO-FLOW: Calling xilinx-label-all-loops ... 
Execute       clang_tidy -errorcheck xilinx-label-all-loops,xilinx-top-parameters,xilinx-array-stream-check,xilinx-warn-mayneed-no-ctor-attribute /mnt/isaac_sbay0/lbo-ws/Projects/DVR-008-002/Base_Design_Project/DMA_RGB24b/hls/DMA24b_mm2s_prj/solution1/.autopilot/db/DMA24b_mm2s.pp.0.cpp std=gnu++14 -target fpga  
Execute         ap_eval exec -ignorestderr /tools/xilinx/Vitis_HLS/2020.2/lnx64/tools/clang-3.9-csynth/bin/clang-tidy -export-fixes=/mnt/isaac_sbay0/lbo-ws/Projects/DVR-008-002/Base_Design_Project/DMA_RGB24b/hls/DMA24b_mm2s_prj/solution1/.autopilot/db/clang-tidy.DMA24b_mm2s.pp.0.cpp.diag.yml -header-filter=.* --checks=-*,xilinx-label-all-loops,xilinx-top-parameters,xilinx-array-stream-check,xilinx-warn-mayneed-no-ctor-attribute -fix-errors /mnt/isaac_sbay0/lbo-ws/Projects/DVR-008-002/Base_Design_Project/DMA_RGB24b/hls/DMA24b_mm2s_prj/solution1/.autopilot/db/DMA24b_mm2s.pp.0.cpp -- -std=gnu++14 -target fpga -fhls -ferror-limit=0 > /mnt/isaac_sbay0/lbo-ws/Projects/DVR-008-002/Base_Design_Project/DMA_RGB24b/hls/DMA24b_mm2s_prj/solution1/.autopilot/db/clang-tidy.DMA24b_mm2s.pp.0.cpp.out.log 2> /mnt/isaac_sbay0/lbo-ws/Projects/DVR-008-002/Base_Design_Project/DMA_RGB24b/hls/DMA24b_mm2s_prj/solution1/.autopilot/db/clang-tidy.DMA24b_mm2s.pp.0.cpp.err.log 
Command         ap_eval done; 0.28 sec.
Execute         source /tools/xilinx/Vitis_HLS/2020.2/tps/tcl/tcllib1.11.1/yaml/yaml.tcl 
Execute           source /tools/xilinx/Vitis_HLS/2020.2/tps/tcl/tcllib1.11.1/cmdline/cmdline.tcl 
Command       clang_tidy done; 0.29 sec.
Execute       get_config_dataflow -strict_mode 
Execute       ap_eval exec -ignorestderr /tools/xilinx/Vitis_HLS/2020.2/lnx64/tools/clang-3.9-csynth/bin/xilinx-dataflow-lawyer -export-fixes=/mnt/isaac_sbay0/lbo-ws/Projects/DVR-008-002/Base_Design_Project/DMA_RGB24b/hls/DMA24b_mm2s_prj/solution1/.autopilot/db/xilinx-dataflow-lawyer.DMA24b_mm2s.pp.0.cpp.diag.yml /mnt/isaac_sbay0/lbo-ws/Projects/DVR-008-002/Base_Design_Project/DMA_RGB24b/hls/DMA24b_mm2s_prj/solution1/.autopilot/db/DMA24b_mm2s.pp.0.cpp -- -std=gnu++14 -target fpga -fhls -ferror-limit=0 -fstrict-dataflow > /mnt/isaac_sbay0/lbo-ws/Projects/DVR-008-002/Base_Design_Project/DMA_RGB24b/hls/DMA24b_mm2s_prj/solution1/.autopilot/db/xilinx-dataflow-lawyer.DMA24b_mm2s.pp.0.cpp.out.log 2> /mnt/isaac_sbay0/lbo-ws/Projects/DVR-008-002/Base_Design_Project/DMA_RGB24b/hls/DMA24b_mm2s_prj/solution1/.autopilot/db/xilinx-dataflow-lawyer.DMA24b_mm2s.pp.0.cpp.err.log 
Command       ap_eval done; 0.14 sec.
WARNING: [HLS 214-113] Either use an argument of the function or declare the variable inside the dataflow loop body: ../src/DMA24b_mm2s.cpp:75:43
WARNING: [HLS 214-113] Either use an argument of the function or declare the variable inside the dataflow loop body: ../src/DMA24b_mm2s.cpp:75:52
WARNING: [HLS 214-113] Either use an argument of the function or declare the variable inside the dataflow loop body: ../src/DMA24b_mm2s.cpp:77:48
WARNING: [HLS 214-113] Either use an argument of the function or declare the variable inside the dataflow loop body: ../src/DMA24b_mm2s.cpp:77:57
Execute       send_msg_by_id WARNING @200-471@%s%s 4 ../src/DMA24b_mm2s.cpp 
WARNING: [HLS 200-471] Dataflow form checks found 4 issue(s) in file ../src/DMA24b_mm2s.cpp
Execute       ap_part_info -name xc7z020-clg400-1 -data info 
INFO-FLOW: compiling source code to llvm bc
Execute       ap_eval exec -ignorestderr /tools/xilinx/Vitis_HLS/2020.2/lnx64/tools/clang-3.9-csynth/bin/clang -foptimization-record-file=/mnt/isaac_sbay0/lbo-ws/Projects/DVR-008-002/Base_Design_Project/DMA_RGB24b/hls/DMA24b_mm2s_prj/solution1/.autopilot/db/clang.DMA24b_mm2s.pp.0.cpp.diag.yml -mllvm -pass-remarks-missed=reflow|pasta|unroll -mllvm -pass-remarks=reflow|pasta|unroll|inline -fno-limit-debug-info -fhls -flto -fno-exceptions -Wno-error=c++11-narrowing /mnt/isaac_sbay0/lbo-ws/Projects/DVR-008-002/Base_Design_Project/DMA_RGB24b/hls/DMA24b_mm2s_prj/solution1/.autopilot/db/DMA24b_mm2s.pp.0.cpp -I../src -fno-math-errno -c -emit-llvm -mllvm -disable-llvm-optzns -Werror=implicit-function-declaration -Werror=implicit-hls-streams -Werror=return-type -Wpragmas -Wunused-parameter -fno-threadsafe-statics -fno-use-cxa-atexit -std=gnu++14 -target fpga64-xilinx-linux-gnu -D__VITIS_HLS__ -DAESL_SYN -D__SYNTHESIS__ -D__HLS_SYN__ -I /tools/xilinx/Vitis_HLS/2020.2/common/technology/autopilot -I /tools/xilinx/Vitis_HLS/2020.2/common/technology/autopilot/ap_sysc -include etc/autopilot_ssdm_op.h -D__DSP48E1__ -g -o /mnt/isaac_sbay0/lbo-ws/Projects/DVR-008-002/Base_Design_Project/DMA_RGB24b/hls/DMA24b_mm2s_prj/solution1/.autopilot/db/DMA24b_mm2s.bc > /mnt/isaac_sbay0/lbo-ws/Projects/DVR-008-002/Base_Design_Project/DMA_RGB24b/hls/DMA24b_mm2s_prj/solution1/.autopilot/db/clang.DMA24b_mm2s.pp.0.cpp.out.log 2> /mnt/isaac_sbay0/lbo-ws/Projects/DVR-008-002/Base_Design_Project/DMA_RGB24b/hls/DMA24b_mm2s_prj/solution1/.autopilot/db/clang.DMA24b_mm2s.pp.0.cpp.err.log 
Command       ap_eval done; 0.24 sec.
INFO: [HLS 200-111] Finished Source Code Analysis and Preprocessing: CPU user time: 1.53 seconds. CPU system time: 0.17 seconds. Elapsed time: 1.28 seconds; current allocated memory: 192.783 MB.
INFO-FLOW: Linking Debug ...
INFO-FLOW: Linking dut bc code.
Execute       run_link_or_opt -out /mnt/isaac_sbay0/lbo-ws/Projects/DVR-008-002/Base_Design_Project/DMA_RGB24b/hls/DMA24b_mm2s_prj/solution1/.autopilot/db/a.g.ld.0.bc -args  "/mnt/isaac_sbay0/lbo-ws/Projects/DVR-008-002/Base_Design_Project/DMA_RGB24b/hls/DMA24b_mm2s_prj/solution1/.autopilot/db/DMA24b_mm2s.g.bc"  
Execute         ap_eval exec -ignorestderr /tools/xilinx/Vitis_HLS/2020.2/lnx64/tools/clang-3.9-csynth/bin/llvm-link /mnt/isaac_sbay0/lbo-ws/Projects/DVR-008-002/Base_Design_Project/DMA_RGB24b/hls/DMA24b_mm2s_prj/solution1/.autopilot/db/DMA24b_mm2s.g.bc -o /mnt/isaac_sbay0/lbo-ws/Projects/DVR-008-002/Base_Design_Project/DMA_RGB24b/hls/DMA24b_mm2s_prj/solution1/.autopilot/db/a.g.ld.0.bc > /mnt/isaac_sbay0/lbo-ws/Projects/DVR-008-002/Base_Design_Project/DMA_RGB24b/hls/DMA24b_mm2s_prj/solution1/.autopilot/db/llvm-link.a.g.ld.0.bc.out.log 2> /mnt/isaac_sbay0/lbo-ws/Projects/DVR-008-002/Base_Design_Project/DMA_RGB24b/hls/DMA24b_mm2s_prj/solution1/.autopilot/db/llvm-link.a.g.ld.0.bc.err.log 
INFO-FLOW: 
Execute       run_link_or_opt -opt -out /mnt/isaac_sbay0/lbo-ws/Projects/DVR-008-002/Base_Design_Project/DMA_RGB24b/hls/DMA24b_mm2s_prj/solution1/.autopilot/db/a.g.ld.1.lower.bc -args /mnt/isaac_sbay0/lbo-ws/Projects/DVR-008-002/Base_Design_Project/DMA_RGB24b/hls/DMA24b_mm2s_prj/solution1/.autopilot/db/a.g.ld.0.bc -reflow-lower-math-intrinsics 
Execute         ap_eval exec -ignorestderr /tools/xilinx/Vitis_HLS/2020.2/lnx64/tools/clang-3.9-csynth/bin/opt -pass-remarks-missed=reflow|pasta|unroll -pass-remarks=reflow|pasta|unroll|inline -pass-remarks-output=/mnt/isaac_sbay0/lbo-ws/Projects/DVR-008-002/Base_Design_Project/DMA_RGB24b/hls/DMA24b_mm2s_prj/solution1/.autopilot/db/opt.a.g.ld.1.lower.bc.diag.yml /mnt/isaac_sbay0/lbo-ws/Projects/DVR-008-002/Base_Design_Project/DMA_RGB24b/hls/DMA24b_mm2s_prj/solution1/.autopilot/db/a.g.ld.0.bc -reflow-lower-math-intrinsics -o /mnt/isaac_sbay0/lbo-ws/Projects/DVR-008-002/Base_Design_Project/DMA_RGB24b/hls/DMA24b_mm2s_prj/solution1/.autopilot/db/a.g.ld.1.lower.bc > /mnt/isaac_sbay0/lbo-ws/Projects/DVR-008-002/Base_Design_Project/DMA_RGB24b/hls/DMA24b_mm2s_prj/solution1/.autopilot/db/opt.a.g.ld.1.lower.bc.out.log 2> /mnt/isaac_sbay0/lbo-ws/Projects/DVR-008-002/Base_Design_Project/DMA_RGB24b/hls/DMA24b_mm2s_prj/solution1/.autopilot/db/opt.a.g.ld.1.lower.bc.err.log 
INFO-FLOW: 
INFO-FLOW: Linking math bc lib
Execute       run_link_or_opt -out /mnt/isaac_sbay0/lbo-ws/Projects/DVR-008-002/Base_Design_Project/DMA_RGB24b/hls/DMA24b_mm2s_prj/solution1/.autopilot/db/a.g.ld.2.m1.bc -args /mnt/isaac_sbay0/lbo-ws/Projects/DVR-008-002/Base_Design_Project/DMA_RGB24b/hls/DMA24b_mm2s_prj/solution1/.autopilot/db/a.g.ld.1.lower.bc -only-needed /tools/xilinx/Vitis_HLS/2020.2/lnx64/lib/libhlsm_39.bc /tools/xilinx/Vitis_HLS/2020.2/lnx64/lib/libhlsmc++_39.bc 
Execute         ap_eval exec -ignorestderr /tools/xilinx/Vitis_HLS/2020.2/lnx64/tools/clang-3.9-csynth/bin/llvm-link /mnt/isaac_sbay0/lbo-ws/Projects/DVR-008-002/Base_Design_Project/DMA_RGB24b/hls/DMA24b_mm2s_prj/solution1/.autopilot/db/a.g.ld.1.lower.bc -only-needed /tools/xilinx/Vitis_HLS/2020.2/lnx64/lib/libhlsm_39.bc /tools/xilinx/Vitis_HLS/2020.2/lnx64/lib/libhlsmc++_39.bc -o /mnt/isaac_sbay0/lbo-ws/Projects/DVR-008-002/Base_Design_Project/DMA_RGB24b/hls/DMA24b_mm2s_prj/solution1/.autopilot/db/a.g.ld.2.m1.bc > /mnt/isaac_sbay0/lbo-ws/Projects/DVR-008-002/Base_Design_Project/DMA_RGB24b/hls/DMA24b_mm2s_prj/solution1/.autopilot/db/llvm-link.a.g.ld.2.m1.bc.out.log 2> /mnt/isaac_sbay0/lbo-ws/Projects/DVR-008-002/Base_Design_Project/DMA_RGB24b/hls/DMA24b_mm2s_prj/solution1/.autopilot/db/llvm-link.a.g.ld.2.m1.bc.err.log 
Command         ap_eval done; 0.98 sec.
INFO-FLOW: 
Command       run_link_or_opt done; 0.98 sec.
Execute       run_link_or_opt -opt -out /mnt/isaac_sbay0/lbo-ws/Projects/DVR-008-002/Base_Design_Project/DMA_RGB24b/hls/DMA24b_mm2s_prj/solution1/.autopilot/db/a.g.ld.3.fpc.bc -args /mnt/isaac_sbay0/lbo-ws/Projects/DVR-008-002/Base_Design_Project/DMA_RGB24b/hls/DMA24b_mm2s_prj/solution1/.autopilot/db/a.g.ld.2.m1.bc -reflow-globaldce -hls-top-function-name=DMA24bUnit_mm2s -reflow-float-conversion 
Execute         ap_eval exec -ignorestderr /tools/xilinx/Vitis_HLS/2020.2/lnx64/tools/clang-3.9-csynth/bin/opt -pass-remarks-missed=reflow|pasta|unroll -pass-remarks=reflow|pasta|unroll|inline -pass-remarks-output=/mnt/isaac_sbay0/lbo-ws/Projects/DVR-008-002/Base_Design_Project/DMA_RGB24b/hls/DMA24b_mm2s_prj/solution1/.autopilot/db/opt.a.g.ld.3.fpc.bc.diag.yml /mnt/isaac_sbay0/lbo-ws/Projects/DVR-008-002/Base_Design_Project/DMA_RGB24b/hls/DMA24b_mm2s_prj/solution1/.autopilot/db/a.g.ld.2.m1.bc -reflow-globaldce -hls-top-function-name=DMA24bUnit_mm2s -reflow-float-conversion -o /mnt/isaac_sbay0/lbo-ws/Projects/DVR-008-002/Base_Design_Project/DMA_RGB24b/hls/DMA24b_mm2s_prj/solution1/.autopilot/db/a.g.ld.3.fpc.bc > /mnt/isaac_sbay0/lbo-ws/Projects/DVR-008-002/Base_Design_Project/DMA_RGB24b/hls/DMA24b_mm2s_prj/solution1/.autopilot/db/opt.a.g.ld.3.fpc.bc.out.log 2> /mnt/isaac_sbay0/lbo-ws/Projects/DVR-008-002/Base_Design_Project/DMA_RGB24b/hls/DMA24b_mm2s_prj/solution1/.autopilot/db/opt.a.g.ld.3.fpc.bc.err.log 
Command         ap_eval done; 0.34 sec.
INFO-FLOW: 
Command       run_link_or_opt done; 0.34 sec.
Execute       run_link_or_opt -out /mnt/isaac_sbay0/lbo-ws/Projects/DVR-008-002/Base_Design_Project/DMA_RGB24b/hls/DMA24b_mm2s_prj/solution1/.autopilot/db/a.g.ld.4.m2.bc -args /mnt/isaac_sbay0/lbo-ws/Projects/DVR-008-002/Base_Design_Project/DMA_RGB24b/hls/DMA24b_mm2s_prj/solution1/.autopilot/db/a.g.ld.3.fpc.bc -only-needed /tools/xilinx/Vitis_HLS/2020.2/lnx64/lib/libfloatconversion_39.bc 
Execute         ap_eval exec -ignorestderr /tools/xilinx/Vitis_HLS/2020.2/lnx64/tools/clang-3.9-csynth/bin/llvm-link /mnt/isaac_sbay0/lbo-ws/Projects/DVR-008-002/Base_Design_Project/DMA_RGB24b/hls/DMA24b_mm2s_prj/solution1/.autopilot/db/a.g.ld.3.fpc.bc -only-needed /tools/xilinx/Vitis_HLS/2020.2/lnx64/lib/libfloatconversion_39.bc -o /mnt/isaac_sbay0/lbo-ws/Projects/DVR-008-002/Base_Design_Project/DMA_RGB24b/hls/DMA24b_mm2s_prj/solution1/.autopilot/db/a.g.ld.4.m2.bc > /mnt/isaac_sbay0/lbo-ws/Projects/DVR-008-002/Base_Design_Project/DMA_RGB24b/hls/DMA24b_mm2s_prj/solution1/.autopilot/db/llvm-link.a.g.ld.4.m2.bc.out.log 2> /mnt/isaac_sbay0/lbo-ws/Projects/DVR-008-002/Base_Design_Project/DMA_RGB24b/hls/DMA24b_mm2s_prj/solution1/.autopilot/db/llvm-link.a.g.ld.4.m2.bc.err.log 
INFO-FLOW: 
Execute       run_link_or_opt -opt -out /mnt/isaac_sbay0/lbo-ws/Projects/DVR-008-002/Base_Design_Project/DMA_RGB24b/hls/DMA24b_mm2s_prj/solution1/.autopilot/db/a.g.ld.5.gdce.bc -args /mnt/isaac_sbay0/lbo-ws/Projects/DVR-008-002/Base_Design_Project/DMA_RGB24b/hls/DMA24b_mm2s_prj/solution1/.autopilot/db/a.g.ld.4.m2.bc -reflow-globaldce -hls-top-function-name=DMA24bUnit_mm2s 
Execute         ap_eval exec -ignorestderr /tools/xilinx/Vitis_HLS/2020.2/lnx64/tools/clang-3.9-csynth/bin/opt -pass-remarks-missed=reflow|pasta|unroll -pass-remarks=reflow|pasta|unroll|inline -pass-remarks-output=/mnt/isaac_sbay0/lbo-ws/Projects/DVR-008-002/Base_Design_Project/DMA_RGB24b/hls/DMA24b_mm2s_prj/solution1/.autopilot/db/opt.a.g.ld.5.gdce.bc.diag.yml /mnt/isaac_sbay0/lbo-ws/Projects/DVR-008-002/Base_Design_Project/DMA_RGB24b/hls/DMA24b_mm2s_prj/solution1/.autopilot/db/a.g.ld.4.m2.bc -reflow-globaldce -hls-top-function-name=DMA24bUnit_mm2s -o /mnt/isaac_sbay0/lbo-ws/Projects/DVR-008-002/Base_Design_Project/DMA_RGB24b/hls/DMA24b_mm2s_prj/solution1/.autopilot/db/a.g.ld.5.gdce.bc > /mnt/isaac_sbay0/lbo-ws/Projects/DVR-008-002/Base_Design_Project/DMA_RGB24b/hls/DMA24b_mm2s_prj/solution1/.autopilot/db/opt.a.g.ld.5.gdce.bc.out.log 2> /mnt/isaac_sbay0/lbo-ws/Projects/DVR-008-002/Base_Design_Project/DMA_RGB24b/hls/DMA24b_mm2s_prj/solution1/.autopilot/db/opt.a.g.ld.5.gdce.bc.err.log 
INFO-FLOW: 
Execute       get_solution -flow_target 
Execute       get_config_export -xo 
Execute       get_config_export -format 
Execute       get_config_rtl -module_prefix 
Execute       get_config_interface -default_slave_interface 
Execute       get_solution -flow_target 
Execute       get_config_export -xo 
Execute       get_config_export -format 
Execute       get_config_interface -m_axi_offset 
Execute       get_config_interface -m_axi_latency 
Execute       get_config_interface -m_axi_alignment_byte_size 
Execute       get_config_interface -m_axi_min_bitwidth 
Execute       get_config_interface -m_axi_max_bitwidth 
Execute       get_config_interface -m_axi_max_widen_bitwidth 
Execute       get_config_interface -m_axi_num_read_outstanding 
Execute       get_config_interface -m_axi_num_write_outstanding 
Execute       get_config_interface -m_axi_max_read_burst_length 
Execute       get_config_interface -m_axi_max_write_burst_length 
Execute       get_config_interface -m_axi_min_bitwidth 
Execute       get_config_interface -m_axi_max_bitwidth 
Execute       get_config_interface -m_axi_latency 
Execute       get_config_interface -m_axi_min_bitwidth 
Execute       get_config_interface -m_axi_max_bitwidth 
Execute       get_config_interface -m_axi_max_widen_bitwidth 
Execute       get_config_interface -m_axi_auto_max_ports 
Execute       get_config_interface -m_axi_num_read_outstanding 
Execute       get_config_interface -m_axi_num_write_outstanding 
Execute       get_config_interface -m_axi_max_read_burst_length 
Execute       get_config_interface -m_axi_max_write_burst_length 
Execute       get_config_interface -s_axilite_data64 
Execute       get_config_interface -m_axi_alignment_byte_size 
Execute       get_config_compile -pragma_strict_mode 
Execute       get_config_compile -pipeline_style 
Execute       send_msg_by_id INFO @200-777@%s Vivado 
INFO: [HLS 200-777] Using interface defaults for 'Vivado' flow target.
Execute       is_m_axi_addr64 
INFO-FLOW: Doing LTO.
Execute       ap_eval exec -ignorestderr /tools/xilinx/Vitis_HLS/2020.2/lnx64/tools/clang-3.9-csynth/bin/clang -foptimization-record-file=/mnt/isaac_sbay0/lbo-ws/Projects/DVR-008-002/Base_Design_Project/DMA_RGB24b/hls/DMA24b_mm2s_prj/solution1/.autopilot/db/clang.a.g.ld.0.bc.diag.yml -mllvm -pass-remarks-missed=reflow|pasta|unroll -mllvm -pass-remarks=reflow|pasta|unroll|inline -fhls -mllvm -hls-top-function-name=DMA24bUnit_mm2s -mllvm -hls-db-dir -mllvm /mnt/isaac_sbay0/lbo-ws/Projects/DVR-008-002/Base_Design_Project/DMA_RGB24b/hls/DMA24b_mm2s_prj/solution1/.autopilot/db -emit-llvm -c -target fpga64-xilinx-none -mllvm -xcl-xmlinfo=/mnt/isaac_sbay0/lbo-ws/Projects/DVR-008-002/Base_Design_Project/DMA_RGB24b/hls/DMA24b_mm2s_prj/solution1/.autopilot/db/kernel.internal.xml -mllvm -top-io-mapping-info=/mnt/isaac_sbay0/lbo-ws/Projects/DVR-008-002/Base_Design_Project/DMA_RGB24b/hls/DMA24b_mm2s_prj/solution1/.autopilot/db/top-io-fe.xml -mllvm -hls-bitcode-version=3.1 -mllvm -reflow-enable-slave-interface-default-setting=true -mllvm -gen-kernel-xml=false -mllvm -default-maxi-offset=off -mllvm -maxi-latency=0 -mllvm -hls-maxi-data-size-in-bits=8 -mllvm -hls-maxi-max-data-size-in-bits=1024 -mllvm -hls-max-widen-size-in-bits=0 -mllvm -xcl-kernel-max-mem-ports=0 -mllvm -maxi-read-trans=16 -mllvm -maxi-write-trans=16 -mllvm -maxi-read-burst-len=16 -mllvm -maxi-write-burst-len=16 -mllvm -reflow-enable-saxi-64bits=0 -mllvm -assume-maxi-align=0 -mllvm -no-unaligned-maxi-accesses -mllvm -reflow-pipeline-style-llvm-setting=0 -mllvm -disable-inlined-alloca-merging=true -x ir /mnt/isaac_sbay0/lbo-ws/Projects/DVR-008-002/Base_Design_Project/DMA_RGB24b/hls/DMA24b_mm2s_prj/solution1/.autopilot/db/a.g.ld.5.gdce.bc -o /mnt/isaac_sbay0/lbo-ws/Projects/DVR-008-002/Base_Design_Project/DMA_RGB24b/hls/DMA24b_mm2s_prj/solution1/.autopilot/db/a.g.lto.bc > /mnt/isaac_sbay0/lbo-ws/Projects/DVR-008-002/Base_Design_Project/DMA_RGB24b/hls/DMA24b_mm2s_prj/solution1/.autopilot/db/clang.a.g.ld.0.bc.out.log 2> /mnt/isaac_sbay0/lbo-ws/Projects/DVR-008-002/Base_Design_Project/DMA_RGB24b/hls/DMA24b_mm2s_prj/solution1/.autopilot/db/clang.a.g.ld.0.bc.err.log 
Command       ap_eval done; 0.24 sec.
INFO: [HLS 214-131] Inlining function 'hls::stream<ap_uint<128>, 0>::stream()' into 'hls::stream<ap_uint<128>, 256>::stream(char const*)' (/tools/xilinx/Vitis_HLS/2020.2/common/technology/autopilot/hls_stream_39.h:199:43)
INFO: [HLS 214-131] Inlining function 'hls::stream<ap_uint<128>, 0>::write(ap_uint<128> const&)' into 'hls::stream<ap_uint<128>, 0>::operator<<(ap_uint<128> const&)' (/tools/xilinx/Vitis_HLS/2020.2/common/technology/autopilot/hls_stream_39.h:129:9)
INFO: [HLS 214-131] Inlining function 'hls::stream<ap_uint<128>, 0>::operator<<(ap_uint<128> const&)' into 'DMA24b_mm2s_fetch(ap_uint<128> volatile*, hls::stream<ap_uint<128>, 256>&, int, int)' (../src/DMA24b_mm2s.cpp:19:10)
INFO: [HLS 214-131] Inlining function 'hls::stream<ap_uint<128>, 0>::read(ap_uint<128>&)' into 'hls::stream<ap_uint<128>, 0>::read()' (/tools/xilinx/Vitis_HLS/2020.2/common/technology/autopilot/hls_stream_39.h:156:9)
INFO: [HLS 214-131] Inlining function 'hls::axis<ap_uint<24>, 1ul, 0ul, 0ul>::get_user_ptr()' into 'hls::stream<hls::axis<ap_uint<24>, 1ul, 0ul, 0ul>, 0>::write(hls::axis<ap_uint<24>, 1ul, 0ul, 0ul> const&)' (/tools/xilinx/Vitis_HLS/2020.2/common/technology/autopilot/ap_axi_sdata.h:304:51)
INFO: [HLS 214-131] Inlining function 'hls::axis<ap_uint<24>, 1ul, 0ul, 0ul>::get_dest_ptr()' into 'hls::stream<hls::axis<ap_uint<24>, 1ul, 0ul, 0ul>, 0>::write(hls::axis<ap_uint<24>, 1ul, 0ul, 0ul> const&)' (/tools/xilinx/Vitis_HLS/2020.2/common/technology/autopilot/ap_axi_sdata.h:307:26)
INFO: [HLS 214-131] Inlining function 'hls::axis<ap_uint<24>, 1ul, 0ul, 0ul>::get_id_ptr()' into 'hls::stream<hls::axis<ap_uint<24>, 1ul, 0ul, 0ul>, 0>::write(hls::axis<ap_uint<24>, 1ul, 0ul, 0ul> const&)' (/tools/xilinx/Vitis_HLS/2020.2/common/technology/autopilot/ap_axi_sdata.h:306:68)
INFO: [HLS 214-131] Inlining function 'hls::axis<ap_uint<24>, 1ul, 0ul, 0ul>::get_user_ptr()' into 'hls::stream<hls::axis<ap_uint<24>, 1ul, 0ul, 0ul>, 0>::write(hls::axis<ap_uint<24>, 1ul, 0ul, 0ul> const&)' (/tools/xilinx/Vitis_HLS/2020.2/common/technology/autopilot/ap_axi_sdata.h:306:37)
INFO: [HLS 214-131] Inlining function 'hls::axis<ap_uint<24>, 1ul, 0ul, 0ul>::get_dest_ptr()' into 'hls::stream<hls::axis<ap_uint<24>, 1ul, 0ul, 0ul>, 0>::write(hls::axis<ap_uint<24>, 1ul, 0ul, 0ul> const&)' (/tools/xilinx/Vitis_HLS/2020.2/common/technology/autopilot/ap_axi_sdata.h:305:40)
INFO: [HLS 214-131] Inlining function 'hls::axis<ap_uint<24>, 1ul, 0ul, 0ul>::get_id_ptr()' into 'hls::stream<hls::axis<ap_uint<24>, 1ul, 0ul, 0ul>, 0>::write(hls::axis<ap_uint<24>, 1ul, 0ul, 0ul> const&)' (/tools/xilinx/Vitis_HLS/2020.2/common/technology/autopilot/ap_axi_sdata.h:305:24)
INFO: [HLS 214-131] Inlining function 'hls::stream<hls::axis<ap_uint<24>, 1ul, 0ul, 0ul>, 0>::write(hls::axis<ap_uint<24>, 1ul, 0ul, 0ul> const&)' into 'hls::stream<hls::axis<ap_uint<24>, 1ul, 0ul, 0ul>, 0>::operator<<(hls::axis<ap_uint<24>, 1ul, 0ul, 0ul> const&)' (/tools/xilinx/Vitis_HLS/2020.2/common/technology/autopilot/ap_axi_sdata.h:262:86)
INFO: [HLS 214-131] Inlining function 'hls::stream<ap_uint<128>, 0>::read()' into 'DMA24b_mm2s_streamout(hls::stream<hls::axis<ap_uint<24>, 1ul, 0ul, 0ul>, 0>&, hls::stream<ap_uint<128>, 256>&, int, int)' (../src/DMA24b_mm2s.cpp:43:39)
INFO: [HLS 214-131] Inlining function 'hls::stream<hls::axis<ap_uint<24>, 1ul, 0ul, 0ul>, 0>::operator<<(hls::axis<ap_uint<24>, 1ul, 0ul, 0ul> const&)' into 'DMA24b_mm2s_streamout(hls::stream<hls::axis<ap_uint<24>, 1ul, 0ul, 0ul>, 0>&, hls::stream<ap_uint<128>, 256>&, int, int)' (../src/DMA24b_mm2s.cpp:52:19)
INFO: [HLS 214-131] Inlining function 'DMA24b_mm2s_get_pixel(ap_uint<384> const&, int)' into 'DMA24b_mm2s_streamout(hls::stream<hls::axis<ap_uint<24>, 1ul, 0ul, 0ul>, 0>&, hls::stream<ap_uint<128>, 256>&, int, int)' (../src/DMA24b_mm2s.cpp:47:23)
INFO: [HLS 214-131] Inlining function 'hls::stream<ap_uint<128>, 256>::stream(char const*)' into 'DMA24b_mm2s(hls::stream<hls::axis<ap_uint<24>, 1ul, 0ul, 0ul>, 0>&, ap_uint<12>, ap_uint<12>, ap_uint<128> volatile*)' (../src/DMA24b_mm2s.cpp:73:12)
INFO: [HLS 214-186] Unrolling loop 'read_loop' (../src/DMA24b_mm2s.cpp:41:13) in function 'DMA24b_mm2s_streamout' completely with a factor of 3 (../src/DMA24b_mm2s.cpp:41:13)
INFO: [HLS 214-186] Unrolling loop 'px_loop' (../src/DMA24b_mm2s.cpp:45:13) in function 'DMA24b_mm2s_streamout' completely with a factor of 16 (../src/DMA24b_mm2s.cpp:45:13)
WARNING: [HLS 214-205] The INTERFACE pragma must have a max_widen_bitwidth setting that is both a power of 2 and in the range [0, 1024]. The current value of '0' will be ignored, in 'DMA24bUnit_mm2s(hls::stream<hls::axis<ap_uint<24>, 1ul, 0ul, 0ul>, 0>&, ap_uint<12>, ap_uint<12>, ap_uint<128> volatile*)' (../src/DMA24b_mm2s.cpp:58:0)
INFO: [HLS 214-115] Multiple burst reads of variable length and bit width 128 in loop 'beat_loop'(../src/DMA24b_mm2s.cpp:16:15) has been inferred on port 'gmem' (../src/DMA24b_mm2s.cpp:15:15)
INFO: [HLS 214-131] Inlining function '_llvm.fpga.pack.none.i128.s_struct.ap_uints' into 'DMA24b_mm2s_fetch(ap_uint<128> volatile*, hls::stream<ap_uint<128>, 256>&, int, int) (.1)' (/tools/xilinx/Vitis_HLS/2020.2/common/technology/autopilot/hls_stream_39.h:174:9)
INFO-FLOW: DBG:CMD: copy_raw_kernel_xml ap_link_39: kernel.xml not generated: /mnt/isaac_sbay0/lbo-ws/Projects/DVR-008-002/Base_Design_Project/DMA_RGB24b/hls/DMA24b_mm2s_prj/solution1/.autopilot/db/kernel.internal.xml
INFO: [HLS 200-111] Finished Compiling Optimization and Transform: CPU user time: 1.82 seconds. CPU system time: 0.15 seconds. Elapsed time: 1.99 seconds; current allocated memory: 195.980 MB.
INFO: [HLS 200-111] Finished Checking Pragmas: CPU user time: 0 seconds. CPU system time: 0 seconds. Elapsed time: 0 seconds; current allocated memory: 195.981 MB.
Execute       opt_and_import_c a -opt_level=2 -skip_syncheck=0 -ng=0 -keep_printf=0 
Execute         cleanup_all_models 
INFO: [HLS 200-10] Starting code transformations ...
INFO-FLOW: Running Standard Transforms...
Execute         transform -hls -share-std-xform -demangle-name -inline-byval-memcpy -always-inline -promote-dbg-pointer -interface-preproc -mem2reg -scalarrepl -mem2reg -keep-read-access -instcombine -dce -promote-dbg-pointer -bitop-raise -loop-simplify -indvarspre -indvars -loop-simplify -xunroll -constprop -instcombine -simplifycfg -indvars -simplifycfg -dce -globaldce -basicaa -simplifycfg -mem2reg -globalopt -global-constprop -deadargelim -instcombine -simplifycfg -scalarrepl -instcombine -reassociate -licm -simplifycfg -loop-simplify -indvars -instcombine -simplifycfg -mem2reg -loop-simplify -indvars -instcombine -gvn -gvn -instcombine -adce -break-crit-edges -simplifycfg -loop-delete -global-array-opt -dce -dse -adce -find-syn-modules -top DMA24bUnit_mm2s -deadargelim -mem2reg -instcombine -dce -presyn-prepare -auto-rom-infer -interface-preproc -syn-check -check-rec-only -find-region -simplifycfg -func-extr -function-inline -globaldce -mem2reg -instcombine -dce -gvn -globaldce -adce -adse -constprop -instcombine -bit-constprop -instcombine -dce -simplifycfg -bitop-raise -simplifycfg -dce -loop-delete -reassociate -globalopt -global-privatize -mem2reg -dce -global-constprop -pointer-simplify -constprop -dce -func-inst -deadargelim -auto-shift-reg-idiom -promote-dbg-pointer -norm-name /mnt/isaac_sbay0/lbo-ws/Projects/DVR-008-002/Base_Design_Project/DMA_RGB24b/hls/DMA24b_mm2s_prj/solution1/.autopilot/db/a.g.0.bc -o /mnt/isaac_sbay0/lbo-ws/Projects/DVR-008-002/Base_Design_Project/DMA_RGB24b/hls/DMA24b_mm2s_prj/solution1/.autopilot/db/a.g.1.bc -f -phase std-opt 
INFO: [HLS 200-111] Finished Standard Transforms: CPU user time: 0.07 seconds. CPU system time: 0 seconds. Elapsed time: 0.07 seconds; current allocated memory: 209.412 MB.
INFO: [HLS 200-10] Checking synthesizability ...
INFO-FLOW: Checking Synthesizability 1/2..
Execute         transform -hls -syn-check -check-rec-only -disaggr -scalarrepl -norm-name -dce -mem2reg -instcombine -function-uniquify -directive-preproc -mem2reg -dse -dce -auto-rom-infer -dce -pag -array-normalize -instcombine -dce -array-seg-normalize -instcombine -dce -data-pack -instcombine -dce -inst-simplify -array-flatten -instcombine -dce -array-burst -dce -deadargelim -promote-global-argument -simplifycfg -mem2reg -globaldce -dce -deadargelim -dce -instcombine -function-inline -globaldce -dce -doublePtrSimplify -doublePtrElim -dce -doublePtrSimplify -promote-dbg-pointer -dce -scalarrepl -dse -adse -instcombine -ptrLegalization -simplifycfg -dce -instcombine -pointer-simplify -ptrArgReplace -dce -instcombine -resolve-double-ptr -disaggr -scalarrepl -norm-name -dce -mem2reg -instcombine -ptrLegalization -simplifycfg -deadargelim -instcombine -dce -inst-simplify -function-uniquify -directive-preproc -mem2reg -dse -dce -globaldce -check-dspbuiltin /mnt/isaac_sbay0/lbo-ws/Projects/DVR-008-002/Base_Design_Project/DMA_RGB24b/hls/DMA24b_mm2s_prj/solution1/.autopilot/db/a.g.1.bc -o /mnt/isaac_sbay0/lbo-ws/Projects/DVR-008-002/Base_Design_Project/DMA_RGB24b/hls/DMA24b_mm2s_prj/solution1/.autopilot/db/a.g.2.prechk.bc -f 
Command         transform done; 0.13 sec.
INFO-FLOW: Checking Synthesizability 2/2..
Execute         transform -syn-check /mnt/isaac_sbay0/lbo-ws/Projects/DVR-008-002/Base_Design_Project/DMA_RGB24b/hls/DMA24b_mm2s_prj/solution1/.autopilot/db/a.g.2.prechk.bc -o /mnt/isaac_sbay0/lbo-ws/Projects/DVR-008-002/Base_Design_Project/DMA_RGB24b/hls/DMA24b_mm2s_prj/solution1/.autopilot/db/a.g.2.bc -f -phase syn-check 
INFO: [HLS 200-111] Finished Checking Synthesizability: CPU user time: 0.15 seconds. CPU system time: 0.01 seconds. Elapsed time: 0.17 seconds; current allocated memory: 228.654 MB.
INFO-FLOW: Compiler optimizing ...
INFO-FLOW: Share syncheck's 1.bc for syn flow: copy /mnt/isaac_sbay0/lbo-ws/Projects/DVR-008-002/Base_Design_Project/DMA_RGB24b/hls/DMA24b_mm2s_prj/solution1/.autopilot/db/a.g.1.bc to /mnt/isaac_sbay0/lbo-ws/Projects/DVR-008-002/Base_Design_Project/DMA_RGB24b/hls/DMA24b_mm2s_prj/solution1/.autopilot/db/a.o.1.bc
INFO-FLOW: Presyn 1...
Execute         transform -hls -tmp /mnt/isaac_sbay0/lbo-ws/Projects/DVR-008-002/Base_Design_Project/DMA_RGB24b/hls/DMA24b_mm2s_prj/solution1/.autopilot/db -interface-port-rename -function-uniquify -directive-preproc -mem2reg -dse -dce -disaggr -scalarrepl -norm-name -deadargelim -mem2reg -instcombine -dce -simplifycfg -auto-rom-infer -dce -function-uniquify -resource-proc -clib-intrinsic-prepare -dce -func-buffer -dce -pag -array-normalize -func-legal -instcombine -gvn -constprop -dce -simplifycfg -mem2reg -globaldce -resolve-double-ptr -dce -deadargelim -dce -instcombine -ptrArgReplace -mem2reg -dce -array-seg-normalize -deadargelim -instcombine -dce -function-uniquify -directive-preproc -mem2reg -dse -dce -pointer-simplify -dce -port-alignment -dce -interface-preproc -data-pack -instcombine -dce -basicaa -aggr-aa -aggrmodref-aa -aggr-aa -gvn -gvn -basicaa -aggr-aa -aggrmodref-aa -aggr-aa -dse -adse -adce -loop-simplify -indvars -instcombine -gvn -loop-simplify -mem2reg -dce -find-region -instcombine -auto-loop-pipeline -inst-simplify -interface-preproc -cfgopt -instcombine -indvars -auto-loop-unroll -loop-simplify -loop-bound -xunroll -constprop -instcombine -simplifycfg -indvars -simplifycfg -dce -globaldce -clean-region -attach-range -gvn -inst-simplify -constprop -simplifycfg -dce -pointer-simplify -dce -globalopt -constprop -dce -array-promote -constprop -dce -ptrArgReplace -mem2reg -simplifycfg -dce -instcombine -dce -array-transform-check -array-reshape -instcombine -simplifycfg -dce -ptrArgReplace -deadargelim -mem2reg -instcombine -simplifycfg -dce -indvars -loop-simplify -loop-bound -xunroll -constprop -instcombine -simplifycfg -indvars -simplifycfg -dce -globaldce -basicaa -aggr-aa -aggrmodref-aa -aggr-aa -dse -duplicate-dataflow-processes -globaldce -instcombine -array-partition -instcombine -simplifycfg -dce -ptrArgReplace -global-constprop -deadargelim -mem2reg -func-legal -dce -global-constprop -deadargelim -mem2reg -simplifycfg -dce -merge-param -deadargelim -globalopt -constprop -dce -array-promote -constprop -dce -ptrArgReplace -mem2reg -simplifycfg -dce -mem-intrinsic-preproc -dce -global-internalize -global-privatize -mem2reg -globaldce -promote-global-argument -ptrArgReplace -mem2reg -dce -globalopt -mergereturn -simplify-global-access -mem2reg -dce -pointer-simplify -dce -functionattrs -basicaa -aggr-aa -aggrmodref-aa -aggr-aa -gvn -gvn -basicaa -aggr-aa -aggrmodref-aa -aggr-aa -dse -adse -adce -dce -norm-name -basicaa -aggr-aa -aggrmodref-aa -aggr-aa -accesses-merge -function-inline -complex-op-raise -inst-simplify -globaldce -func-inst -constprop -instcombine -simplifycfg -dce -func-legal -dce -loop-bound -arraycheck -bitwidthmin2 -bitwidthmin2 -on-by-dataflow -loop-delete -instcombine -simplifycfg -globaldce -dce -gvn -deadargelim -dce -loop-simplify -clean-region -simplifycfg -propagate-stable-arguments -loop-stream -instcombine -simplifycfg -dce -globaldce -duplicate-dataflow-processes -stream-intrinsic-preproc -dce -check-ap-stream -loop-simplify -eliminate-keepreads -extract-dataflow-in-loop -loop-simplify -dce -gvn -deadargelim -dse -check-dataflow-syntax -legalize-stream-variable -legalize-global -extract-subproc -dce -dead-channel-elimination -canonicalize-gep -globaldce -dce -gvn -hls-dead-arg-elim -deadargelim -directive-preproc -annotate-dataflow-channels -scalar-propagation -deadargelim -globaldce -mem2reg -check-dataflow-channels -function-stream -dce -globaldce -prop-fifo-spec -internal-stream-gen -canonicalize-gep -globaldce -dce -gvn -deadargelim -mergereturn -indvars -loop-simplify -instcombine -array-stream -array-seg-normalize -array-partition -func-legal -instcombine -simplifycfg -dce -bundle-memfifo-ops -deadargelim -function-uniquify -directive-preproc -mem2reg -dse -dce -group-axi-access -licm -simplifycfg -dce -loop-delete -norm-name /mnt/isaac_sbay0/lbo-ws/Projects/DVR-008-002/Base_Design_Project/DMA_RGB24b/hls/DMA24b_mm2s_prj/solution1/.autopilot/db/a.o.1.bc -o /mnt/isaac_sbay0/lbo-ws/Projects/DVR-008-002/Base_Design_Project/DMA_RGB24b/hls/DMA24b_mm2s_prj/solution1/.autopilot/db/a.o.1.tmp.bc -f 
INFO: [XFORM 203-712] Applying dataflow to function 'DMA24b_mm2s' (../src/DMA24b_mm2s.cpp:68:1), detected/extracted 2 process function(s): 
	 'DMA24b_mm2s_fetch'
	 'DMA24b_mm2s_streamout'.
Command         transform done; 0.35 sec.
INFO-FLOW: Presyn 2...
Execute         transform -hls -keep-callgraph -scalarrepl -mem2reg -port-alignment -attach-range -dce -pipe-mux-gen -indvars -loop-bound -inst-simplify -instcombine -dce -merge-array-access -mem2reg -dce -clean-region -mergereturn -if-conv -instcombine -dce -constprop -basicaa -aggr-aa -aggrmodref-aa -aggr-aa -gvn -gvn -basicaa -aggr-aa -aggrmodref-aa -aggr-aa -dse -adse -adce -scalarrepl -mem2reg -global-constprop -deadargelim -deadargelim -instcombine -dce -simplifycfg -ptrArgReplace -mem2reg -function-inline -globaldce -mem2reg -instcombine -dce -expr-balance -instcombine -dce -bitwidthmin2 -bitwidthmin2 -interface-preproc -directive-preproc -inst-rectify -instcombine -dce -functionattrs -constprop -instcombine -bit-constprop -simplify-global-access -globalopt -globaldce -inst-simplify -instcombine -elimdeaddata -dce -loop-delete -simplifycfg -loop-simplify -auto-burst -barrier -norm-name /mnt/isaac_sbay0/lbo-ws/Projects/DVR-008-002/Base_Design_Project/DMA_RGB24b/hls/DMA24b_mm2s_prj/solution1/.autopilot/db/a.o.1.tmp.bc -o /mnt/isaac_sbay0/lbo-ws/Projects/DVR-008-002/Base_Design_Project/DMA_RGB24b/hls/DMA24b_mm2s_prj/solution1/.autopilot/db/a.o.2.bc -f -phase presyn 
Command         transform done; 0.2 sec.
INFO: [HLS 200-111] Finished Loop, function and other optimizations: CPU user time: 0.54 seconds. CPU system time: 0 seconds. Elapsed time: 0.55 seconds; current allocated memory: 271.013 MB.
Execute         get_config_compile -enable_loop_extract 
Execute         get_config_compile -disable_auto_rewind 
Execute         get_config_compile -enable_auto_rewind 
INFO-FLOW: Building ssdm...
Execute         transform -hls -function-uniquify -auto-function-inline -globaldce -ptrArgReplace -mem2reg -dce -reset-lda -loop-simplify -indvars -aggr-aa -licm -loop-dep -loop-bound -licm -loop-simplify -flattenloopnest -array-flatten -gvn -instcombine -dce -array-map -dce -func-legal -gvn -adce -instcombine -cfgopt -simplifycfg -loop-simplify -array-burst -promote-global-argument -dce -array-seg-normalize -basicaa -aggrmodref-aa -globalsmodref-aa -aggr-aa -gvn -gvn -basicaa -aggrmodref-aa -globalsmodref-aa -aggr-aa -dse -adse -adce -licm -inst-simplify -dce -globaldce -instcombine -array-stream -eliminate-keepreads -instcombine -dce -deadargelim -doublePtrSimplify -doublePtrElim -dce -doublePtrSimplify -promote-dbg-pointer -dce -scalarrepl -mem2reg -disaggr -norm-name -mem2reg -instcombine -dse -adse -adce -ptrLegalization -dce -auto-rom-infer -array-flatten -dce -instcombine -check-doubleptr -loop-rot -constprop -cfgopt -simplifycfg -loop-simplify -indvars -pointer-simplify -dce -loop-bound -loop-simplify -loop-preproc -constprop -global-constprop -gvn -mem2reg -instcombine -dce -loop-bound -loop-merge -dce -bitwidthmin2 -bitwidthmin2 -deadargelim -dce -canonicalize-dataflow -dce -scalar-propagation -deadargelim -globaldce -mem2reg -read-loop-dep -interface-preproc -directive-preproc -interface-gen -bram-byte-enable -deadargelim -inst-simplify -dce -gvn -mem2reg -instcombine -dce -adse -loop-bound -instcombine -cfgopt -simplifycfg -loop-simplify -clean-region -io-protocol -find-region -mem2reg -bitop-raise -complex-op-raise -inst-simplify -inst-rectify -instcombine -adce -deadargelim -loop-simplify -phi-opt -bitop-raise -cfgopt -simplifycfg -strip-dead-prototypes -interface-lower -bitop-lower -intrinsic-lower -auto-function-inline -basicaa -aggrmodref-aa -globalsmodref-aa -aggr-aa -inst-simplify -simplifycfg -loop-simplify -mergereturn -inst-simplify -inst-rectify -dce -load-elim -bitop-lower -float-op-raise -loop-rewind -pointer-simplify -dce -cfgopt -dce -loop-bound -loop-dep -read-loop-dep -dce -dyn-mem-reuse -dce -check-stream -norm-name -legalize -validate-dataflow -inst-clarity -bitwidth -dump-loop-dep-to-ir -check-all-ssdm -cdfg-build /mnt/isaac_sbay0/lbo-ws/Projects/DVR-008-002/Base_Design_Project/DMA_RGB24b/hls/DMA24b_mm2s_prj/solution1/.autopilot/db/a.o.2.bc -o /mnt/isaac_sbay0/lbo-ws/Projects/DVR-008-002/Base_Design_Project/DMA_RGB24b/hls/DMA24b_mm2s_prj/solution1/.autopilot/db/a.o.3.bc -f -phase build-ssdm 
INFO: [XFORM 203-541] Flattening a loop nest 'line_loop' (../src/DMA24b_mm2s.cpp:36:13) in function 'DMA24b_mm2s_streamout'.
INFO: [XFORM 203-541] Flattening a loop nest 'burst_loop' (../src/DMA24b_mm2s.cpp:15:24) in function 'DMA24b_mm2s_fetch'.
WARNING: [HLS 200-960] Cannot flatten loop 'line_loop' (../src/DMA24b_mm2s.cpp:14:22) in function 'DMA24b_mm2s_fetch' the outer loop is not a perfect loop because there is nontrivial logic before entering the inner loop.
Command         transform done; 0.31 sec.
INFO: [HLS 200-111] Finished Architecture Synthesis: CPU user time: 0.31 seconds. CPU system time: 0.01 seconds. Elapsed time: 0.31 seconds; current allocated memory: 302.914 MB.
INFO-FLOW: Finish building internal data model.
Command       opt_and_import_c done; 1.1 sec.
Command     elaborate done; 4.37 sec.
Execute     autosyn -from_csynth_design=1 
INFO: [HLS 200-10] Starting hardware synthesis ...
INFO-FLOW: Synthesizing C/C++ design ...
INFO: [HLS 200-10] Synthesizing 'DMA24bUnit_mm2s' ...
Execute       ap_set_top_model DMA24bUnit_mm2s 
Execute       get_model_list DMA24bUnit_mm2s -filter all-wo-channel -topdown 
Execute       preproc_iomode -model DMA24bUnit_mm2s 
Execute       preproc_iomode -model DMA24b_mm2s 
Execute       preproc_iomode -model DMA24b_mm2s_streamout 
Execute       preproc_iomode -model DMA24b_mm2s_fetch 
Execute       get_model_list DMA24bUnit_mm2s -filter all-wo-channel 
INFO-FLOW: Model list for configure: DMA24b_mm2s_fetch DMA24b_mm2s_streamout DMA24b_mm2s DMA24bUnit_mm2s
INFO-FLOW: Configuring Module : DMA24b_mm2s_fetch ...
Execute       set_default_model DMA24b_mm2s_fetch 
Execute       apply_spec_resource_limit DMA24b_mm2s_fetch 
INFO-FLOW: Configuring Module : DMA24b_mm2s_streamout ...
Execute       set_default_model DMA24b_mm2s_streamout 
Execute       apply_spec_resource_limit DMA24b_mm2s_streamout 
INFO-FLOW: Configuring Module : DMA24b_mm2s ...
Execute       set_default_model DMA24b_mm2s 
Execute       apply_spec_resource_limit DMA24b_mm2s 
INFO-FLOW: Configuring Module : DMA24bUnit_mm2s ...
Execute       set_default_model DMA24bUnit_mm2s 
Execute       apply_spec_resource_limit DMA24bUnit_mm2s 
INFO-FLOW: Model list for preprocess: DMA24b_mm2s_fetch DMA24b_mm2s_streamout DMA24b_mm2s DMA24bUnit_mm2s
INFO-FLOW: Preprocessing Module: DMA24b_mm2s_fetch ...
Execute       set_default_model DMA24b_mm2s_fetch 
Execute       cdfg_preprocess -model DMA24b_mm2s_fetch 
Execute       rtl_gen_preprocess DMA24b_mm2s_fetch 
INFO-FLOW: Preprocessing Module: DMA24b_mm2s_streamout ...
Execute       set_default_model DMA24b_mm2s_streamout 
Execute       cdfg_preprocess -model DMA24b_mm2s_streamout 
Execute       rtl_gen_preprocess DMA24b_mm2s_streamout 
INFO-FLOW: Preprocessing Module: DMA24b_mm2s ...
Execute       set_default_model DMA24b_mm2s 
Execute       cdfg_preprocess -model DMA24b_mm2s 
Execute       rtl_gen_preprocess DMA24b_mm2s 
INFO-FLOW: Preprocessing Module: DMA24bUnit_mm2s ...
Execute       set_default_model DMA24bUnit_mm2s 
Execute       cdfg_preprocess -model DMA24bUnit_mm2s 
Execute       rtl_gen_preprocess DMA24bUnit_mm2s 
INFO-FLOW: Model list for synthesis: DMA24b_mm2s_fetch DMA24b_mm2s_streamout DMA24b_mm2s DMA24bUnit_mm2s
INFO: [HLS 200-10] ----------------------------------------------------------------
INFO: [HLS 200-42] -- Implementing module 'DMA24b_mm2s_fetch' 
INFO: [HLS 200-10] ----------------------------------------------------------------
Execute       set_default_model DMA24b_mm2s_fetch 
Execute       schedule -model DMA24b_mm2s_fetch 
INFO: [SCHED 204-11] Starting scheduling ...
INFO: [HLS 200-486] Changing DSP48 latency (root=mul_ln13) to 3 in order to utilize available DSP registers.
INFO: [SCHED 204-61] Pipelining loop 'burst_loop_beat_loop'.
INFO: [HLS 200-1470] Pipelining result : Target II = 1, Final II = 1, Depth = 3, loop 'burst_loop_beat_loop'
INFO: [SCHED 204-11] Finished scheduling.
INFO: [HLS 200-111] Finished Scheduling: CPU user time: 0.02 seconds. CPU system time: 0 seconds. Elapsed time: 0.03 seconds; current allocated memory: 303.296 MB.
Execute       syn_report -verbosereport -o /mnt/isaac_sbay0/lbo-ws/Projects/DVR-008-002/Base_Design_Project/DMA_RGB24b/hls/DMA24b_mm2s_prj/solution1/.autopilot/db/DMA24b_mm2s_fetch.verbose.sched.rpt 
Execute         AP::get_flow_target_display_name
Execute           get_solution -flow_target 
Execute       db_write -o /mnt/isaac_sbay0/lbo-ws/Projects/DVR-008-002/Base_Design_Project/DMA_RGB24b/hls/DMA24b_mm2s_prj/solution1/.autopilot/db/DMA24b_mm2s_fetch.sched.adb -f 
INFO-FLOW: Finish scheduling DMA24b_mm2s_fetch.
Execute       set_default_model DMA24b_mm2s_fetch 
Execute       bind -model DMA24b_mm2s_fetch 
INFO: [BIND 205-100] Starting micro-architecture generation ...
INFO: [BIND 205-101] Performing variable lifetime analysis.
INFO: [BIND 205-101] Exploring resource sharing.
INFO: [BIND 205-101] Binding ...
INFO: [BIND 205-100] Finished micro-architecture generation.
INFO: [HLS 200-111] Finished Binding: CPU user time: 0.04 seconds. CPU system time: 0 seconds. Elapsed time: 0.04 seconds; current allocated memory: 303.720 MB.
Execute       syn_report -verbosereport -o /mnt/isaac_sbay0/lbo-ws/Projects/DVR-008-002/Base_Design_Project/DMA_RGB24b/hls/DMA24b_mm2s_prj/solution1/.autopilot/db/DMA24b_mm2s_fetch.verbose.bind.rpt 
Execute         AP::get_flow_target_display_name
Execute           get_solution -flow_target 
Execute       db_write -o /mnt/isaac_sbay0/lbo-ws/Projects/DVR-008-002/Base_Design_Project/DMA_RGB24b/hls/DMA24b_mm2s_prj/solution1/.autopilot/db/DMA24b_mm2s_fetch.bind.adb -f 
INFO-FLOW: Finish binding DMA24b_mm2s_fetch.
INFO: [HLS 200-10] ----------------------------------------------------------------
INFO: [HLS 200-42] -- Implementing module 'DMA24b_mm2s_streamout' 
INFO: [HLS 200-10] ----------------------------------------------------------------
Execute       set_default_model DMA24b_mm2s_streamout 
Execute       schedule -model DMA24b_mm2s_streamout 
INFO: [SCHED 204-11] Starting scheduling ...
INFO: [HLS 200-486] Changing DSP48 latency (root=bound) to 3 in order to utilize available DSP registers.
INFO: [SCHED 204-61] Pipelining loop 'line_loop_group_loop'.
INFO: [HLS 200-1470] Pipelining result : Target II = 16, Final II = 16, Depth = 17, loop 'line_loop_group_loop'
INFO: [SCHED 204-11] Finished scheduling.
INFO: [HLS 200-111] Finished Scheduling: CPU user time: 0.06 seconds. CPU system time: 0.01 seconds. Elapsed time: 0.06 seconds; current allocated memory: 304.148 MB.
Execute       syn_report -verbosereport -o /mnt/isaac_sbay0/lbo-ws/Projects/DVR-008-002/Base_Design_Project/DMA_RGB24b/hls/DMA24b_mm2s_prj/solution1/.autopilot/db/DMA24b_mm2s_streamout.verbose.sched.rpt 
Execute         AP::get_flow_target_display_name
Execute           get_solution -flow_target 
Execute       db_write -o /mnt/isaac_sbay0/lbo-ws/Projects/DVR-008-002/Base_Design_Project/DMA_RGB24b/hls/DMA24b_mm2s_prj/solution1/.autopilot/db/DMA24b_mm2s_streamout.sched.adb -f 
INFO-FLOW: Finish scheduling DMA24b_mm2s_streamout.
Execute       set_default_model DMA24b_mm2s_streamout 
Execute       bind -model DMA24b_mm2s_streamout 
INFO: [BIND 205-100] Starting micro-architecture generation ...
INFO: [BIND 205-101] Performing variable lifetime analysis.
INFO: [BIND 205-101] Exploring resource sharing.
INFO: [BIND 205-101] Binding ...
INFO: [BIND 205-100] Finished micro-architecture generation.
INFO: [HLS 200-111] Finished Binding: CPU user time: 0.03 seconds. CPU system time: 0 seconds. Elapsed time: 0.04 seconds; current allocated memory: 304.836 MB.
Execute       syn_report -verbosereport -o /mnt/isaac_sbay0/lbo-ws/Projects/DVR-008-002/Base_Design_Project/DMA_RGB24b/hls/DMA24b_mm2s_prj/solution1/.autopilot/db/DMA24b_mm2s_streamout.verbose.bind.rpt 
Execute         AP::get_flow_target_display_name
Execute           get_solution -flow_target 
Execute       db_write -o /mnt/isaac_sbay0/lbo-ws/Projects/DVR-008-002/Base_Design_Project/DMA_RGB24b/hls/DMA24b_mm2s_prj/solution1/.autopilot/db/DMA24b_mm2s_streamout.bind.adb -f 
INFO-FLOW: Finish binding DMA24b_mm2s_streamout.
INFO: [HLS 200-10] ----------------------------------------------------------------
INFO: [HLS 200-42] -- Implementing module 'DMA24b_mm2s' 
INFO: [HLS 200-10] ----------------------------------------------------------------
Execute       set_default_model DMA24b_mm2s 
Execute       schedule -model DMA24b_mm2s 
INFO: [SCHED 204-11] Starting scheduling ...
INFO: [SCHED 204-11] Finished scheduling.
INFO: [HLS 200-111] Finished Scheduling: CPU user time: 0.02 seconds. CPU system time: 0 seconds. Elapsed time: 0.02 seconds; current allocated memory: 304.920 MB.
Execute       syn_report -verbosereport -o /mnt/isaac_sbay0/lbo-ws/Projects/DVR-008-002/Base_Design_Project/DMA_RGB24b/hls/DMA24b_mm2s_prj/solution1/.autopilot/db/DMA24b_mm2s.verbose.sched.rpt 
Execute         AP::get_flow_target_display_name
Execute           get_solution -flow_target 
Execute       db_write -o /mnt/isaac_sbay0/lbo-ws/Projects/DVR-008-002/Base_Design_Project/DMA_RGB24b/hls/DMA24b_mm2s_prj/solution1/.autopilot/db/DMA24b_mm2s.sched.adb -f 
INFO-FLOW: Finish scheduling DMA24b_mm2s.
Execute       set_default_model DMA24b_mm2s 
Execute       bind -model DMA24b_mm2s 
INFO: [BIND 205-100] Starting micro-architecture generation ...
INFO: [BIND 205-101] Performing variable lifetime analysis.
INFO: [BIND 205-101] Exploring resource sharing.
INFO: [BIND 205-101] Binding ...
INFO: [BIND 205-100] Finished micro-architecture generation.
INFO: [HLS 200-111] Finished Binding: CPU user time: 0.02 seconds. CPU system time: 0 seconds. Elapsed time: 0.03 seconds; current allocated memory: 305.076 MB.
Execute       syn_report -verbosereport -o /mnt/isaac_sbay0/lbo-ws/Projects/DVR-008-002/Base_Design_Project/DMA_RGB24b/hls/DMA24b_mm2s_prj/solution1/.autopilot/db/DMA24b_mm2s.verbose.bind.rpt 
Execute         AP::get_flow_target_display_name
Execute           get_solution -flow_target 
Execute       db_write -o /mnt/isaac_sbay0/lbo-ws/Projects/DVR-008-002/Base_Design_Project/DMA_RGB24b/hls/DMA24b_mm2s_prj/solution1/.autopilot/db/DMA24b_mm2s.bind.adb -f 
INFO-FLOW: Finish binding DMA24b_mm2s.
INFO: [HLS 200-10] ----------------------------------------------------------------
INFO: [HLS 200-42] -- Implementing module 'DMA24bUnit_mm2s' 
INFO: [HLS 200-10] ----------------------------------------------------------------
Execute       set_default_model DMA24bUnit_mm2s 
Execute       schedule -model DMA24bUnit_mm2s 
INFO: [SCHED 204-11] Starting scheduling ...
INFO: [SCHED 204-11] Finished scheduling.
INFO: [HLS 200-111] Finished Scheduling: CPU user time: 0.02 seconds. CPU system time: 0.01 seconds. Elapsed time: 0.03 seconds; current allocated memory: 305.144 MB.
Execute       syn_report -verbosereport -o /mnt/isaac_sbay0/lbo-ws/Projects/DVR-008-002/Base_Design_Project/DMA_RGB24b/hls/DMA24b_mm2s_prj/solution1/.autopilot/db/DMA24bUnit_mm2s.verbose.sched.rpt 
Execute         AP::get_flow_target_display_name
Execute           get_solution -flow_target 
Execute       db_write -o /mnt/isaac_sbay0/lbo-ws/Projects/DVR-008-002/Base_Design_Project/DMA_RGB24b/hls/DMA24b_mm2s_prj/solution1/.autopilot/db/DMA24bUnit_mm2s.sched.adb -f 
INFO-FLOW: Finish scheduling DMA24bUnit_mm2s.
Execute       set_default_model DMA24bUnit_mm2s 
Execute       bind -model DMA24bUnit_mm2s 
INFO: [BIND 205-100] Starting micro-architecture generation ...
INFO: [BIND 205-101] Performing variable lifetime analysis.
INFO: [BIND 205-101] Exploring resource sharing.
INFO: [BIND 205-101] Binding ...
INFO: [BIND 205-100] Finished micro-architecture generation.
INFO: [HLS 200-111] Finished Binding: CPU user time: 0.02 seconds. CPU system time: 0 seconds. Elapsed time: 0.02 seconds; current allocated memory: 305.298 MB.
Execute       syn_report -verbosereport -o /mnt/isaac_sbay0/lbo-ws/Projects/DVR-008-002/Base_Design_Project/DMA_RGB24b/hls/DMA24b_mm2s_prj/solution1/.autopilot/db/DMA24bUnit_mm2s.verbose.bind.rpt 
Execute         AP::get_flow_target_display_name
Execute           get_solution -flow_target 
Execute       db_write -o /mnt/isaac_sbay0/lbo-ws/Projects/DVR-008-002/Base_Design_Project/DMA_RGB24b/hls/DMA24b_mm2s_prj/solution1/.autopilot/db/DMA24bUnit_mm2s.bind.adb -f 
INFO-FLOW: Finish binding DMA24bUnit_mm2s.
Execute       get_model_list DMA24bUnit_mm2s -filter all-wo-channel 
INFO-FLOW: Preprocessing for RTLGen ...
Execute       rtl_gen_preprocess DMA24b_mm2s_fetch 
Execute       rtl_gen_preprocess DMA24b_mm2s_streamout 
Execute       rtl_gen_preprocess DMA24b_mm2s 
Execute       rtl_gen_preprocess DMA24bUnit_mm2s 
INFO-FLOW: Model list for RTL generation: DMA24b_mm2s_fetch DMA24b_mm2s_streamout DMA24b_mm2s DMA24bUnit_mm2s
INFO: [HLS 200-10] ----------------------------------------------------------------
INFO: [HLS 200-10] -- Generating RTL for module 'DMA24b_mm2s_fetch' 
INFO: [HLS 200-10] ----------------------------------------------------------------
Execute       get_config_rtl -module_prefix 
Execute       get_config_rtl -module_auto_prefix 
Execute       get_config_rtl -module_prefix 
Execute       get_config_rtl -module_auto_prefix 
Execute       create_rtl_model DMA24b_mm2s_fetch -top_prefix DMA24bUnit_mm2s_ -sub_prefix DMA24bUnit_mm2s_ -mg_file /mnt/isaac_sbay0/lbo-ws/Projects/DVR-008-002/Base_Design_Project/DMA_RGB24b/hls/DMA24b_mm2s_prj/solution1/.autopilot/db/DMA24b_mm2s_fetch.compgen.tcl 
INFO: [RTGEN 206-100] Generating core module 'mul_mul_11s_13ns_24_4_1': 1 instance(s).
INFO: [RTGEN 206-100] Finished creating RTL model for 'DMA24b_mm2s_fetch'.
INFO: [HLS 200-111] Finished Creating RTL model: CPU user time: 0.03 seconds. CPU system time: 0 seconds. Elapsed time: 0.03 seconds; current allocated memory: 306.114 MB.
Execute       source /mnt/isaac_sbay0/lbo-ws/Projects/DVR-008-002/Base_Design_Project/DMA_RGB24b/hls/DMA24b_mm2s_prj/solution1/.autopilot/db/DMA24bUnit_mm2s.rtl_wrap.cfg.tcl 
Execute       gen_rtl DMA24b_mm2s_fetch -style xilinx -f -lang vhdl -o /mnt/isaac_sbay0/lbo-ws/Projects/DVR-008-002/Base_Design_Project/DMA_RGB24b/hls/DMA24b_mm2s_prj/solution1/syn/vhdl/DMA24bUnit_mm2s_DMA24b_mm2s_fetch 
Execute       gen_rtl DMA24b_mm2s_fetch -style xilinx -f -lang vlog -o /mnt/isaac_sbay0/lbo-ws/Projects/DVR-008-002/Base_Design_Project/DMA_RGB24b/hls/DMA24b_mm2s_prj/solution1/syn/verilog/DMA24bUnit_mm2s_DMA24b_mm2s_fetch 
Execute       syn_report -csynth -model DMA24b_mm2s_fetch -o /mnt/isaac_sbay0/lbo-ws/Projects/DVR-008-002/Base_Design_Project/DMA_RGB24b/hls/DMA24b_mm2s_prj/solution1/syn/report/DMA24b_mm2s_fetch_csynth.rpt 
Execute         AP::get_flow_target_display_name
Execute           get_solution -flow_target 
Execute       syn_report -rtlxml -model DMA24b_mm2s_fetch -o /mnt/isaac_sbay0/lbo-ws/Projects/DVR-008-002/Base_Design_Project/DMA_RGB24b/hls/DMA24b_mm2s_prj/solution1/syn/report/DMA24b_mm2s_fetch_csynth.xml 
Execute         get_solution -flow_target
Execute           get_solution -flow_target 
Execute       syn_report -verbosereport -model DMA24b_mm2s_fetch -o /mnt/isaac_sbay0/lbo-ws/Projects/DVR-008-002/Base_Design_Project/DMA_RGB24b/hls/DMA24b_mm2s_prj/solution1/.autopilot/db/DMA24b_mm2s_fetch.verbose.rpt 
Execute         AP::get_flow_target_display_name
Execute           get_solution -flow_target 
Execute       db_write -model DMA24b_mm2s_fetch -f -o /mnt/isaac_sbay0/lbo-ws/Projects/DVR-008-002/Base_Design_Project/DMA_RGB24b/hls/DMA24b_mm2s_prj/solution1/.autopilot/db/DMA24b_mm2s_fetch.adb 
Execute       gen_tb_info DMA24b_mm2s_fetch -p /mnt/isaac_sbay0/lbo-ws/Projects/DVR-008-002/Base_Design_Project/DMA_RGB24b/hls/DMA24b_mm2s_prj/solution1/.autopilot/db -o /mnt/isaac_sbay0/lbo-ws/Projects/DVR-008-002/Base_Design_Project/DMA_RGB24b/hls/DMA24b_mm2s_prj/solution1/.autopilot/db/DMA24b_mm2s_fetch 
INFO: [HLS 200-10] ----------------------------------------------------------------
INFO: [HLS 200-10] -- Generating RTL for module 'DMA24b_mm2s_streamout' 
INFO: [HLS 200-10] ----------------------------------------------------------------
Execute       get_config_rtl -module_prefix 
Execute       get_config_rtl -module_auto_prefix 
Execute       get_config_rtl -module_prefix 
Execute       get_config_rtl -module_auto_prefix 
Execute       create_rtl_model DMA24b_mm2s_streamout -top_prefix DMA24bUnit_mm2s_ -sub_prefix DMA24bUnit_mm2s_ -mg_file /mnt/isaac_sbay0/lbo-ws/Projects/DVR-008-002/Base_Design_Project/DMA_RGB24b/hls/DMA24b_mm2s_prj/solution1/.autopilot/db/DMA24b_mm2s_streamout.compgen.tcl 
INFO: [RTGEN 206-100] Generating core module 'mul_mul_12ns_8ns_20_4_1': 1 instance(s).
INFO: [RTGEN 206-100] Finished creating RTL model for 'DMA24b_mm2s_streamout'.
INFO: [HLS 200-111] Finished Creating RTL model: CPU user time: 0.08 seconds. CPU system time: 0.01 seconds. Elapsed time: 0.09 seconds; current allocated memory: 308.707 MB.
Execute       source /mnt/isaac_sbay0/lbo-ws/Projects/DVR-008-002/Base_Design_Project/DMA_RGB24b/hls/DMA24b_mm2s_prj/solution1/.autopilot/db/DMA24bUnit_mm2s.rtl_wrap.cfg.tcl 
Execute       gen_rtl DMA24b_mm2s_streamout -style xilinx -f -lang vhdl -o /mnt/isaac_sbay0/lbo-ws/Projects/DVR-008-002/Base_Design_Project/DMA_RGB24b/hls/DMA24b_mm2s_prj/solution1/syn/vhdl/DMA24bUnit_mm2s_DMA24b_mm2s_streamout 
Execute       gen_rtl DMA24b_mm2s_streamout -style xilinx -f -lang vlog -o /mnt/isaac_sbay0/lbo-ws/Projects/DVR-008-002/Base_Design_Project/DMA_RGB24b/hls/DMA24b_mm2s_prj/solution1/syn/verilog/DMA24bUnit_mm2s_DMA24b_mm2s_streamout 
Execute       syn_report -csynth -model DMA24b_mm2s_streamout -o /mnt/isaac_sbay0/lbo-ws/Projects/DVR-008-002/Base_Design_Project/DMA_RGB24b/hls/DMA24b_mm2s_prj/solution1/syn/report/DMA24b_mm2s_streamout_csynth.rpt 
Execute         AP::get_flow_target_display_name
Execute           get_solution -flow_target 
Execute       syn_report -rtlxml -model DMA24b_mm2s_streamout -o /mnt/isaac_sbay0/lbo-ws/Projects/DVR-008-002/Base_Design_Project/DMA_RGB24b/hls/DMA24b_mm2s_prj/solution1/syn/report/DMA24b_mm2s_streamout_csynth.xml 
Execute         get_solution -flow_target
Execute           get_solution -flow_target 
Execute       syn_report -verbosereport -model DMA24b_mm2s_streamout -o /mnt/isaac_sbay0/lbo-ws/Projects/DVR-008-002/Base_Design_Project/DMA_RGB24b/hls/DMA24b_mm2s_prj/solution1/.autopilot/db/DMA24b_mm2s_streamout.verbose.rpt 
Execute         AP::get_flow_target_display_name
Execute           get_solution -flow_target 
Execute       db_write -model DMA24b_mm2s_streamout -f -o /mnt/isaac_sbay0/lbo-ws/Projects/DVR-008-002/Base_Design_Project/DMA_RGB24b/hls/DMA24b_mm2s_prj/solution1/.autopilot/db/DMA24b_mm2s_streamout.adb 
Execute       gen_tb_info DMA24b_mm2s_streamout -p /mnt/isaac_sbay0/lbo-ws/Projects/DVR-008-002/Base_Design_Project/DMA_RGB24b/hls/DMA24b_mm2s_prj/solution1/.autopilot/db -o /mnt/isaac_sbay0/lbo-ws/Projects/DVR-008-002/Base_Design_Project/DMA_RGB24b/hls/DMA24b_mm2s_prj/solution1/.autopilot/db/DMA24b_mm2s_streamout 
INFO: [HLS 200-10] ----------------------------------------------------------------
INFO: [HLS 200-10] -- Generating RTL for module 'DMA24b_mm2s' 
INFO: [HLS 200-10] ----------------------------------------------------------------
Execute       get_config_rtl -module_prefix 
Execute       get_config_rtl -module_auto_prefix 
Execute       get_config_rtl -module_prefix 
Execute       get_config_rtl -module_auto_prefix 
Execute       create_rtl_model DMA24b_mm2s -top_prefix DMA24bUnit_mm2s_ -sub_prefix DMA24bUnit_mm2s_ -mg_file /mnt/isaac_sbay0/lbo-ws/Projects/DVR-008-002/Base_Design_Project/DMA_RGB24b/hls/DMA24b_mm2s_prj/solution1/.autopilot/db/DMA24b_mm2s.compgen.tcl 
WARNING: [RTGEN 206-101] Setting dangling out port 'DMA24b_mm2s/m_axi_gmem_AWVALID' to 0.
WARNING: [RTGEN 206-101] Setting dangling out port 'DMA24b_mm2s/m_axi_gmem_AWADDR' to 0.
WARNING: [RTGEN 206-101] Setting dangling out port 'DMA24b_mm2s/m_axi_gmem_AWID' to 0.
WARNING: [RTGEN 206-101] Setting dangling out port 'DMA24b_mm2s/m_axi_gmem_AWLEN' to 0.
WARNING: [RTGEN 206-101] Setting dangling out port 'DMA24b_mm2s/m_axi_gmem_AWSIZE' to 0.
WARNING: [RTGEN 206-101] Setting dangling out port 'DMA24b_mm2s/m_axi_gmem_AWBURST' to 0.
WARNING: [RTGEN 206-101] Setting dangling out port 'DMA24b_mm2s/m_axi_gmem_AWLOCK' to 0.
WARNING: [RTGEN 206-101] Setting dangling out port 'DMA24b_mm2s/m_axi_gmem_AWCACHE' to 0.
WARNING: [RTGEN 206-101] Setting dangling out port 'DMA24b_mm2s/m_axi_gmem_AWPROT' to 0.
WARNING: [RTGEN 206-101] Setting dangling out port 'DMA24b_mm2s/m_axi_gmem_AWQOS' to 0.
WARNING: [RTGEN 206-101] Setting dangling out port 'DMA24b_mm2s/m_axi_gmem_AWREGION' to 0.
WARNING: [RTGEN 206-101] Setting dangling out port 'DMA24b_mm2s/m_axi_gmem_AWUSER' to 0.
WARNING: [RTGEN 206-101] Setting dangling out port 'DMA24b_mm2s/m_axi_gmem_WVALID' to 0.
WARNING: [RTGEN 206-101] Setting dangling out port 'DMA24b_mm2s/m_axi_gmem_WDATA' to 0.
WARNING: [RTGEN 206-101] Setting dangling out port 'DMA24b_mm2s/m_axi_gmem_WSTRB' to 0.
WARNING: [RTGEN 206-101] Setting dangling out port 'DMA24b_mm2s/m_axi_gmem_WLAST' to 0.
WARNING: [RTGEN 206-101] Setting dangling out port 'DMA24b_mm2s/m_axi_gmem_WID' to 0.
WARNING: [RTGEN 206-101] Setting dangling out port 'DMA24b_mm2s/m_axi_gmem_WUSER' to 0.
WARNING: [RTGEN 206-101] Setting dangling out port 'DMA24b_mm2s/m_axi_gmem_BREADY' to 0.
INFO: [RTGEN 206-100] Finished creating RTL model for 'DMA24b_mm2s'.
INFO: [HLS 200-111] Finished Creating RTL model: CPU user time: 0.13 seconds. CPU system time: 0 seconds. Elapsed time: 0.13 seconds; current allocated memory: 311.445 MB.
Execute       source /mnt/isaac_sbay0/lbo-ws/Projects/DVR-008-002/Base_Design_Project/DMA_RGB24b/hls/DMA24b_mm2s_prj/solution1/.autopilot/db/DMA24bUnit_mm2s.rtl_wrap.cfg.tcl 
Execute       gen_rtl DMA24b_mm2s -style xilinx -f -lang vhdl -o /mnt/isaac_sbay0/lbo-ws/Projects/DVR-008-002/Base_Design_Project/DMA_RGB24b/hls/DMA24b_mm2s_prj/solution1/syn/vhdl/DMA24bUnit_mm2s_DMA24b_mm2s 
Execute       gen_rtl DMA24b_mm2s -style xilinx -f -lang vlog -o /mnt/isaac_sbay0/lbo-ws/Projects/DVR-008-002/Base_Design_Project/DMA_RGB24b/hls/DMA24b_mm2s_prj/solution1/syn/verilog/DMA24bUnit_mm2s_DMA24b_mm2s 
Execute       syn_report -csynth -model DMA24b_mm2s -o /mnt/isaac_sbay0/lbo-ws/Projects/DVR-008-002/Base_Design_Project/DMA_RGB24b/hls/DMA24b_mm2s_prj/solution1/syn/report/DMA24b_mm2s_csynth.rpt 
Execute         AP::get_flow_target_display_name
Execute           get_solution -flow_target 
Execute       syn_report -rtlxml -model DMA24b_mm2s -o /mnt/isaac_sbay0/lbo-ws/Projects/DVR-008-002/Base_Design_Project/DMA_RGB24b/hls/DMA24b_mm2s_prj/solution1/syn/report/DMA24b_mm2s_csynth.xml 
Execute         get_solution -flow_target
Execute           get_solution -flow_target 
Execute       syn_report -verbosereport -model DMA24b_mm2s -o /mnt/isaac_sbay0/lbo-ws/Projects/DVR-008-002/Base_Design_Project/DMA_RGB24b/hls/DMA24b_mm2s_prj/solution1/.autopilot/db/DMA24b_mm2s.verbose.rpt 
Execute         AP::get_flow_target_display_name
Execute           get_solution -flow_target 
Execute       db_write -model DMA24b_mm2s -f -o /mnt/isaac_sbay0/lbo-ws/Projects/DVR-008-002/Base_Design_Project/DMA_RGB24b/hls/DMA24b_mm2s_prj/solution1/.autopilot/db/DMA24b_mm2s.adb 
Execute       gen_tb_info DMA24b_mm2s -p /mnt/isaac_sbay0/lbo-ws/Projects/DVR-008-002/Base_Design_Project/DMA_RGB24b/hls/DMA24b_mm2s_prj/solution1/.autopilot/db -o /mnt/isaac_sbay0/lbo-ws/Projects/DVR-008-002/Base_Design_Project/DMA_RGB24b/hls/DMA24b_mm2s_prj/solution1/.autopilot/db/DMA24b_mm2s 
INFO: [HLS 200-10] ----------------------------------------------------------------
INFO: [HLS 200-10] -- Generating RTL for module 'DMA24bUnit_mm2s' 
INFO: [HLS 200-10] ----------------------------------------------------------------
Execute       get_config_rtl -module_prefix 
Execute       get_config_rtl -module_prefix 
Execute       get_config_rtl -module_auto_prefix 
Execute       create_rtl_model DMA24bUnit_mm2s -top_prefix  -sub_prefix DMA24bUnit_mm2s_ -mg_file /mnt/isaac_sbay0/lbo-ws/Projects/DVR-008-002/Base_Design_Project/DMA_RGB24b/hls/DMA24b_mm2s_prj/solution1/.autopilot/db/DMA24bUnit_mm2s.compgen.tcl 
WARNING: [RTGEN 206-101] Design contains AXI ports. Reset is fixed to synchronous and active low.
INFO: [RTGEN 206-500] Setting interface mode on port 'DMA24bUnit_mm2s/gmem' to 'm_axi'.
INFO: [RTGEN 206-500] Setting interface mode on port 'DMA24bUnit_mm2s/STR_video_out_V_data_V' to 'axis' (register, both mode).
INFO: [RTGEN 206-500] Setting interface mode on port 'DMA24bUnit_mm2s/STR_video_out_V_keep_V' to 'axis' (register, both mode).
INFO: [RTGEN 206-500] Setting interface mode on port 'DMA24bUnit_mm2s/STR_video_out_V_strb_V' to 'axis' (register, both mode).
INFO: [RTGEN 206-500] Setting interface mode on port 'DMA24bUnit_mm2s/STR_video_out_V_user_V' to 'axis' (register, both mode).
INFO: [RTGEN 206-500] Setting interface mode on port 'DMA24bUnit_mm2s/STR_video_out_V_last_V' to 'axis' (register, both mode).
INFO: [RTGEN 206-500] Setting interface mode on port 'DMA24bUnit_mm2s/image_w' to 'ap_none'.
INFO: [RTGEN 206-500] Setting interface mode on port 'DMA24bUnit_mm2s/image_h' to 'ap_none'.
INFO: [RTGEN 206-500] Setting interface mode on port 'DMA24bUnit_mm2s/image_in' to 'ap_none'.
INFO: [RTGEN 206-500] Setting interface mode on function 'DMA24bUnit_mm2s' to 'ap_ctrl_hs'.
INFO: [RTGEN 206-100] Finished creating RTL model for 'DMA24bUnit_mm2s'.
INFO: [HLS 200-111] Finished Creating RTL model: CPU user time: 0.04 seconds. CPU system time: 0.01 seconds. Elapsed time: 0.04 seconds; current allocated memory: 312.657 MB.
Execute       source /mnt/isaac_sbay0/lbo-ws/Projects/DVR-008-002/Base_Design_Project/DMA_RGB24b/hls/DMA24b_mm2s_prj/solution1/.autopilot/db/DMA24bUnit_mm2s.rtl_wrap.cfg.tcl 
Execute       gen_rtl DMA24bUnit_mm2s -istop -style xilinx -f -lang vhdl -o /mnt/isaac_sbay0/lbo-ws/Projects/DVR-008-002/Base_Design_Project/DMA_RGB24b/hls/DMA24b_mm2s_prj/solution1/syn/vhdl/DMA24bUnit_mm2s 
Execute       gen_rtl DMA24bUnit_mm2s -istop -style xilinx -f -lang vlog -o /mnt/isaac_sbay0/lbo-ws/Projects/DVR-008-002/Base_Design_Project/DMA_RGB24b/hls/DMA24b_mm2s_prj/solution1/syn/verilog/DMA24bUnit_mm2s 
Execute       syn_report -csynth -model DMA24bUnit_mm2s -o /mnt/isaac_sbay0/lbo-ws/Projects/DVR-008-002/Base_Design_Project/DMA_RGB24b/hls/DMA24b_mm2s_prj/solution1/syn/report/DMA24bUnit_mm2s_csynth.rpt 
Execute         AP::get_flow_target_display_name
Execute           get_solution -flow_target 
Execute       syn_report -rtlxml -model DMA24bUnit_mm2s -o /mnt/isaac_sbay0/lbo-ws/Projects/DVR-008-002/Base_Design_Project/DMA_RGB24b/hls/DMA24b_mm2s_prj/solution1/syn/report/DMA24bUnit_mm2s_csynth.xml 
Execute         get_solution -flow_target
Execute           get_solution -flow_target 
Execute       syn_report -verbosereport -model DMA24bUnit_mm2s -o /mnt/isaac_sbay0/lbo-ws/Projects/DVR-008-002/Base_Design_Project/DMA_RGB24b/hls/DMA24b_mm2s_prj/solution1/.autopilot/db/DMA24bUnit_mm2s.verbose.rpt 
Execute         AP::get_flow_target_display_name
Execute           get_solution -flow_target 
Execute       db_write -model DMA24bUnit_mm2s -f -o /mnt/isaac_sbay0/lbo-ws/Projects/DVR-008-002/Base_Design_Project/DMA_RGB24b/hls/DMA24b_mm2s_prj/solution1/.autopilot/db/DMA24bUnit_mm2s.adb 
Execute       gen_tb_info DMA24bUnit_mm2s -p /mnt/isaac_sbay0/lbo-ws/Projects/DVR-008-002/Base_Design_Project/DMA_RGB24b/hls/DMA24b_mm2s_prj/solution1/.autopilot/db -o /mnt/isaac_sbay0/lbo-ws/Projects/DVR-008-002/Base_Design_Project/DMA_RGB24b/hls/DMA24b_mm2s_prj/solution1/.autopilot/db/DMA24bUnit_mm2s 
Execute       export_constraint_db -f -tool general -o /mnt/isaac_sbay0/lbo-ws/Projects/DVR-008-002/Base_Design_Project/DMA_RGB24b/hls/DMA24b_mm2s_prj/solution1/.autopilot/db/DMA24bUnit_mm2s.constraint.tcl 
Execute       syn_report -designview -model DMA24bUnit_mm2s -o /mnt/isaac_sbay0/lbo-ws/Projects/DVR-008-002/Base_Design_Project/DMA_RGB24b/hls/DMA24b_mm2s_prj/solution1/.autopilot/db/DMA24bUnit_mm2s.design.xml 
Execute       syn_report -csynthDesign -model DMA24bUnit_mm2s -o /mnt/isaac_sbay0/lbo-ws/Projects/DVR-008-002/Base_Design_Project/DMA_RGB24b/hls/DMA24b_mm2s_prj/solution1/syn/report/csynth.rpt 
Execute         AP::get_flow_target_display_name
Execute           get_solution -flow_target 
Execute       get_config_rtl -disable_wave_debug 
Execute       syn_report -wcfg -model DMA24bUnit_mm2s -o /mnt/isaac_sbay0/lbo-ws/Projects/DVR-008-002/Base_Design_Project/DMA_RGB24b/hls/DMA24b_mm2s_prj/solution1/.autopilot/db/DMA24bUnit_mm2s_dataflow_ana.wcfg 
Execute       syn_report -protoinst -model DMA24bUnit_mm2s -o /mnt/isaac_sbay0/lbo-ws/Projects/DVR-008-002/Base_Design_Project/DMA_RGB24b/hls/DMA24b_mm2s_prj/solution1/.autopilot/db/DMA24bUnit_mm2s.protoinst 
Execute       get_config_debug -directory 
Execute       sc_get_clocks DMA24bUnit_mm2s 
Execute       get_config_export -vivado_clock 
Execute       get_config_rtl -module_prefix 
Execute       get_config_rtl -module_prefix 
Execute       get_config_rtl -module_auto_prefix 
Execute       sc_get_portdomain DMA24bUnit_mm2s 
INFO-FLOW: Model list for RTL component generation: DMA24b_mm2s_fetch DMA24b_mm2s_streamout DMA24b_mm2s DMA24bUnit_mm2s
INFO-FLOW: Handling components in module [DMA24b_mm2s_fetch] ... 
Execute       source /mnt/isaac_sbay0/lbo-ws/Projects/DVR-008-002/Base_Design_Project/DMA_RGB24b/hls/DMA24b_mm2s_prj/solution1/.autopilot/db/DMA24b_mm2s_fetch.compgen.tcl 
INFO-FLOW: Found component DMA24bUnit_mm2s_mul_mul_11s_13ns_24_4_1.
INFO-FLOW: Append model DMA24bUnit_mm2s_mul_mul_11s_13ns_24_4_1
INFO-FLOW: Handling components in module [DMA24b_mm2s_streamout] ... 
Execute       source /mnt/isaac_sbay0/lbo-ws/Projects/DVR-008-002/Base_Design_Project/DMA_RGB24b/hls/DMA24b_mm2s_prj/solution1/.autopilot/db/DMA24b_mm2s_streamout.compgen.tcl 
INFO-FLOW: Found component DMA24bUnit_mm2s_mul_mul_12ns_8ns_20_4_1.
INFO-FLOW: Append model DMA24bUnit_mm2s_mul_mul_12ns_8ns_20_4_1
INFO-FLOW: Handling components in module [DMA24b_mm2s] ... 
Execute       source /mnt/isaac_sbay0/lbo-ws/Projects/DVR-008-002/Base_Design_Project/DMA_RGB24b/hls/DMA24b_mm2s_prj/solution1/.autopilot/db/DMA24b_mm2s.compgen.tcl 
INFO-FLOW: Found component DMA24bUnit_mm2s_fifo_w128_d256_A.
INFO-FLOW: Append model DMA24bUnit_mm2s_fifo_w128_d256_A
INFO-FLOW: Found component DMA24bUnit_mm2s_fifo_w12_d2_S.
INFO-FLOW: Append model DMA24bUnit_mm2s_fifo_w12_d2_S
INFO-FLOW: Found component DMA24bUnit_mm2s_fifo_w12_d2_S.
INFO-FLOW: Append model DMA24bUnit_mm2s_fifo_w12_d2_S
INFO-FLOW: Found component DMA24bUnit_mm2s_start_for_DMA24b_mm2s_streamout_U0.
INFO-FLOW: Append model DMA24bUnit_mm2s_start_for_DMA24b_mm2s_streamout_U0
INFO-FLOW: Handling components in module [DMA24bUnit_mm2s] ... 
Execute       source /mnt/isaac_sbay0/lbo-ws/Projects/DVR-008-002/Base_Design_Project/DMA_RGB24b/hls/DMA24b_mm2s_prj/solution1/.autopilot/db/DMA24bUnit_mm2s.compgen.tcl 
INFO-FLOW: Found component DMA24bUnit_mm2s_gmem_m_axi.
INFO-FLOW: Append model DMA24bUnit_mm2s_gmem_m_axi
INFO-FLOW: Found component DMA24bUnit_mm2s_regslice_both.
INFO-FLOW: Append model DMA24bUnit_mm2s_regslice_both
INFO-FLOW: Found component DMA24bUnit_mm2s_regslice_both.
INFO-FLOW: Append model DMA24bUnit_mm2s_regslice_both
INFO-FLOW: Found component DMA24bUnit_mm2s_regslice_both.
INFO-FLOW: Append model DMA24bUnit_mm2s_regslice_both
INFO-FLOW: Found component DMA24bUnit_mm2s_regslice_both.
INFO-FLOW: Append model DMA24bUnit_mm2s_regslice_both
INFO-FLOW: Found component DMA24bUnit_mm2s_regslice_both.
INFO-FLOW: Append model DMA24bUnit_mm2s_regslice_both
INFO-FLOW: Append model DMA24b_mm2s_fetch
INFO-FLOW: Append model DMA24b_mm2s_streamout
INFO-FLOW: Append model DMA24b_mm2s
INFO-FLOW: Append model DMA24bUnit_mm2s
INFO-FLOW: Generating RTL model list ...
INFO-FLOW: All models in this session: DMA24bUnit_mm2s_mul_mul_11s_13ns_24_4_1 DMA24bUnit_mm2s_mul_mul_12ns_8ns_20_4_1 DMA24bUnit_mm2s_fifo_w128_d256_A DMA24bUnit_mm2s_fifo_w12_d2_S DMA24bUnit_mm2s_fifo_w12_d2_S DMA24bUnit_mm2s_start_for_DMA24b_mm2s_streamout_U0 DMA24bUnit_mm2s_gmem_m_axi DMA24bUnit_mm2s_regslice_both DMA24bUnit_mm2s_regslice_both DMA24bUnit_mm2s_regslice_both DMA24bUnit_mm2s_regslice_both DMA24bUnit_mm2s_regslice_both DMA24b_mm2s_fetch DMA24b_mm2s_streamout DMA24b_mm2s DMA24bUnit_mm2s
INFO-FLOW: To file: write model DMA24bUnit_mm2s_mul_mul_11s_13ns_24_4_1
INFO-FLOW: To file: write model DMA24bUnit_mm2s_mul_mul_12ns_8ns_20_4_1
INFO-FLOW: To file: write model DMA24bUnit_mm2s_fifo_w128_d256_A
INFO-FLOW: To file: write model DMA24bUnit_mm2s_fifo_w12_d2_S
INFO-FLOW: To file: write model DMA24bUnit_mm2s_fifo_w12_d2_S
INFO-FLOW: To file: write model DMA24bUnit_mm2s_start_for_DMA24b_mm2s_streamout_U0
INFO-FLOW: To file: write model DMA24bUnit_mm2s_gmem_m_axi
INFO-FLOW: To file: write model DMA24bUnit_mm2s_regslice_both
INFO-FLOW: To file: write model DMA24bUnit_mm2s_regslice_both
INFO-FLOW: To file: write model DMA24bUnit_mm2s_regslice_both
INFO-FLOW: To file: write model DMA24bUnit_mm2s_regslice_both
INFO-FLOW: To file: write model DMA24bUnit_mm2s_regslice_both
INFO-FLOW: To file: write model DMA24b_mm2s_fetch
INFO-FLOW: To file: write model DMA24b_mm2s_streamout
INFO-FLOW: To file: write model DMA24b_mm2s
INFO-FLOW: To file: write model DMA24bUnit_mm2s
INFO-FLOW: Finished generating RTL model list.


INFO-FLOW: RTL Generation done.
INFO-FLOW: CAS Generation done.
INFO-FLOW: CBC Generation done.
Execute       get_top 
Execute       get_config_export -ipname 
Execute       get_config_export -xo 
Execute       get_config_export -format 
Execute       get_config_rtl -module_auto_prefix 
INFO-FLOW: DBG:CMD:   auto_impl: set ipname to top (module_auto_prefix): DMA24bUnit_mm2s
INFO-FLOW: DBG:CMD: auto_generate_csynth_design
INFO-FLOW: DBG:CMD:     auto_generate --sim-model -phase csynth_design -d /mnt/isaac_sbay0/lbo-ws/Projects/DVR-008-002/Base_Design_Project/DMA_RGB24b/hls/DMA24b_mm2s_prj/solution1
Execute       get_solution -flow_target 
Execute       get_config_export -xo 
Execute       get_config_export -format 
Execute       source /mnt/isaac_sbay0/lbo-ws/Projects/DVR-008-002/Base_Design_Project/DMA_RGB24b/hls/DMA24b_mm2s_prj/solution1/.autopilot/db/global.setting.tcl 
INFO-FLOW: DBG:CMD: read_platform_lib /mnt/isaac_sbay0/lbo-ws/Projects/DVR-008-002/Base_Design_Project/DMA_RGB24b/hls/DMA24b_mm2s_prj/solution1/.autopilot/db/global.setting.tcl
Execute       source /tools/xilinx/Vitis_HLS/2020.2/common/technology/generic/autopilot/common.gen 
Execute         source /tools/xilinx/Vitis_HLS/2020.2/common/technology/generic/autopilot/APCoreGen.gen 
Execute       source /tools/xilinx/Vitis_HLS/2020.2/common/technology/generic/autopilot/op.gen 
Execute       source /tools/xilinx/Vitis_HLS/2020.2/common/technology/generic/autopilot/op_simcore.gen 
Execute       source /tools/xilinx/Vitis_HLS/2020.2/common/technology/generic/autopilot/interface.gen 
Execute       source /mnt/isaac_sbay0/lbo-ws/Projects/DVR-008-002/Base_Design_Project/DMA_RGB24b/hls/DMA24b_mm2s_prj/solution1/.autopilot/db/global.setting.tcl 
Execute       source /tools/xilinx/Vitis_HLS/2020.2/common/technology/xilinx/common/xilinx.gen 
Execute         source /tools/xilinx/Vitis_HLS/2020.2/common/technology/xilinx/interface/plb46.gen 
Execute         source /tools/xilinx/Vitis_HLS/2020.2/common/technology/xilinx/interface/axi4.gen 
Execute         source /tools/xilinx/Vitis_HLS/2020.2/common/technology/xilinx/interface/nativeAXI4.gen 
Execute           source /tools/xilinx/Vitis_HLS/2020.2/common/technology/xilinx/interface/saxilite.gen 
Execute           source /tools/xilinx/Vitis_HLS/2020.2/common/technology/xilinx/interface/maxi.gen 
Execute         source /tools/xilinx/Vitis_HLS/2020.2/common/technology/xilinx/scripts/xilinxcoregen.gen 
Execute         source /tools/xilinx/Vitis_HLS/2020.2/common/technology/xilinx/interface/XilEDKCoreGen.gen 
Execute         source /tools/xilinx/Vitis_HLS/2020.2/common/technology/xilinx/ip/dds_compiler.gen 
Execute         source /tools/xilinx/Vitis_HLS/2020.2/common/technology/xilinx/ip/util.gen 
Execute         source /tools/xilinx/Vitis_HLS/2020.2/common/technology/xilinx/ip/xfft.gen 
Execute         source /tools/xilinx/Vitis_HLS/2020.2/common/technology/xilinx/ip/xfir.gen 
Execute         source /tools/xilinx/Vitis_HLS/2020.2/common/technology/xilinx/DSP48/dsp48.gen 
INFO-FLOW: DBG:CMD:   using AESL_AUTOCG::g_clock_period=6.660 (was NA)
INFO-FLOW: DBG:CMD:       generate_ip_cores sim=1 export=0 expOnly=0 dstVlogDir=syn/verilog
Execute       source /mnt/isaac_sbay0/lbo-ws/Projects/DVR-008-002/Base_Design_Project/DMA_RGB24b/hls/DMA24b_mm2s_prj/solution1/.autopilot/db/global.setting.tcl 
Execute       ap_part_info -name xc7z020-clg400-1 -data names -quiet 
Execute       ap_part_info -name xc7z020-clg400-1 -data info -quiet 
Execute       source /mnt/isaac_sbay0/lbo-ws/Projects/DVR-008-002/Base_Design_Project/DMA_RGB24b/hls/DMA24b_mm2s_prj/solution1/.autopilot/db/global.setting.tcl 
Execute       source /mnt/isaac_sbay0/lbo-ws/Projects/DVR-008-002/Base_Design_Project/DMA_RGB24b/hls/DMA24b_mm2s_prj/solution1/.autopilot/db/global.setting.tcl 
Execute       source /mnt/isaac_sbay0/lbo-ws/Projects/DVR-008-002/Base_Design_Project/DMA_RGB24b/hls/DMA24b_mm2s_prj/solution1/.autopilot/db/DMA24b_mm2s_fetch.compgen.tcl 
Execute         ap_part_info -name xc7z020-clg400-1 -data names -quiet 
Execute         ap_part_info -name xc7z020-clg400-1 -data info -quiet 
Execute       source /mnt/isaac_sbay0/lbo-ws/Projects/DVR-008-002/Base_Design_Project/DMA_RGB24b/hls/DMA24b_mm2s_prj/solution1/.autopilot/db/DMA24b_mm2s_streamout.compgen.tcl 
Execute         ap_part_info -name xc7z020-clg400-1 -data names -quiet 
Execute         ap_part_info -name xc7z020-clg400-1 -data info -quiet 
Execute       source /mnt/isaac_sbay0/lbo-ws/Projects/DVR-008-002/Base_Design_Project/DMA_RGB24b/hls/DMA24b_mm2s_prj/solution1/.autopilot/db/DMA24b_mm2s.compgen.tcl 
Execute         ap_part_info -name xc7z020-clg400-1 -data names -quiet 
Execute         ap_part_info -name xc7z020-clg400-1 -data info -quiet 
INFO: [RTMG 210-285] Implementing FIFO 'mm_fifo_U(DMA24bUnit_mm2s_fifo_w128_d256_A)' using Vivado Default RAMs.
Execute         ap_part_info -name xc7z020-clg400-1 -data names -quiet 
Execute         ap_part_info -name xc7z020-clg400-1 -data info -quiet 
INFO: [RTMG 210-285] Implementing FIFO 'image_w_c_U(DMA24bUnit_mm2s_fifo_w12_d2_S)' using Shift Registers.
Execute         ap_part_info -name xc7z020-clg400-1 -data names -quiet 
Execute         ap_part_info -name xc7z020-clg400-1 -data info -quiet 
INFO: [RTMG 210-285] Implementing FIFO 'image_h_c_U(DMA24bUnit_mm2s_fifo_w12_d2_S)' using Shift Registers.
Execute         ap_part_info -name xc7z020-clg400-1 -data names -quiet 
Execute         ap_part_info -name xc7z020-clg400-1 -data info -quiet 
INFO: [RTMG 210-285] Implementing FIFO 'start_for_DMA24b_mm2s_streamout_U0_U(DMA24bUnit_mm2s_start_for_DMA24b_mm2s_streamout_U0)' using Shift Registers.
Execute       source /mnt/isaac_sbay0/lbo-ws/Projects/DVR-008-002/Base_Design_Project/DMA_RGB24b/hls/DMA24b_mm2s_prj/solution1/.autopilot/db/DMA24bUnit_mm2s.compgen.tcl 
Execute         ap_part_info -name xc7z020-clg400-1 -data names -quiet 
Execute         ap_part_info -name xc7z020-clg400-1 -data info -quiet 
INFO-FLOW: DBG:CMD:     auto_generate -export -impltomg_flag -rtl both -tool Vivado -pcore_version 1.00.a -phase csynth_design -d /mnt/isaac_sbay0/lbo-ws/Projects/DVR-008-002/Base_Design_Project/DMA_RGB24b/hls/DMA24b_mm2s_prj/solution1
Execute       get_solution -flow_target 
Execute       get_config_export -xo 
Execute       get_config_export -format 
Execute       source /mnt/isaac_sbay0/lbo-ws/Projects/DVR-008-002/Base_Design_Project/DMA_RGB24b/hls/DMA24b_mm2s_prj/solution1/.autopilot/db/global.setting.tcl 
INFO-FLOW: DBG:CMD: read_platform_lib /mnt/isaac_sbay0/lbo-ws/Projects/DVR-008-002/Base_Design_Project/DMA_RGB24b/hls/DMA24b_mm2s_prj/solution1/.autopilot/db/global.setting.tcl
Execute       source /tools/xilinx/Vitis_HLS/2020.2/common/technology/generic/autopilot/common.gen 
Execute         source /tools/xilinx/Vitis_HLS/2020.2/common/technology/generic/autopilot/APCoreGen.gen 
Execute       source /tools/xilinx/Vitis_HLS/2020.2/common/technology/generic/autopilot/op.gen 
Execute       source /tools/xilinx/Vitis_HLS/2020.2/common/technology/generic/autopilot/op_simcore.gen 
Execute       source /tools/xilinx/Vitis_HLS/2020.2/common/technology/generic/autopilot/interface.gen 
Execute       source /mnt/isaac_sbay0/lbo-ws/Projects/DVR-008-002/Base_Design_Project/DMA_RGB24b/hls/DMA24b_mm2s_prj/solution1/.autopilot/db/global.setting.tcl 
Execute       source /tools/xilinx/Vitis_HLS/2020.2/common/technology/xilinx/common/xilinx.gen 
Execute         source /tools/xilinx/Vitis_HLS/2020.2/common/technology/xilinx/interface/plb46.gen 
Execute         source /tools/xilinx/Vitis_HLS/2020.2/common/technology/xilinx/interface/axi4.gen 
Execute         source /tools/xilinx/Vitis_HLS/2020.2/common/technology/xilinx/interface/nativeAXI4.gen 
Execute           source /tools/xilinx/Vitis_HLS/2020.2/common/technology/xilinx/interface/saxilite.gen 
Execute           source /tools/xilinx/Vitis_HLS/2020.2/common/technology/xilinx/interface/maxi.gen 
Execute         source /tools/xilinx/Vitis_HLS/2020.2/common/technology/xilinx/scripts/xilinxcoregen.gen 
Execute         source /tools/xilinx/Vitis_HLS/2020.2/common/technology/xilinx/interface/XilEDKCoreGen.gen 
Execute         source /tools/xilinx/Vitis_HLS/2020.2/common/technology/xilinx/ip/dds_compiler.gen 
Execute         source /tools/xilinx/Vitis_HLS/2020.2/common/technology/xilinx/ip/util.gen 
Execute         source /tools/xilinx/Vitis_HLS/2020.2/common/technology/xilinx/ip/xfft.gen 
Execute         source /tools/xilinx/Vitis_HLS/2020.2/common/technology/xilinx/ip/xfir.gen 
Execute         source /tools/xilinx/Vitis_HLS/2020.2/common/technology/xilinx/DSP48/dsp48.gen 
INFO-FLOW: DBG:CMD:       initCTypeInfo top_module=DMA24bUnit_mm2s xml_exists=0
Execute       source /mnt/isaac_sbay0/lbo-ws/Projects/DVR-008-002/Base_Design_Project/DMA_RGB24b/hls/DMA24b_mm2s_prj/solution1/.autopilot/db/DMA24bUnit_mm2s.rtl_wrap.cfg.tcl 
Execute       source /mnt/isaac_sbay0/lbo-ws/Projects/DVR-008-002/Base_Design_Project/DMA_RGB24b/hls/DMA24b_mm2s_prj/solution1/.autopilot/db/DMA24bUnit_mm2s.rtl_wrap.cfg.tcl 
Execute       source /mnt/isaac_sbay0/lbo-ws/Projects/DVR-008-002/Base_Design_Project/DMA_RGB24b/hls/DMA24b_mm2s_prj/solution1/.autopilot/db/DMA24bUnit_mm2s.rtl_wrap.cfg.tcl 
Execute       source /mnt/isaac_sbay0/lbo-ws/Projects/DVR-008-002/Base_Design_Project/DMA_RGB24b/hls/DMA24b_mm2s_prj/solution1/.autopilot/db/DMA24bUnit_mm2s.tbgen.tcl 
Execute       source /mnt/isaac_sbay0/lbo-ws/Projects/DVR-008-002/Base_Design_Project/DMA_RGB24b/hls/DMA24b_mm2s_prj/solution1/.autopilot/db/DMA24bUnit_mm2s.tbgen.tcl 
INFO-FLOW: DBG:CMD:       export_impl_rtl
INFO-FLOW: DBG:CMD:       generate_ip_cores sim=0 export=0 expOnly=0 dstVlogDir=impl/.verilog
Execute       source /mnt/isaac_sbay0/lbo-ws/Projects/DVR-008-002/Base_Design_Project/DMA_RGB24b/hls/DMA24b_mm2s_prj/solution1/.autopilot/db/global.setting.tcl 
Execute       source /mnt/isaac_sbay0/lbo-ws/Projects/DVR-008-002/Base_Design_Project/DMA_RGB24b/hls/DMA24b_mm2s_prj/solution1/.autopilot/db/DMA24b_mm2s_fetch.compgen.tcl 
Execute       source /mnt/isaac_sbay0/lbo-ws/Projects/DVR-008-002/Base_Design_Project/DMA_RGB24b/hls/DMA24b_mm2s_prj/solution1/.autopilot/db/DMA24b_mm2s_streamout.compgen.tcl 
Execute       source /mnt/isaac_sbay0/lbo-ws/Projects/DVR-008-002/Base_Design_Project/DMA_RGB24b/hls/DMA24b_mm2s_prj/solution1/.autopilot/db/DMA24b_mm2s.compgen.tcl 
Execute       source /mnt/isaac_sbay0/lbo-ws/Projects/DVR-008-002/Base_Design_Project/DMA_RGB24b/hls/DMA24b_mm2s_prj/solution1/.autopilot/db/DMA24bUnit_mm2s.compgen.tcl 
INFO-FLOW: DBG:CMD:       generate_ip_cores sim=0 export=1 expOnly=1 dstVlogDir=impl/.pcores/verilog
Execute       source /mnt/isaac_sbay0/lbo-ws/Projects/DVR-008-002/Base_Design_Project/DMA_RGB24b/hls/DMA24b_mm2s_prj/solution1/.autopilot/db/global.setting.tcl 
Execute       source /mnt/isaac_sbay0/lbo-ws/Projects/DVR-008-002/Base_Design_Project/DMA_RGB24b/hls/DMA24b_mm2s_prj/solution1/.autopilot/db/DMA24b_mm2s_fetch.compgen.tcl 
Execute       source /mnt/isaac_sbay0/lbo-ws/Projects/DVR-008-002/Base_Design_Project/DMA_RGB24b/hls/DMA24b_mm2s_prj/solution1/.autopilot/db/DMA24b_mm2s_streamout.compgen.tcl 
Execute       source /mnt/isaac_sbay0/lbo-ws/Projects/DVR-008-002/Base_Design_Project/DMA_RGB24b/hls/DMA24b_mm2s_prj/solution1/.autopilot/db/DMA24b_mm2s.compgen.tcl 
Execute       source /mnt/isaac_sbay0/lbo-ws/Projects/DVR-008-002/Base_Design_Project/DMA_RGB24b/hls/DMA24b_mm2s_prj/solution1/.autopilot/db/DMA24bUnit_mm2s.compgen.tcl 
Execute         ap_part_info -name xc7z020-clg400-1 -data names -quiet 
Execute         ap_part_info -name xc7z020-clg400-1 -data info -quiet 
Execute         ap_part_info -name xc7z020-clg400-1 -data names -quiet 
Execute         ap_part_info -name xc7z020-clg400-1 -data info -quiet 
Execute         ap_part_info -name xc7z020-clg400-1 -data names -quiet 
Execute         ap_part_info -name xc7z020-clg400-1 -data info -quiet 
Execute         ap_part_info -name xc7z020-clg400-1 -data names -quiet 
Execute         ap_part_info -name xc7z020-clg400-1 -data info -quiet 
Execute         ap_part_info -name xc7z020-clg400-1 -data names -quiet 
Execute         ap_part_info -name xc7z020-clg400-1 -data info -quiet 
Execute         ap_part_info -name xc7z020-clg400-1 -data names -quiet 
Execute         ap_part_info -name xc7z020-clg400-1 -data info -quiet 
Execute         ap_part_info -name xc7z020-clg400-1 -data names -quiet 
Execute         ap_part_info -name xc7z020-clg400-1 -data info -quiet 
Execute         ap_part_info -name xc7z020-clg400-1 -data names -quiet 
Execute         ap_part_info -name xc7z020-clg400-1 -data info -quiet 
Execute         ap_part_info -name xc7z020-clg400-1 -data names -quiet 
Execute         ap_part_info -name xc7z020-clg400-1 -data info -quiet 
Execute         ap_part_info -name xc7z020-clg400-1 -data names -quiet 
Execute         ap_part_info -name xc7z020-clg400-1 -data info -quiet 
Execute       ap_part_info -name xc7z020-clg400-1 -data names -quiet 
Execute       ap_part_info -name xc7z020-clg400-1 -data info -quiet 
INFO-FLOW: DBG:CMD:       generate_ip_cores sim=0 export=0 expOnly=0 dstVlogDir=impl/.pcores/verilog_sim
Execute       source /mnt/isaac_sbay0/lbo-ws/Projects/DVR-008-002/Base_Design_Project/DMA_RGB24b/hls/DMA24b_mm2s_prj/solution1/.autopilot/db/global.setting.tcl 
Execute       source /mnt/isaac_sbay0/lbo-ws/Projects/DVR-008-002/Base_Design_Project/DMA_RGB24b/hls/DMA24b_mm2s_prj/solution1/.autopilot/db/DMA24b_mm2s_fetch.compgen.tcl 
Execute       source /mnt/isaac_sbay0/lbo-ws/Projects/DVR-008-002/Base_Design_Project/DMA_RGB24b/hls/DMA24b_mm2s_prj/solution1/.autopilot/db/DMA24b_mm2s_streamout.compgen.tcl 
Execute       source /mnt/isaac_sbay0/lbo-ws/Projects/DVR-008-002/Base_Design_Project/DMA_RGB24b/hls/DMA24b_mm2s_prj/solution1/.autopilot/db/DMA24b_mm2s.compgen.tcl 
Execute       source /mnt/isaac_sbay0/lbo-ws/Projects/DVR-008-002/Base_Design_Project/DMA_RGB24b/hls/DMA24b_mm2s_prj/solution1/.autopilot/db/DMA24bUnit_mm2s.compgen.tcl 
Execute       ap_part_info -name xc7z020-clg400-1 -data names -quiet 
Execute       ap_part_info -name xc7z020-clg400-1 -data info -quiet 
Execute       ap_part_info -name xc7z020-clg400-1 -data names -quiet 
Execute       ap_part_info -name xc7z020-clg400-1 -data info -quiet 
Execute       source /mnt/isaac_sbay0/lbo-ws/Projects/DVR-008-002/Base_Design_Project/DMA_RGB24b/hls/DMA24b_mm2s_prj/solution1/.autopilot/db/global.setting.tcl 
Execute       ap_part_info -name xc7z020-clg400-1 -data names -quiet 
Execute       ap_part_info -name xc7z020-clg400-1 -data info -quiet 
Execute       source /mnt/isaac_sbay0/lbo-ws/Projects/DVR-008-002/Base_Design_Project/DMA_RGB24b/hls/DMA24b_mm2s_prj/solution1/.autopilot/db/DMA24bUnit_mm2s.constraint.tcl 
Execute       source /mnt/isaac_sbay0/lbo-ws/Projects/DVR-008-002/Base_Design_Project/DMA_RGB24b/hls/DMA24b_mm2s_prj/solution1/.autopilot/db/DMA24bUnit_mm2s.tbgen.tcl 
INFO-FLOW: DBG:CMD:       hasPcoreIpAdapter=false #gSsdmPorts=18
INFO-FLOW: DBG:CMD: Skipping loadAnalyze_DB, #g_database=9
INFO-FLOW: DBG:CMD:       generate_json is_phase_csynth=1 g_has_adaptors=false generate_bd_files=1 #modelList=16 #gSsdmPorts=18
Execute       source /tools/xilinx/Vitis_HLS/2020.2/tps/tcl/tcllib1.11.1/fileutil/fileutil.tcl 
Execute       source /mnt/isaac_sbay0/lbo-ws/Projects/DVR-008-002/Base_Design_Project/DMA_RGB24b/hls/DMA24b_mm2s_prj/solution1/.autopilot/db/global.setting.tcl 
Execute       source /mnt/isaac_sbay0/lbo-ws/Projects/DVR-008-002/Base_Design_Project/DMA_RGB24b/hls/DMA24b_mm2s_prj/solution1/.autopilot/db/global.setting.tcl 
Execute       source /mnt/isaac_sbay0/lbo-ws/Projects/DVR-008-002/Base_Design_Project/DMA_RGB24b/hls/DMA24b_mm2s_prj/solution1/.autopilot/db/top-io-be.tcl 
Execute       source /mnt/isaac_sbay0/lbo-ws/Projects/DVR-008-002/Base_Design_Project/DMA_RGB24b/hls/DMA24b_mm2s_prj/solution1/.autopilot/db/DMA24bUnit_mm2s.tbgen.tcl 
Execute       source /mnt/isaac_sbay0/lbo-ws/Projects/DVR-008-002/Base_Design_Project/DMA_RGB24b/hls/DMA24b_mm2s_prj/solution1/.autopilot/db/DMA24bUnit_mm2s.tbgen.tcl 
Execute       source /mnt/isaac_sbay0/lbo-ws/Projects/DVR-008-002/Base_Design_Project/DMA_RGB24b/hls/DMA24b_mm2s_prj/solution1/.autopilot/db/DMA24bUnit_mm2s.rtl_wrap.cfg.tcl 
Execute       source /mnt/isaac_sbay0/lbo-ws/Projects/DVR-008-002/Base_Design_Project/DMA_RGB24b/hls/DMA24b_mm2s_prj/solution1/.autopilot/db/DMA24bUnit_mm2s.compgen.dataonly.tcl 
Execute       get_config_export -format 
Execute       ap_part_info -name xc7z020-clg400-1 -data names -quiet 
Execute       ap_part_info -name xc7z020-clg400-1 -data info -quiet 
Execute       source /mnt/isaac_sbay0/lbo-ws/Projects/DVR-008-002/Base_Design_Project/DMA_RGB24b/hls/DMA24b_mm2s_prj/solution1/.autopilot/db/DMA24b_mm2s_fetch.tbgen.tcl 
Execute       source /mnt/isaac_sbay0/lbo-ws/Projects/DVR-008-002/Base_Design_Project/DMA_RGB24b/hls/DMA24b_mm2s_prj/solution1/.autopilot/db/DMA24b_mm2s_streamout.tbgen.tcl 
Execute       source /mnt/isaac_sbay0/lbo-ws/Projects/DVR-008-002/Base_Design_Project/DMA_RGB24b/hls/DMA24b_mm2s_prj/solution1/.autopilot/db/DMA24b_mm2s.tbgen.tcl 
Execute       source /mnt/isaac_sbay0/lbo-ws/Projects/DVR-008-002/Base_Design_Project/DMA_RGB24b/hls/DMA24b_mm2s_prj/solution1/.autopilot/db/DMA24bUnit_mm2s.tbgen.tcl 
Execute       source /mnt/isaac_sbay0/lbo-ws/Projects/DVR-008-002/Base_Design_Project/DMA_RGB24b/hls/DMA24b_mm2s_prj/solution1/.autopilot/db/global.setting.tcl 
Execute       ap_part_info -name xc7z020-clg400-1 -data names -quiet 
Execute       ap_part_info -name xc7z020-clg400-1 -data info -quiet 
Execute       get_solution -flow_target 
Execute       get_config_rtl -kernel_profile 
Execute       get_config_rtl -kernel_profile 
Execute       get_config_rtl -stall_sig_gen 
Execute       get_config_rtl -profile 
Execute       source /mnt/isaac_sbay0/lbo-ws/Projects/DVR-008-002/Base_Design_Project/DMA_RGB24b/hls/DMA24b_mm2s_prj/solution1/.autopilot/db/DMA24bUnit_mm2s.constraint.tcl 
Execute       sc_get_clocks DMA24bUnit_mm2s 
Execute       source /mnt/isaac_sbay0/lbo-ws/Projects/DVR-008-002/Base_Design_Project/DMA_RGB24b/hls/DMA24b_mm2s_prj/solution1/.autopilot/db/global.setting.tcl 
Execute       get_config_debug -directory 
INFO-FLOW: DBG:CMD:       delete-temp-dirs (skipped for debug)
INFO: [HLS 200-111] Finished Generating all RTL models: CPU user time: 0.5 seconds. CPU system time: 0.02 seconds. Elapsed time: 0.53 seconds; current allocated memory: 320.970 MB.
INFO: [VHDL 208-304] Generating VHDL RTL for DMA24bUnit_mm2s.
INFO: [VLOG 209-307] Generating Verilog RTL for DMA24bUnit_mm2s.
INFO-FLOW: DBG:CMD:       update_csynth_xml_report append design.xml content design_xml=/mnt/isaac_sbay0/lbo-ws/Projects/DVR-008-002/Base_Design_Project/DMA_RGB24b/hls/DMA24b_mm2s_prj/solution1/.autopilot/db/DMA24bUnit_mm2s.design.xml
INFO-FLOW: DBG:CMD:       update_csynth_xml_report json2reportxml
Execute       send_msg_by_id INFO @200-1603@%s  and missed bursts 
INFO: [HLS 200-1603] Design has MAXI bursts and missed bursts, see Vitis HLS GUI synthesis summary report for detailed information.
INFO-FLOW: DBG:CMD:       update_csynth_xml_report done
Execute       syn_report -model DMA24bUnit_mm2s -printsummary 
INFO: [HLS 200-789] **** Estimated Fmax: 205.69 MHz
Command     autosyn done; 1.14 sec.
Command   csynth_design done; 5.51 sec.
INFO: [HLS 200-111] Finished Command csynth_design CPU user time: 5.51 seconds. CPU system time: 0.4 seconds. Elapsed time: 5.51 seconds; current allocated memory: 321.995 MB.
Command ap_source done; 6.29 sec.
Execute cleanup_all 
INFO-FLOW: Workspace /mnt/isaac_sbay0/lbo-ws/Projects/DVR-008-002/Base_Design_Project/DMA_RGB24b/hls/DMA24b_mm2s_prj/solution1 opened at Thu Sep 03 13:59:45 CEST 2026
Execute     ap_set_clock -name default -period 6.66 -default=false 
INFO: [SYN 201-201] Setting up clock 'default' with a period of 6.66ns.
Execute     import_lib /tools/xilinx/Vitis_HLS/2020.2/common/technology/xilinx/zynq/zynq 
Execute       source /tools/xilinx/Vitis_HLS/2020.2/common/technology/xilinx/interface/xilinx_interface.hlp 
Execute         source /tools/xilinx/Vitis_HLS/2020.2/common/technology/xilinx/interface/maxi.hlp 
Execute         source /tools/xilinx/Vitis_HLS/2020.2/common/technology/xilinx/interface/saxilite.hlp 
Execute       source /tools/xilinx/Vitis_HLS/2020.2/common/technology/xilinx/DSP48/dsp48.hlp 
Execute     source /tools/xilinx/Vitis_HLS/2020.2/common/technology/xilinx/common/xilinx.gen 
Execute       source /tools/xilinx/Vitis_HLS/2020.2/common/technology/xilinx/interface/plb46.gen 
Execute       source /tools/xilinx/Vitis_HLS/2020.2/common/technology/xilinx/interface/axi4.gen 
Execute       source /tools/xilinx/Vitis_HLS/2020.2/common/technology/xilinx/interface/nativeAXI4.gen 
Execute         source /tools/xilinx/Vitis_HLS/2020.2/common/technology/xilinx/interface/saxilite.gen 
Execute         source /tools/xilinx/Vitis_HLS/2020.2/common/technology/xilinx/interface/maxi.gen 
Execute       source /tools/xilinx/Vitis_HLS/2020.2/common/technology/xilinx/scripts/xilinxcoregen.gen 
Execute       source /tools/xilinx/Vitis_HLS/2020.2/common/technology/xilinx/interface/XilEDKCoreGen.gen 
Execute       source /tools/xilinx/Vitis_HLS/2020.2/common/technology/xilinx/ip/dds_compiler.gen 
Execute       source /tools/xilinx/Vitis_HLS/2020.2/common/technology/xilinx/ip/util.gen 
Execute       source /tools/xilinx/Vitis_HLS/2020.2/common/technology/xilinx/ip/xfft.gen 
Execute       source /tools/xilinx/Vitis_HLS/2020.2/common/technology/xilinx/ip/xfir.gen 
Execute       source /tools/xilinx/Vitis_HLS/2020.2/common/technology/xilinx/DSP48/dsp48.gen 
Execute     set_part xc7z020-clg400-1 
INFO-FLOW: DBG:set_part: XILINX_VIVADO=/tools/xilinx/Vivado/2020.2
INFO-FLOW: DBG:set_part: RDI_DATADIR=/tools/xilinx/Vivado/2020.2/data:/tools/xilinx/Vitis_HLS/2020.2/data
Execute       ap_part_info -name xc7z020-clg400-1 -data single -quiet 
DBG:HLSDevice: Trying to load device library: /tools/xilinx/Vitis_HLS/2020.2/lib/lnx64.o/librdi_hlsvwrap.so
DBG:HLSDevice: first parts/arch.xml in RDI_DATADIR: /tools/xilinx/Vivado/2020.2/data/parts/arch.xml
Command       ap_part_info done; 0.52 sec.
Execute       ap_part_info -name xc7z020-clg400-1 -data info 
Execute       add_library xilinx/zynq/zynq:xc7z020:-clg400:-1 
Execute         get_default_platform 
Execute         open_platform DefaultPlatform 
Execute         ap_part_info -data single -name xc7z020-clg400-1 
Execute         ap_part_info -name xc7z020-clg400-1 -data resources 
Execute         config_chip_info -resource {SLICE 13300} {LUT 53200} {FF 106400} {DSP 220} {BRAM 280} {URAM 0} 
Execute         ap_part_info -name xc7z020-clg400-1 -data info 
Execute         config_chip_info -speed slow 
Execute         ap_part_info -name xc7z020-clg400-1 -data info 
Execute         config_library_info -library zynq_slow 
Execute         config_library_info -family zynq 
Execute         config_library_info -part xc7z020:-clg400:-1 
Execute         import_lib /tools/xilinx/Vitis_HLS/2020.2/common/technology/xilinx/zynq/zynq 
Execute           source /tools/xilinx/Vitis_HLS/2020.2/common/technology/xilinx/interface/xilinx_interface.hlp 
Execute             source /tools/xilinx/Vitis_HLS/2020.2/common/technology/xilinx/interface/maxi.hlp 
Execute             source /tools/xilinx/Vitis_HLS/2020.2/common/technology/xilinx/interface/saxilite.hlp 
Execute           source /tools/xilinx/Vitis_HLS/2020.2/common/technology/xilinx/DSP48/dsp48.hlp 
Execute           source /tools/xilinx/Vitis_HLS/2020.2/common/technology/xilinx/DSP48/zynq_dsp48e1.hlp 
Execute         source /tools/xilinx/Vitis_HLS/2020.2/common/technology/xilinx/common/xilinx.gen 
Execute           source /tools/xilinx/Vitis_HLS/2020.2/common/technology/xilinx/interface/plb46.gen 
Execute           source /tools/xilinx/Vitis_HLS/2020.2/common/technology/xilinx/interface/axi4.gen 
Execute           source /tools/xilinx/Vitis_HLS/2020.2/common/technology/xilinx/interface/nativeAXI4.gen 
Execute             source /tools/xilinx/Vitis_HLS/2020.2/common/technology/xilinx/interface/saxilite.gen 
Execute             source /tools/xilinx/Vitis_HLS/2020.2/common/technology/xilinx/interface/maxi.gen 
Execute           source /tools/xilinx/Vitis_HLS/2020.2/common/technology/xilinx/scripts/xilinxcoregen.gen 
Execute           source /tools/xilinx/Vitis_HLS/2020.2/common/technology/xilinx/interface/XilEDKCoreGen.gen 
Execute           source /tools/xilinx/Vitis_HLS/2020.2/common/technology/xilinx/ip/dds_compiler.gen 
Execute           source /tools/xilinx/Vitis_HLS/2020.2/common/technology/xilinx/ip/util.gen 
Execute           source /tools/xilinx/Vitis_HLS/2020.2/common/technology/xilinx/ip/xfft.gen 
Execute           source /tools/xilinx/Vitis_HLS/2020.2/common/technology/xilinx/ip/xfir.gen 
Execute           source /tools/xilinx/Vitis_HLS/2020.2/common/technology/xilinx/DSP48/dsp48.gen 
INFO: [HLS 200-10] Setting target device to 'xc7z020-clg400-1'
Execute       ap_part_info -name xc7z020-clg400-1 -data info 
Execute       config_compile -quiet -complex-mul-dsp=0 
Command     set_part done; 0.61 sec.
Execute     ap_part_info -data single -name xc7z020-clg400-1 
Execute     ap_part_info -name xc7z020-clg400-1 -data resources 
Execute     config_chip_info -resource {SLICE 13300} {LUT 53200} {FF 106400} {DSP 220} {BRAM 280} {URAM 0} 
Execute     ap_part_info -name xc7z020-clg400-1 -data info 
Execute     config_chip_info -speed slow 
Execute     send_msg_by_id INFO @200-1505@%s%s  vivado 
INFO: [HLS 200-1505] Using flow_target 'vivado'
Execute     get_config_interface -m_axi_latency 
Execute     get_config_interface -m_axi_alignment_byte_size 
Execute     get_config_interface -m_axi_max_widen_bitwidth 
Execute     get_config_interface -default_interface 
Execute     get_config_interface -m_axi_offset 
Execute     get_config_rtl -register_reset_num 
Execute     send_msg_by_id INFO @200-1464@%s config_export -format=ip_catalog 
INFO: [HLS 200-1464] Running solution command: config_export -format=ip_catalog
Execute     config_export -format=ip_catalog 
Execute     send_msg_by_id INFO @200-1464@%s config_export -rtl=vhdl 
INFO: [HLS 200-1464] Running solution command: config_export -rtl=vhdl
Execute     config_export -rtl=vhdl 
Command   open_solution done; 0.66 sec.
Execute   set_part xc7z020-clg400-1 
INFO: [HLS 200-1510] Running: set_part xc7z020-clg400-1 
INFO-FLOW: DBG:set_part: XILINX_VIVADO=/tools/xilinx/Vivado/2020.2
INFO-FLOW: DBG:set_part: RDI_DATADIR=/tools/xilinx/Vivado/2020.2/data:/tools/xilinx/Vitis_HLS/2020.2/data
Execute     ap_part_info -name xc7z020-clg400-1 -data single -quiet 
Execute     ap_part_info -name xc7z020-clg400-1 -data info 
Execute     add_library xilinx/zynq/zynq:xc7z020:-clg400:-1 
Execute       get_default_platform 
Execute       open_platform DefaultPlatform 
Execute       ap_part_info -data single -name xc7z020-clg400-1 
Execute       ap_part_info -name xc7z020-clg400-1 -data resources 
Execute       config_chip_info -resource {SLICE 13300} {LUT 53200} {FF 106400} {DSP 220} {BRAM 280} {URAM 0} 
Execute       ap_part_info -name xc7z020-clg400-1 -data info 
Execute       config_chip_info -speed slow 
Execute       ap_part_info -name xc7z020-clg400-1 -data info 
Execute       config_library_info -library zynq_slow 
Execute       config_library_info -family zynq 
Execute       config_library_info -part xc7z020:-clg400:-1 
Execute       import_lib /tools/xilinx/Vitis_HLS/2020.2/common/technology/xilinx/zynq/zynq 
Execute         source /tools/xilinx/Vitis_HLS/2020.2/common/technology/xilinx/interface/xilinx_interface.hlp 
Execute           source /tools/xilinx/Vitis_HLS/2020.2/common/technology/xilinx/interface/maxi.hlp 
Execute           source /tools/xilinx/Vitis_HLS/2020.2/common/technology/xilinx/interface/saxilite.hlp 
Execute         source /tools/xilinx/Vitis_HLS/2020.2/common/technology/xilinx/DSP48/dsp48.hlp 
Execute         source /tools/xilinx/Vitis_HLS/2020.2/common/technology/xilinx/DSP48/zynq_dsp48e1.hlp 
Execute       source /tools/xilinx/Vitis_HLS/2020.2/common/technology/xilinx/common/xilinx.gen 
Execute         source /tools/xilinx/Vitis_HLS/2020.2/common/technology/xilinx/interface/plb46.gen 
Execute         source /tools/xilinx/Vitis_HLS/2020.2/common/technology/xilinx/interface/axi4.gen 
Execute         source /tools/xilinx/Vitis_HLS/2020.2/common/technology/xilinx/interface/nativeAXI4.gen 
Execute           source /tools/xilinx/Vitis_HLS/2020.2/common/technology/xilinx/interface/saxilite.gen 
Execute           source /tools/xilinx/Vitis_HLS/2020.2/common/technology/xilinx/interface/maxi.gen 
Execute         source /tools/xilinx/Vitis_HLS/2020.2/common/technology/xilinx/scripts/xilinxcoregen.gen 
Execute         source /tools/xilinx/Vitis_HLS/2020.2/common/technology/xilinx/interface/XilEDKCoreGen.gen 
Execute         source /tools/xilinx/Vitis_HLS/2020.2/common/technology/xilinx/ip/dds_compiler.gen 
Execute         source /tools/xilinx/Vitis_HLS/2020.2/common/technology/xilinx/ip/util.gen 
Execute         source /tools/xilinx/Vitis_HLS/2020.2/common/technology/xilinx/ip/xfft.gen 
Execute         source /tools/xilinx/Vitis_HLS/2020.2/common/technology/xilinx/ip/xfir.gen 
Execute         source /tools/xilinx/Vitis_HLS/2020.2/common/technology/xilinx/DSP48/dsp48.gen 
Execute     ap_part_info -name xc7z020-clg400-1 -data info 
Execute     config_compile -quiet -complex-mul-dsp=0 
Execute   create_clock -period 6.66 -name default 
INFO: [HLS 200-1510] Running: create_clock -period 6.66 -name default 
Execute   config_export -format ip_catalog -rtl vhdl 
INFO: [HLS 200-1510] Running: config_export -format ip_catalog -rtl vhdl 
Execute   source ./DMA24b_mm2s_prj/solution1/directives.tcl 
Execute     set_directive_top -name DMA24bUnit_mm2s DMA24bUnit_mm2s 
INFO: [HLS 200-1510] Running: set_directive_top -name DMA24bUnit_mm2s DMA24bUnit_mm2s 
INFO-FLOW: Setting directive 'TOP' name=DMA24bUnit_mm2s 
Execute   export_design -rtl vhdl -format ip_catalog 
INFO: [HLS 200-1510] Running: export_design -rtl vhdl -format ip_catalog 
Execute     get_config_export -clock_margin 
Execute     get_config_export -custom_script 
Execute     get_config_export -description 
Execute     get_config_export -display_name 
Execute     get_config_export -driver_input_dir 
Execute     get_config_export -ipname 
Execute     get_config_export -library 
Execute     get_config_export -output 
Execute     get_config_export -qor_test 
Execute     get_config_export -sim 
Execute     get_config_export -taxonomy 
Execute     get_config_export -use_ip 
Execute     get_config_export -use_netlist 
Execute     get_config_export -vendor 
Execute     get_config_export -version 
Execute     get_config_export -xo 
Execute     config_export -format=ip_catalog -rtl=vhdl 
INFO-FLOW: DBG:CMD: export_design_wrap: -format ip_catalog -rtl vhdl
Execute     source /mnt/isaac_sbay0/lbo-ws/Projects/DVR-008-002/Base_Design_Project/DMA_RGB24b/hls/DMA24b_mm2s_prj/solution1/.autopilot/db/global.setting.tcl 
Execute     get_config_export -vivado_clock 
Execute     get_top 
Execute     get_config_export -ipname 
Execute     get_config_export -xo 
Execute     get_config_export -format 
Execute     get_config_rtl -module_auto_prefix 
INFO-FLOW: DBG:CMD:   auto_impl: set ipname to top (module_auto_prefix): DMA24bUnit_mm2s
Execute     get_solution -flow_target 
Execute     get_config_export -xo 
Execute     get_config_export -format 
INFO-FLOW: DBG:CMD:   auto_impl: pack: -export -rtl vhdl
Execute     source /mnt/isaac_sbay0/lbo-ws/Projects/DVR-008-002/Base_Design_Project/DMA_RGB24b/hls/DMA24b_mm2s_prj/solution1/.autopilot/db/global.setting.tcl 
INFO: [IMPL 213-8] Exporting RTL as a Vivado IP.
Execute     source /mnt/isaac_sbay0/lbo-ws/Projects/DVR-008-002/Base_Design_Project/DMA_RGB24b/hls/DMA24b_mm2s_prj/solution1/.autopilot/db/global.setting.tcl 
INFO-FLOW: DBG:CMD: automg_wrap -export -pcore_version 1.00.a -rtl vhdl -tool Vivado -impltomg_flag
INFO-FLOW: DBG:CMD:     auto_generate -export -pcore_version 1.00.a -rtl vhdl -tool Vivado -impltomg_flag
Execute     get_solution -flow_target 
Execute     get_config_export -xo 
Execute     get_config_export -format 
Execute     source /mnt/isaac_sbay0/lbo-ws/Projects/DVR-008-002/Base_Design_Project/DMA_RGB24b/hls/DMA24b_mm2s_prj/solution1/.autopilot/db/global.setting.tcl 
INFO-FLOW: DBG:CMD: read_platform_lib /mnt/isaac_sbay0/lbo-ws/Projects/DVR-008-002/Base_Design_Project/DMA_RGB24b/hls/DMA24b_mm2s_prj/solution1/.autopilot/db/global.setting.tcl
Execute     source /tools/xilinx/Vitis_HLS/2020.2/common/technology/generic/autopilot/common.gen 
Execute       source /tools/xilinx/Vitis_HLS/2020.2/common/technology/generic/autopilot/APCoreGen.gen 
Execute     source /tools/xilinx/Vitis_HLS/2020.2/common/technology/generic/autopilot/op.gen 
Execute     source /tools/xilinx/Vitis_HLS/2020.2/common/technology/generic/autopilot/op_simcore.gen 
Execute     source /tools/xilinx/Vitis_HLS/2020.2/common/technology/generic/autopilot/interface.gen 
Execute     source /mnt/isaac_sbay0/lbo-ws/Projects/DVR-008-002/Base_Design_Project/DMA_RGB24b/hls/DMA24b_mm2s_prj/solution1/.autopilot/db/global.setting.tcl 
Execute     source /tools/xilinx/Vitis_HLS/2020.2/common/technology/xilinx/common/xilinx.gen 
Execute       source /tools/xilinx/Vitis_HLS/2020.2/common/technology/xilinx/interface/plb46.gen 
Execute       source /tools/xilinx/Vitis_HLS/2020.2/common/technology/xilinx/interface/axi4.gen 
Execute       source /tools/xilinx/Vitis_HLS/2020.2/common/technology/xilinx/interface/nativeAXI4.gen 
Execute         source /tools/xilinx/Vitis_HLS/2020.2/common/technology/xilinx/interface/saxilite.gen 
Execute         source /tools/xilinx/Vitis_HLS/2020.2/common/technology/xilinx/interface/maxi.gen 
Execute       source /tools/xilinx/Vitis_HLS/2020.2/common/technology/xilinx/scripts/xilinxcoregen.gen 
Execute       source /tools/xilinx/Vitis_HLS/2020.2/common/technology/xilinx/interface/XilEDKCoreGen.gen 
Execute       source /tools/xilinx/Vitis_HLS/2020.2/common/technology/xilinx/ip/dds_compiler.gen 
Execute       source /tools/xilinx/Vitis_HLS/2020.2/common/technology/xilinx/ip/util.gen 
Execute       source /tools/xilinx/Vitis_HLS/2020.2/common/technology/xilinx/ip/xfft.gen 
Execute       source /tools/xilinx/Vitis_HLS/2020.2/common/technology/xilinx/ip/xfir.gen 
Execute       source /tools/xilinx/Vitis_HLS/2020.2/common/technology/xilinx/DSP48/dsp48.gen 
INFO-FLOW: DBG:CMD:   using AESL_AUTOCG::g_clock_period=6.660 (was NA)
INFO-FLOW: DBG:CMD:       initCTypeInfo top_module=DMA24bUnit_mm2s xml_exists=1
Execute     source /mnt/isaac_sbay0/lbo-ws/Projects/DVR-008-002/Base_Design_Project/DMA_RGB24b/hls/DMA24b_mm2s_prj/solution1/.autopilot/db/DMA24bUnit_mm2s.rtl_wrap.cfg.tcl 
Execute     source /mnt/isaac_sbay0/lbo-ws/Projects/DVR-008-002/Base_Design_Project/DMA_RGB24b/hls/DMA24b_mm2s_prj/solution1/.autopilot/db/DMA24bUnit_mm2s.rtl_wrap.cfg.tcl 
Execute     source /mnt/isaac_sbay0/lbo-ws/Projects/DVR-008-002/Base_Design_Project/DMA_RGB24b/hls/DMA24b_mm2s_prj/solution1/.autopilot/db/DMA24bUnit_mm2s.rtl_wrap.cfg.tcl 
Execute     source /mnt/isaac_sbay0/lbo-ws/Projects/DVR-008-002/Base_Design_Project/DMA_RGB24b/hls/DMA24b_mm2s_prj/solution1/.autopilot/db/DMA24bUnit_mm2s.tbgen.tcl 
Execute     source /mnt/isaac_sbay0/lbo-ws/Projects/DVR-008-002/Base_Design_Project/DMA_RGB24b/hls/DMA24b_mm2s_prj/solution1/.autopilot/db/DMA24bUnit_mm2s.tbgen.tcl 
INFO-FLOW: DBG:CMD:       export_impl_rtl
INFO-FLOW: DBG:CMD:       generate_ip_cores sim=0 export=0 expOnly=0 dstVlogDir=impl/.verilog
Execute     source /mnt/isaac_sbay0/lbo-ws/Projects/DVR-008-002/Base_Design_Project/DMA_RGB24b/hls/DMA24b_mm2s_prj/solution1/.autopilot/db/global.setting.tcl 
Execute     source /mnt/isaac_sbay0/lbo-ws/Projects/DVR-008-002/Base_Design_Project/DMA_RGB24b/hls/DMA24b_mm2s_prj/solution1/.autopilot/db/DMA24b_mm2s_fetch.compgen.tcl 
Execute     source /mnt/isaac_sbay0/lbo-ws/Projects/DVR-008-002/Base_Design_Project/DMA_RGB24b/hls/DMA24b_mm2s_prj/solution1/.autopilot/db/DMA24b_mm2s_streamout.compgen.tcl 
Execute     source /mnt/isaac_sbay0/lbo-ws/Projects/DVR-008-002/Base_Design_Project/DMA_RGB24b/hls/DMA24b_mm2s_prj/solution1/.autopilot/db/DMA24b_mm2s.compgen.tcl 
Execute     source /mnt/isaac_sbay0/lbo-ws/Projects/DVR-008-002/Base_Design_Project/DMA_RGB24b/hls/DMA24b_mm2s_prj/solution1/.autopilot/db/DMA24bUnit_mm2s.compgen.tcl 
Execute     get_config_export -disable_deadlock_detection 
Execute     source /mnt/isaac_sbay0/lbo-ws/Projects/DVR-008-002/Base_Design_Project/DMA_RGB24b/hls/DMA24b_mm2s_prj/solution1/.autopilot/db/global.setting.tcl 
Execute     source /mnt/isaac_sbay0/lbo-ws/Projects/DVR-008-002/Base_Design_Project/DMA_RGB24b/hls/DMA24b_mm2s_prj/solution1/.autopilot/db/DMA24bUnit_mm2s.tbgen.tcl 
Execute     get_config_rtl -module_prefix 
INFO-FLOW: DBG:CMD:       cosim_export_main adding deadlock detection to DMA24bUnit_mm2s
INFO-FLOW: DBG:CMD:       generate_ip_cores sim=0 export=1 expOnly=1 dstVlogDir=impl/.pcores/verilog
Execute     source /mnt/isaac_sbay0/lbo-ws/Projects/DVR-008-002/Base_Design_Project/DMA_RGB24b/hls/DMA24b_mm2s_prj/solution1/.autopilot/db/global.setting.tcl 
Execute     source /mnt/isaac_sbay0/lbo-ws/Projects/DVR-008-002/Base_Design_Project/DMA_RGB24b/hls/DMA24b_mm2s_prj/solution1/.autopilot/db/DMA24b_mm2s_fetch.compgen.tcl 
Execute     source /mnt/isaac_sbay0/lbo-ws/Projects/DVR-008-002/Base_Design_Project/DMA_RGB24b/hls/DMA24b_mm2s_prj/solution1/.autopilot/db/DMA24b_mm2s_streamout.compgen.tcl 
Execute     source /mnt/isaac_sbay0/lbo-ws/Projects/DVR-008-002/Base_Design_Project/DMA_RGB24b/hls/DMA24b_mm2s_prj/solution1/.autopilot/db/DMA24b_mm2s.compgen.tcl 
Execute     source /mnt/isaac_sbay0/lbo-ws/Projects/DVR-008-002/Base_Design_Project/DMA_RGB24b/hls/DMA24b_mm2s_prj/solution1/.autopilot/db/DMA24bUnit_mm2s.compgen.tcl 
Execute       ap_part_info -name xc7z020-clg400-1 -data names -quiet 
Execute       ap_part_info -name xc7z020-clg400-1 -data info -quiet 
Execute       ap_part_info -name xc7z020-clg400-1 -data names -quiet 
Execute       ap_part_info -name xc7z020-clg400-1 -data info -quiet 
Execute       ap_part_info -name xc7z020-clg400-1 -data names -quiet 
Execute       ap_part_info -name xc7z020-clg400-1 -data info -quiet 
Execute       ap_part_info -name xc7z020-clg400-1 -data names -quiet 
Execute       ap_part_info -name xc7z020-clg400-1 -data info -quiet 
Execute       ap_part_info -name xc7z020-clg400-1 -data names -quiet 
Execute       ap_part_info -name xc7z020-clg400-1 -data info -quiet 
Execute       ap_part_info -name xc7z020-clg400-1 -data names -quiet 
Execute       ap_part_info -name xc7z020-clg400-1 -data info -quiet 
Execute       ap_part_info -name xc7z020-clg400-1 -data names -quiet 
Execute       ap_part_info -name xc7z020-clg400-1 -data info -quiet 
Execute       ap_part_info -name xc7z020-clg400-1 -data names -quiet 
Execute       ap_part_info -name xc7z020-clg400-1 -data info -quiet 
Execute       ap_part_info -name xc7z020-clg400-1 -data names -quiet 
Execute       ap_part_info -name xc7z020-clg400-1 -data info -quiet 
Execute       ap_part_info -name xc7z020-clg400-1 -data names -quiet 
Execute       ap_part_info -name xc7z020-clg400-1 -data info -quiet 
Execute     ap_part_info -name xc7z020-clg400-1 -data names -quiet 
Execute     ap_part_info -name xc7z020-clg400-1 -data info -quiet 
INFO-FLOW: DBG:CMD:       generate_ip_cores sim=0 export=0 expOnly=0 dstVlogDir=impl/.pcores/verilog_sim
Execute     source /mnt/isaac_sbay0/lbo-ws/Projects/DVR-008-002/Base_Design_Project/DMA_RGB24b/hls/DMA24b_mm2s_prj/solution1/.autopilot/db/global.setting.tcl 
Execute     source /mnt/isaac_sbay0/lbo-ws/Projects/DVR-008-002/Base_Design_Project/DMA_RGB24b/hls/DMA24b_mm2s_prj/solution1/.autopilot/db/DMA24b_mm2s_fetch.compgen.tcl 
Execute     source /mnt/isaac_sbay0/lbo-ws/Projects/DVR-008-002/Base_Design_Project/DMA_RGB24b/hls/DMA24b_mm2s_prj/solution1/.autopilot/db/DMA24b_mm2s_streamout.compgen.tcl 
Execute     source /mnt/isaac_sbay0/lbo-ws/Projects/DVR-008-002/Base_Design_Project/DMA_RGB24b/hls/DMA24b_mm2s_prj/solution1/.autopilot/db/DMA24b_mm2s.compgen.tcl 
Execute     source /mnt/isaac_sbay0/lbo-ws/Projects/DVR-008-002/Base_Design_Project/DMA_RGB24b/hls/DMA24b_mm2s_prj/solution1/.autopilot/db/DMA24bUnit_mm2s.compgen.tcl 
Execute     get_config_export -disable_deadlock_detection 
Execute     source /mnt/isaac_sbay0/lbo-ws/Projects/DVR-008-002/Base_Design_Project/DMA_RGB24b/hls/DMA24b_mm2s_prj/solution1/.autopilot/db/global.setting.tcl 
Execute     source /mnt/isaac_sbay0/lbo-ws/Projects/DVR-008-002/Base_Design_Project/DMA_RGB24b/hls/DMA24b_mm2s_prj/solution1/.autopilot/db/DMA24bUnit_mm2s.tbgen.tcl 
Execute     get_config_rtl -module_prefix 
INFO-FLOW: DBG:CMD:       cosim_export_main adding deadlock detection to DMA24bUnit_mm2s
Execute     ap_part_info -name xc7z020-clg400-1 -data names -quiet 
Execute     ap_part_info -name xc7z020-clg400-1 -data info -quiet 
Execute     ap_part_info -name xc7z020-clg400-1 -data names -quiet 
Execute     ap_part_info -name xc7z020-clg400-1 -data info -quiet 
Execute     source /mnt/isaac_sbay0/lbo-ws/Projects/DVR-008-002/Base_Design_Project/DMA_RGB24b/hls/DMA24b_mm2s_prj/solution1/.autopilot/db/global.setting.tcl 
Execute     ap_part_info -name xc7z020-clg400-1 -data names -quiet 
Execute     ap_part_info -name xc7z020-clg400-1 -data info -quiet 
Execute     source /mnt/isaac_sbay0/lbo-ws/Projects/DVR-008-002/Base_Design_Project/DMA_RGB24b/hls/DMA24b_mm2s_prj/solution1/.autopilot/db/DMA24bUnit_mm2s.constraint.tcl 
Execute     source /mnt/isaac_sbay0/lbo-ws/Projects/DVR-008-002/Base_Design_Project/DMA_RGB24b/hls/DMA24b_mm2s_prj/solution1/.autopilot/db/DMA24bUnit_mm2s.tbgen.tcl 
INFO-FLOW: DBG:CMD:       hasPcoreIpAdapter=false #gSsdmPorts=18
INFO-FLOW: DBG:CMD:       copying IP vlog from /mnt/isaac_sbay0/lbo-ws/Projects/DVR-008-002/Base_Design_Project/DMA_RGB24b/hls/DMA24b_mm2s_prj/solution1/impl/verilog
INFO-FLOW: DBG:CMD:       copying IP vhdl from /mnt/isaac_sbay0/lbo-ws/Projects/DVR-008-002/Base_Design_Project/DMA_RGB24b/hls/DMA24b_mm2s_prj/solution1/impl/vhdl
Execute     get_config_export -format 
INFO-FLOW: DBG:CMD:       generate_ip_script #gSsdmPorts=18 g_lang=vhdl is_sdaccel=false is_sdsoc=true xo_file=
Execute     ap_part_info -name xc7z020-clg400-1 -data names -quiet 
Execute     ap_part_info -name xc7z020-clg400-1 -data info -quiet 
Execute     ap_part_info -name xc7z020-clg400-1 -data names -quiet 
Execute     ap_part_info -name xc7z020-clg400-1 -data info -quiet 
Execute     source /mnt/isaac_sbay0/lbo-ws/Projects/DVR-008-002/Base_Design_Project/DMA_RGB24b/hls/DMA24b_mm2s_prj/solution1/.autopilot/db/DMA24bUnit_mm2s.tbgen.tcl 
Execute     source /mnt/isaac_sbay0/lbo-ws/Projects/DVR-008-002/Base_Design_Project/DMA_RGB24b/hls/DMA24b_mm2s_prj/solution1/.autopilot/db/DMA24bUnit_mm2s.tbgen.tcl 
Execute     source /mnt/isaac_sbay0/lbo-ws/Projects/DVR-008-002/Base_Design_Project/DMA_RGB24b/hls/DMA24b_mm2s_prj/solution1/.autopilot/db/DMA24bUnit_mm2s.tbgen.tcl 
Execute     source /mnt/isaac_sbay0/lbo-ws/Projects/DVR-008-002/Base_Design_Project/DMA_RGB24b/hls/DMA24b_mm2s_prj/solution1/.autopilot/db/DMA24bUnit_mm2s.tbgen.tcl 
Execute     source /mnt/isaac_sbay0/lbo-ws/Projects/DVR-008-002/Base_Design_Project/DMA_RGB24b/hls/DMA24b_mm2s_prj/solution1/.autopilot/db/DMA24bUnit_mm2s.tbgen.tcl 
Execute     source /mnt/isaac_sbay0/lbo-ws/Projects/DVR-008-002/Base_Design_Project/DMA_RGB24b/hls/DMA24b_mm2s_prj/solution1/.autopilot/db/DMA24bUnit_mm2s.tbgen.tcl 
Execute     source /mnt/isaac_sbay0/lbo-ws/Projects/DVR-008-002/Base_Design_Project/DMA_RGB24b/hls/DMA24b_mm2s_prj/solution1/.autopilot/db/DMA24bUnit_mm2s.tbgen.tcl 
Execute     source /mnt/isaac_sbay0/lbo-ws/Projects/DVR-008-002/Base_Design_Project/DMA_RGB24b/hls/DMA24b_mm2s_prj/solution1/.autopilot/db/global.setting.tcl 
Execute     get_config_debug -directory 
INFO-FLOW: DBG:CMD:       generate_ip_auxiliary
Execute     ap_part_info -name xc7z020-clg400-1 -data names -quiet 
Execute     ap_part_info -name xc7z020-clg400-1 -data info -quiet 
Execute     source /mnt/isaac_sbay0/lbo-ws/Projects/DVR-008-002/Base_Design_Project/DMA_RGB24b/hls/DMA24b_mm2s_prj/solution1/.autopilot/db/global.setting.tcl 
INFO-FLOW: DBG:CMD:       prepArgInfo -> loadAnalyze_DB top_module=DMA24bUnit_mm2s
Execute     source /mnt/isaac_sbay0/lbo-ws/Projects/DVR-008-002/Base_Design_Project/DMA_RGB24b/hls/DMA24b_mm2s_prj/solution1/.autopilot/db/DMA24bUnit_mm2s.rtl_wrap.cfg.tcl 
Execute     source /mnt/isaac_sbay0/lbo-ws/Projects/DVR-008-002/Base_Design_Project/DMA_RGB24b/hls/DMA24b_mm2s_prj/solution1/.autopilot/db/DMA24bUnit_mm2s.rtl_wrap.cfg.tcl 
Execute     source /mnt/isaac_sbay0/lbo-ws/Projects/DVR-008-002/Base_Design_Project/DMA_RGB24b/hls/DMA24b_mm2s_prj/solution1/.autopilot/db/DMA24bUnit_mm2s.rtl_wrap.cfg.tcl 
Execute     source /mnt/isaac_sbay0/lbo-ws/Projects/DVR-008-002/Base_Design_Project/DMA_RGB24b/hls/DMA24b_mm2s_prj/solution1/.autopilot/db/DMA24bUnit_mm2s.tbgen.tcl 
Execute     source /mnt/isaac_sbay0/lbo-ws/Projects/DVR-008-002/Base_Design_Project/DMA_RGB24b/hls/DMA24b_mm2s_prj/solution1/.autopilot/db/DMA24bUnit_mm2s.tbgen.tcl 
Execute     source /mnt/isaac_sbay0/lbo-ws/Projects/DVR-008-002/Base_Design_Project/DMA_RGB24b/hls/DMA24b_mm2s_prj/solution1/.autopilot/db/DMA24bUnit_mm2s.tbgen.tcl 
INFO-FLOW: DBG:CMD:       generate_top_info
INFO-FLOW: DBG:CMD:       prepArgInfo -> loadAnalyze_DB top_module=DMA24bUnit_mm2s
Execute     source /mnt/isaac_sbay0/lbo-ws/Projects/DVR-008-002/Base_Design_Project/DMA_RGB24b/hls/DMA24b_mm2s_prj/solution1/.autopilot/db/DMA24bUnit_mm2s.rtl_wrap.cfg.tcl 
Execute     source /mnt/isaac_sbay0/lbo-ws/Projects/DVR-008-002/Base_Design_Project/DMA_RGB24b/hls/DMA24b_mm2s_prj/solution1/.autopilot/db/DMA24bUnit_mm2s.rtl_wrap.cfg.tcl 
Execute     source /mnt/isaac_sbay0/lbo-ws/Projects/DVR-008-002/Base_Design_Project/DMA_RGB24b/hls/DMA24b_mm2s_prj/solution1/.autopilot/db/DMA24bUnit_mm2s.rtl_wrap.cfg.tcl 
Execute     source /mnt/isaac_sbay0/lbo-ws/Projects/DVR-008-002/Base_Design_Project/DMA_RGB24b/hls/DMA24b_mm2s_prj/solution1/.autopilot/db/DMA24bUnit_mm2s.tbgen.tcl 
Execute     source /mnt/isaac_sbay0/lbo-ws/Projects/DVR-008-002/Base_Design_Project/DMA_RGB24b/hls/DMA24b_mm2s_prj/solution1/.autopilot/db/DMA24bUnit_mm2s.tbgen.tcl 
Execute     ap_part_info -name xc7z020-clg400-1 -data names -quiet 
Execute     ap_part_info -name xc7z020-clg400-1 -data info -quiet 
Execute     source /mnt/isaac_sbay0/lbo-ws/Projects/DVR-008-002/Base_Design_Project/DMA_RGB24b/hls/DMA24b_mm2s_prj/solution1/.autopilot/db/global.setting.tcl 
Execute     ap_part_info -name xc7z020-clg400-1 -data names -quiet 
Execute     ap_part_info -name xc7z020-clg400-1 -data info -quiet 
INFO-FLOW: DBG:CMD:       generate_ip_bd_script
Execute     ap_part_info -name xc7z020-clg400-1 -data names -quiet 
Execute     ap_part_info -name xc7z020-clg400-1 -data info -quiet 
Execute     ap_part_info -name xc7z020-clg400-1 -data names -quiet 
Execute     ap_part_info -name xc7z020-clg400-1 -data info -quiet 
Execute     source /mnt/isaac_sbay0/lbo-ws/Projects/DVR-008-002/Base_Design_Project/DMA_RGB24b/hls/DMA24b_mm2s_prj/solution1/.autopilot/db/DMA24bUnit_mm2s.tbgen.tcl 
Execute     source /mnt/isaac_sbay0/lbo-ws/Projects/DVR-008-002/Base_Design_Project/DMA_RGB24b/hls/DMA24b_mm2s_prj/solution1/.autopilot/db/global.setting.tcl 
Execute     source /mnt/isaac_sbay0/lbo-ws/Projects/DVR-008-002/Base_Design_Project/DMA_RGB24b/hls/DMA24b_mm2s_prj/solution1/.autopilot/db/DMA24bUnit_mm2s.constraint.tcl 
INFO-FLOW: DBG:CMD:       generate_ipi_example_script
Execute     ap_part_info -name xc7z020-clg400-1 -data names -quiet 
Execute     ap_part_info -name xc7z020-clg400-1 -data info -quiet 
Execute     ap_part_info -name xc7z020-clg400-1 -data names -quiet 
Execute     ap_part_info -name xc7z020-clg400-1 -data info -quiet 
INFO-FLOW: DBG:CMD:       generate_syn_sh
Execute     ap_part_info -name xc7z020-clg400-1 -data names -quiet 
Execute     ap_part_info -name xc7z020-clg400-1 -data info -quiet 
Execute     source /mnt/isaac_sbay0/lbo-ws/Projects/DVR-008-002/Base_Design_Project/DMA_RGB24b/hls/DMA24b_mm2s_prj/solution1/.autopilot/db/global.setting.tcl 
INFO-FLOW: DBG:CMD:       generate_imp_constraints
Execute     ap_part_info -name xc7z020-clg400-1 -data names -quiet 
Execute     ap_part_info -name xc7z020-clg400-1 -data info -quiet 
Execute     source /mnt/isaac_sbay0/lbo-ws/Projects/DVR-008-002/Base_Design_Project/DMA_RGB24b/hls/DMA24b_mm2s_prj/solution1/.autopilot/db/DMA24bUnit_mm2s.constraint.tcl 
Execute     source /mnt/isaac_sbay0/lbo-ws/Projects/DVR-008-002/Base_Design_Project/DMA_RGB24b/hls/DMA24b_mm2s_prj/solution1/.autopilot/db/DMA24bUnit_mm2s.tbgen.tcl 
INFO-FLOW: DBG:CMD:       delete-temp-dirs (skipped for debug)
Execute     ap_part_info -name xc7z020-clg400-1 -data names -quiet 
Execute     ap_part_info -name xc7z020-clg400-1 -data info -quiet 
INFO-FLOW: DBG:CMD: read_platform_lib /mnt/isaac_sbay0/lbo-ws/Projects/DVR-008-002/Base_Design_Project/DMA_RGB24b/hls/DMA24b_mm2s_prj/solution1/.autopilot/db/global.setting.tcl
Execute     source /tools/xilinx/Vitis_HLS/2020.2/common/technology/generic/autopilot/common.gen 
Execute       source /tools/xilinx/Vitis_HLS/2020.2/common/technology/generic/autopilot/APCoreGen.gen 
Execute     source /tools/xilinx/Vitis_HLS/2020.2/common/technology/generic/autopilot/op.gen 
Execute     source /tools/xilinx/Vitis_HLS/2020.2/common/technology/generic/autopilot/op_simcore.gen 
Execute     source /tools/xilinx/Vitis_HLS/2020.2/common/technology/generic/autopilot/interface.gen 
Execute     source /mnt/isaac_sbay0/lbo-ws/Projects/DVR-008-002/Base_Design_Project/DMA_RGB24b/hls/DMA24b_mm2s_prj/solution1/.autopilot/db/global.setting.tcl 
Execute     source /tools/xilinx/Vitis_HLS/2020.2/common/technology/xilinx/common/xilinx.gen 
Execute       source /tools/xilinx/Vitis_HLS/2020.2/common/technology/xilinx/interface/plb46.gen 
Execute       source /tools/xilinx/Vitis_HLS/2020.2/common/technology/xilinx/interface/axi4.gen 
Execute       source /tools/xilinx/Vitis_HLS/2020.2/common/technology/xilinx/interface/nativeAXI4.gen 
Execute         source /tools/xilinx/Vitis_HLS/2020.2/common/technology/xilinx/interface/saxilite.gen 
Execute         source /tools/xilinx/Vitis_HLS/2020.2/common/technology/xilinx/interface/maxi.gen 
Execute       source /tools/xilinx/Vitis_HLS/2020.2/common/technology/xilinx/scripts/xilinxcoregen.gen 
Execute       source /tools/xilinx/Vitis_HLS/2020.2/common/technology/xilinx/interface/XilEDKCoreGen.gen 
Execute       source /tools/xilinx/Vitis_HLS/2020.2/common/technology/xilinx/ip/dds_compiler.gen 
Execute       source /tools/xilinx/Vitis_HLS/2020.2/common/technology/xilinx/ip/util.gen 
Execute       source /tools/xilinx/Vitis_HLS/2020.2/common/technology/xilinx/ip/xfft.gen 
Execute       source /tools/xilinx/Vitis_HLS/2020.2/common/technology/xilinx/ip/xfir.gen 
Execute       source /tools/xilinx/Vitis_HLS/2020.2/common/technology/xilinx/DSP48/dsp48.gen 
Execute     ap_part_info -name xc7z020-clg400-1 -data names -quiet 
Execute     ap_part_info -name xc7z020-clg400-1 -data info -quiet 
INFO-FLOW: DBG:CMD:     exec /mnt/isaac_sbay0/lbo-ws/Projects/DVR-008-002/Base_Design_Project/DMA_RGB24b/hls/DMA24b_mm2s_prj/solution1/impl/ip/pack.sh
Execute     get_config_export -output 
Execute     send_msg_by_id INFO @200-802@%s DMA24b_mm2s_prj/solution1/impl/export.zip 
INFO: [HLS 200-802] Generated output file DMA24b_mm2s_prj/solution1/impl/export.zip
Command   export_design done; 8.29 sec.
INFO: [HLS 200-111] Finished Command export_design CPU user time: 6.73 seconds. CPU system time: 0.68 seconds. Elapsed time: 8.29 seconds; current allocated memory: 201.090 MB.
Command ap_source done; 9.04 sec.
Execute cleanup_all 
