

================================================================
== Vitis HLS Report for 'DMA24b_mm2s_streamout'
================================================================
* Date:           Thu Sep  3 13:59:39 2026

* Version:        2020.2 (Build 3064766 on Wed Nov 18 09:12:47 MST 2020)
* Project:        DMA24b_mm2s_prj
* Solution:       solution1 (Vivado IP Flow Target)
* Product family: zynq
* Target device:  xc7z020-clg400-1


================================================================
== Performance Estimates
================================================================
+ Timing: 
    * Summary: 
    +--------+---------+----------+------------+
    |  Clock |  Target | Estimated| Uncertainty|
    +--------+---------+----------+------------+
    |ap_clk  |  6.66 ns|  4.581 ns|     1.80 ns|
    +--------+---------+----------+------------+

+ Latency: 
    * Summary: 
    +---------+---------+----------+----------+-----+-----+---------+
    |  Latency (cycles) |  Latency (absolute) |  Interval | Pipeline|
    |   min   |   max   |    min   |    max   | min | max |   Type  |
    +---------+---------+----------+----------+-----+-----+---------+
    |        ?|        ?|         ?|         ?|    ?|    ?|     none|
    +---------+---------+----------+----------+-----+-----+---------+

    + Detail: 
        * Instance: 
        N/A

        * Loop: 
        +------------------------+---------+---------+----------+-----------+-----------+------+----------+
        |                        |  Latency (cycles) | Iteration|  Initiation Interval  | Trip |          |
        |        Loop Name       |   min   |   max   |  Latency |  achieved |   target  | Count| Pipelined|
        +------------------------+---------+---------+----------+-----------+-----------+------+----------+
        |- line_loop_group_loop  |        ?|        ?|        17|         16|         16|     ?|       yes|
        +------------------------+---------+---------+----------+-----------+-----------+------+----------+



================================================================
== Utilization Estimates
================================================================
* Summary: 
+-----------------+---------+-----+--------+-------+-----+
|       Name      | BRAM_18K| DSP |   FF   |  LUT  | URAM|
+-----------------+---------+-----+--------+-------+-----+
|DSP              |        -|    1|       -|      -|    -|
|Expression       |        -|    -|       0|    222|    -|
|FIFO             |        -|    -|       -|      -|    -|
|Instance         |        -|    -|       -|      -|    -|
|Memory           |        -|    -|       -|      -|    -|
|Multiplexer      |        -|    -|       -|    321|    -|
|Register         |        -|    -|     272|      -|    -|
+-----------------+---------+-----+--------+-------+-----+
|Total            |        0|    1|     272|    543|    0|
+-----------------+---------+-----+--------+-------+-----+
|Available        |      280|  220|  106400|  53200|    0|
+-----------------+---------+-----+--------+-------+-----+
|Utilization (%)  |        0|   ~0|      ~0|      1|    0|
+-----------------+---------+-----+--------+-------+-----+

+ Detail: 
    * Instance: 
    N/A

    * DSP: 
    +-----------------------------+-------------------------+-----------+
    |           Instance          |          Module         | Expression|
    +-----------------------------+-------------------------+-----------+
    |mul_mul_12ns_8ns_20_4_1_U10  |mul_mul_12ns_8ns_20_4_1  |    i0 * i1|
    +-----------------------------+-------------------------+-----------+

    * Memory: 
    N/A

    * FIFO: 
    N/A

    * Expression: 
    +-----------------------------------+----------+----+---+----+------------+------------+
    |           Variable Name           | Operation| DSP| FF| LUT| Bitwidth P0| Bitwidth P1|
    +-----------------------------------+----------+----+---+----+------------+------------+
    |add_ln38_1_fu_486_p2               |         +|   0|  0|  12|          12|           1|
    |add_ln38_fu_449_p2                 |         +|   0|  0|  27|          20|           1|
    |i_1_fu_709_p2                      |         +|   0|  0|  15|           8|           1|
    |last_i_fu_443_p2                   |         +|   0|  0|  14|           9|           2|
    |ap_block_pp0_stage0_01001          |       and|   0|  0|   2|           1|           1|
    |ap_block_pp0_stage0_11001          |       and|   0|  0|   2|           1|           1|
    |ap_block_pp0_stage10_01001         |       and|   0|  0|   2|           1|           1|
    |ap_block_pp0_stage10_11001         |       and|   0|  0|   2|           1|           1|
    |ap_block_pp0_stage11_01001         |       and|   0|  0|   2|           1|           1|
    |ap_block_pp0_stage11_11001         |       and|   0|  0|   2|           1|           1|
    |ap_block_pp0_stage12_11001         |       and|   0|  0|   2|           1|           1|
    |ap_block_pp0_stage13_11001         |       and|   0|  0|   2|           1|           1|
    |ap_block_pp0_stage14_11001         |       and|   0|  0|   2|           1|           1|
    |ap_block_pp0_stage15_11001         |       and|   0|  0|   2|           1|           1|
    |ap_block_pp0_stage1_11001          |       and|   0|  0|   2|           1|           1|
    |ap_block_pp0_stage2_11001          |       and|   0|  0|   2|           1|           1|
    |ap_block_pp0_stage3_11001          |       and|   0|  0|   2|           1|           1|
    |ap_block_pp0_stage4_11001          |       and|   0|  0|   2|           1|           1|
    |ap_block_pp0_stage5_11001          |       and|   0|  0|   2|           1|           1|
    |ap_block_pp0_stage6_11001          |       and|   0|  0|   2|           1|           1|
    |ap_block_pp0_stage7_11001          |       and|   0|  0|   2|           1|           1|
    |ap_block_pp0_stage8_11001          |       and|   0|  0|   2|           1|           1|
    |ap_block_pp0_stage9_11001          |       and|   0|  0|   2|           1|           1|
    |ap_block_state10_io                |       and|   0|  0|   2|           1|           1|
    |ap_condition_437                   |       and|   0|  0|   2|           1|           1|
    |ap_condition_445                   |       and|   0|  0|   2|           1|           1|
    |ap_condition_452                   |       and|   0|  0|   2|           1|           1|
    |ap_condition_459                   |       and|   0|  0|   2|           1|           1|
    |ap_condition_466                   |       and|   0|  0|   2|           1|           1|
    |ap_condition_472                   |       and|   0|  0|   2|           1|           1|
    |ap_condition_479                   |       and|   0|  0|   2|           1|           1|
    |ap_condition_486                   |       and|   0|  0|   2|           1|           1|
    |ap_condition_493                   |       and|   0|  0|   2|           1|           1|
    |ap_condition_500                   |       and|   0|  0|   2|           1|           1|
    |ap_condition_506                   |       and|   0|  0|   2|           1|           1|
    |ap_condition_513                   |       and|   0|  0|   2|           1|           1|
    |ap_condition_520                   |       and|   0|  0|   2|           1|           1|
    |ap_condition_527                   |       and|   0|  0|   2|           1|           1|
    |ap_condition_533                   |       and|   0|  0|   2|           1|           1|
    |ap_condition_540                   |       and|   0|  0|   2|           1|           1|
    |icmp_ln38_fu_464_p2                |      icmp|   0|  0|  14|          20|          20|
    |icmp_ln39_fu_459_p2                |      icmp|   0|  0|  11|           9|           9|
    |video_elt_out_last_V_fu_481_p2     |      icmp|   0|  0|  11|           9|           9|
    |video_elt_out_user_V_fu_541_p2     |      icmp|   0|  0|  12|          12|           1|
    |ap_block_state1                    |        or|   0|  0|   2|           1|           1|
    |ap_block_state11_pp0_stage6_iter0  |        or|   0|  0|   2|           1|           1|
    |or_ln51_fu_518_p2                  |        or|   0|  0|   8|           8|           8|
    |select_ln38_1_fu_492_p3            |    select|   0|  0|  12|           1|          12|
    |select_ln38_fu_469_p3              |    select|   0|  0|   8|           1|           1|
    |ap_enable_pp0                      |       xor|   0|  0|   2|           1|           2|
    +-----------------------------------+----------+----+---+----+------------+------------+
    |Total                              |          |   0|  0| 222|         148|         105|
    +-----------------------------------+----------+----+---+----+------------+------------+

    * Multiplexer: 
    +-----------------------------------------+-----+-----------+-----+-----------+
    |                   Name                  | LUT | Input Size| Bits| Total Bits|
    +-----------------------------------------+-----+-----------+-----+-----------+
    |STR_video_out_TDATA                      |   81|         17|   24|        408|
    |STR_video_out_TDATA_blk_n                |    9|          2|    1|          2|
    |STR_video_out_TLAST                      |   14|          3|    1|          3|
    |STR_video_out_TUSER                      |   14|          3|    1|          3|
    |ap_NS_fsm                                |  113|         22|    1|         22|
    |ap_done                                  |    9|          2|    1|          2|
    |ap_enable_reg_pp0_iter1                  |    9|          2|    1|          2|
    |ap_phi_mux_i_phi_fu_198_p4               |    9|          2|    8|         16|
    |ap_phi_mux_indvar_flatten_phi_fu_187_p4  |    9|          2|   20|         40|
    |i_reg_194                                |    9|          2|    8|         16|
    |img_h_blk_n                              |    9|          2|    1|          2|
    |img_w_blk_n                              |    9|          2|    1|          2|
    |indvar_flatten_reg_183                   |    9|          2|   20|         40|
    |j_reg_205                                |    9|          2|   12|         24|
    |mm_fifo1_blk_n                           |    9|          2|    1|          2|
    +-----------------------------------------+-----+-----------+-----+-----------+
    |Total                                    |  321|         67|  101|        584|
    +-----------------------------------------+-----+-----------+-----+-----------+

    * Register: 
    +------------------------------+----+----+-----+-----------+
    |             Name             | FF | LUT| Bits| Const Bits|
    +------------------------------+----+----+-----+-----------+
    |add_ln38_reg_757              |  20|   0|   20|          0|
    |ap_CS_fsm                     |  21|   0|   21|          0|
    |ap_done_reg                   |   1|   0|    1|          0|
    |ap_enable_reg_pp0_iter0       |   1|   0|    1|          0|
    |ap_enable_reg_pp0_iter1       |   1|   0|    1|          0|
    |bound_reg_752                 |  20|   0|   20|          0|
    |i_1_reg_792                   |   8|   0|    8|          0|
    |i_reg_194                     |   8|   0|    8|          0|
    |icmp_ln38_reg_767             |   1|   0|    1|          0|
    |icmp_ln39_reg_762             |   1|   0|    1|          0|
    |indvar_flatten_reg_183        |  20|   0|   20|          0|
    |j_reg_205                     |  12|   0|   12|          0|
    |last_i_reg_746                |   9|   0|    9|          0|
    |p_Result_34_i_reg_787         |   8|   0|    8|          0|
    |reg_366                       |   8|   0|    8|          0|
    |reg_370                       |   8|   0|    8|          0|
    |reg_374                       |   8|   0|    8|          0|
    |reg_378                       |   8|   0|    8|          0|
    |reg_382                       |   8|   0|    8|          0|
    |reg_386                       |   8|   0|    8|          0|
    |reg_390                       |   8|   0|    8|          0|
    |reg_394                       |   8|   0|    8|          0|
    |reg_398                       |   8|   0|    8|          0|
    |reg_402                       |   8|   0|    8|          0|
    |reg_406                       |   8|   0|    8|          0|
    |reg_410                       |   8|   0|    8|          0|
    |reg_414                       |   8|   0|    8|          0|
    |reg_418                       |   8|   0|    8|          0|
    |select_ln38_1_reg_782         |  12|   0|   12|          0|
    |select_ln38_reg_771           |   8|   0|    8|          0|
    |trunc_ln_reg_731              |   8|   0|    8|          0|
    |video_elt_out_last_V_reg_777  |   1|   0|    1|          0|
    +------------------------------+----+----+-----+-----------+
    |Total                         | 272|   0|  272|          0|
    +------------------------------+----+----+-----+-----------+



================================================================
== Interface
================================================================
* Summary: 
+----------------------+-----+-----+------------+------------------------+--------------+
|       RTL Ports      | Dir | Bits|  Protocol  |      Source Object     |    C Type    |
+----------------------+-----+-----+------------+------------------------+--------------+
|ap_clk                |   in|    1|  ap_ctrl_hs|   DMA24b_mm2s_streamout|  return value|
|ap_rst                |   in|    1|  ap_ctrl_hs|   DMA24b_mm2s_streamout|  return value|
|ap_start              |   in|    1|  ap_ctrl_hs|   DMA24b_mm2s_streamout|  return value|
|ap_done               |  out|    1|  ap_ctrl_hs|   DMA24b_mm2s_streamout|  return value|
|ap_continue           |   in|    1|  ap_ctrl_hs|   DMA24b_mm2s_streamout|  return value|
|ap_idle               |  out|    1|  ap_ctrl_hs|   DMA24b_mm2s_streamout|  return value|
|ap_ready              |  out|    1|  ap_ctrl_hs|   DMA24b_mm2s_streamout|  return value|
|mm_fifo1_dout         |   in|  128|     ap_fifo|                mm_fifo1|       pointer|
|mm_fifo1_empty_n      |   in|    1|     ap_fifo|                mm_fifo1|       pointer|
|mm_fifo1_read         |  out|    1|     ap_fifo|                mm_fifo1|       pointer|
|STR_video_out_TDATA   |  out|   24|        axis|  STR_video_out_V_data_V|       pointer|
|STR_video_out_TREADY  |   in|    1|        axis|  STR_video_out_V_data_V|       pointer|
|STR_video_out_TVALID  |  out|    1|        axis|  STR_video_out_V_last_V|       pointer|
|STR_video_out_TLAST   |  out|    1|        axis|  STR_video_out_V_last_V|       pointer|
|STR_video_out_TKEEP   |  out|    3|        axis|  STR_video_out_V_keep_V|       pointer|
|STR_video_out_TSTRB   |  out|    3|        axis|  STR_video_out_V_strb_V|       pointer|
|STR_video_out_TUSER   |  out|    1|        axis|  STR_video_out_V_user_V|       pointer|
|img_w_dout            |   in|   12|     ap_fifo|                   img_w|       pointer|
|img_w_empty_n         |   in|    1|     ap_fifo|                   img_w|       pointer|
|img_w_read            |  out|    1|     ap_fifo|                   img_w|       pointer|
|img_h_dout            |   in|   12|     ap_fifo|                   img_h|       pointer|
|img_h_empty_n         |   in|    1|     ap_fifo|                   img_h|       pointer|
|img_h_read            |  out|    1|     ap_fifo|                   img_h|       pointer|
+----------------------+-----+-----+------------+------------------------+--------------+

============================================================
+ Verbose Summary: Synthesis Manager
============================================================
InlineROM: 1
ExposeGlobal: 0
============================================================
+ Verbose Summary: CDFG Model
============================================================
IsTopModel: 0
ResetActiveHigh: 1
IsCombinational: 2
IsDatapathOnly: 0
HasWiredReturn: 1
HasMFsm: 0
HasVarLatency: 1
IsPipeline: 0
IsRtlPipelined: 0
IsInstanceOverlapped: 0
IsDontTouch: 0
HasImplIP: 0
IsGatedGlobalClock: 0

+ Individual pipeline summary: 
  * Pipeline-0: initiation interval (II) = 16, depth = 17


============================================================
+ Verbose Summary: Schedule
============================================================
* Number of FSM states : 22
* Pipeline : 1
  Pipeline-0 : II = 16, D = 17, States = { 5 6 7 8 9 10 11 12 13 14 15 16 17 18 19 20 21 }
* Dataflow Pipeline: 0

* FSM state transitions: 
1 --> 2 
2 --> 3 
3 --> 4 
4 --> 5 
5 --> 6 
6 --> 22 7 
7 --> 8 
8 --> 9 
9 --> 10 
10 --> 11 
11 --> 12 
12 --> 13 
13 --> 14 
14 --> 15 
15 --> 16 
16 --> 17 
17 --> 18 
18 --> 19 
19 --> 20 
20 --> 21 
21 --> 5 
22 --> 

* FSM state operations: 

State 1 <SV = 0> <Delay = 4.58>
ST_1 : Operation 23 [1/1] (2.43ns)   --->   "%img_w_1 = read i12 @_ssdm_op_Read.ap_fifo.i12P0A, i12 %img_w" [../src/DMA24b_mm2s.cpp:34]   --->   Operation 23 'read' 'img_w_1' <Predicate = true> <Delay = 2.43> <CoreInst = "FIFO_SRL">   --->   Core 81 'FIFO_SRL' <Latency = 0> <II = 1> <Delay = 3.63> <Storage> <Opcode : 'read' 'write' 'nbread' 'nbwrite'> <Ports = 0> <Width = 12> <Depth = 2> <FIFO>
ST_1 : Operation 24 [1/1] (2.43ns)   --->   "%img_h_1 = read i12 @_ssdm_op_Read.ap_fifo.i12P0A, i12 %img_h" [../src/DMA24b_mm2s.cpp:34]   --->   Operation 24 'read' 'img_h_1' <Predicate = true> <Delay = 2.43> <CoreInst = "FIFO_SRL">   --->   Core 81 'FIFO_SRL' <Latency = 0> <II = 1> <Delay = 3.63> <Storage> <Opcode : 'read' 'write' 'nbread' 'nbwrite'> <Ports = 0> <Width = 12> <Depth = 2> <FIFO>
ST_1 : Operation 25 [1/1] (0.00ns)   --->   "%trunc_ln = partselect i8 @_ssdm_op_PartSelect.i8.i12.i32.i32, i12 %img_w_1, i32 4, i32 11" [../src/DMA24b_mm2s.cpp:37->../src/DMA24b_mm2s.cpp:77]   --->   Operation 25 'partselect' 'trunc_ln' <Predicate = true> <Delay = 0.00>
ST_1 : Operation 26 [1/1] (0.00ns)   --->   "%cast = zext i12 %img_h_1" [../src/DMA24b_mm2s.cpp:34]   --->   Operation 26 'zext' 'cast' <Predicate = true> <Delay = 0.00>
ST_1 : Operation 27 [1/1] (0.00ns)   --->   "%cast1 = zext i8 %trunc_ln" [../src/DMA24b_mm2s.cpp:37->../src/DMA24b_mm2s.cpp:77]   --->   Operation 27 'zext' 'cast1' <Predicate = true> <Delay = 0.00>
ST_1 : Operation 28 [4/4] (2.15ns) (root node of the DSP)   --->   "%bound = mul i20 %cast, i20 %cast1" [../src/DMA24b_mm2s.cpp:34]   --->   Operation 28 'mul' 'bound' <Predicate = true> <Delay = 2.15> <CoreInst = "DSP48">   --->   Core 119 'DSP48' <Latency = 3> <II = 1> <Delay = 2.15> <IPBlock> <Opcode : 'mul' 'add' 'sub' 'select'> <InPorts = 0> <OutPorts = 1> <Sync> <CReg>

State 2 <SV = 1> <Delay = 2.15>
ST_2 : Operation 29 [3/4] (2.15ns) (root node of the DSP)   --->   "%bound = mul i20 %cast, i20 %cast1" [../src/DMA24b_mm2s.cpp:34]   --->   Operation 29 'mul' 'bound' <Predicate = true> <Delay = 2.15> <CoreInst = "DSP48">   --->   Core 119 'DSP48' <Latency = 3> <II = 1> <Delay = 2.15> <IPBlock> <Opcode : 'mul' 'add' 'sub' 'select'> <InPorts = 0> <OutPorts = 1> <Sync> <CReg>

State 3 <SV = 2> <Delay = 2.15>
ST_3 : Operation 30 [2/4] (2.15ns) (root node of the DSP)   --->   "%bound = mul i20 %cast, i20 %cast1" [../src/DMA24b_mm2s.cpp:34]   --->   Operation 30 'mul' 'bound' <Predicate = true> <Delay = 2.15> <CoreInst = "DSP48">   --->   Core 119 'DSP48' <Latency = 3> <II = 1> <Delay = 2.15> <IPBlock> <Opcode : 'mul' 'add' 'sub' 'select'> <InPorts = 0> <OutPorts = 1> <Sync> <CReg>

State 4 <SV = 3> <Delay = 1.91>
ST_4 : Operation 31 [1/1] (0.00ns)   --->   "%specinterface_ln0 = specinterface void @_ssdm_op_SpecInterface, i128 %mm_fifo1, void @empty_8, i32 0, i32 0, void @empty_3, i32 0, i32 0, void @empty_3, void @empty_3, void @empty_3, i32 0, i32 0, i32 0, i32 0, void @empty_3, void @empty_3"   --->   Operation 31 'specinterface' 'specinterface_ln0' <Predicate = true> <Delay = 0.00>
ST_4 : Operation 32 [1/1] (0.00ns)   --->   "%specinterface_ln0 = specinterface void @_ssdm_op_SpecInterface, i24 %STR_video_out_V_data_V, i3 %STR_video_out_V_keep_V, i3 %STR_video_out_V_strb_V, i1 %STR_video_out_V_user_V, i1 %STR_video_out_V_last_V, void @empty_0, i32 0, i32 0, void @empty_6, i32 0, i32 0, void @empty_3, void @empty_3, void @empty_3, i32 0, i32 0, i32 0, i32 0, void @empty_3, void @empty_3"   --->   Operation 32 'specinterface' 'specinterface_ln0' <Predicate = true> <Delay = 0.00>
ST_4 : Operation 33 [1/1] (0.00ns)   --->   "%specinterface_ln0 = specinterface void @_ssdm_op_SpecInterface, i24 %STR_video_out_V_data_V, i3 %STR_video_out_V_keep_V, i3 %STR_video_out_V_strb_V, i1 %STR_video_out_V_user_V, i1 %STR_video_out_V_last_V, void @empty_0, i32 0, i32 0, void @empty_6, i32 0, i32 0, void @empty_3, void @empty_3, void @empty_3, i32 0, i32 0, i32 0, i32 0, void @empty_3, void @empty_3"   --->   Operation 33 'specinterface' 'specinterface_ln0' <Predicate = true> <Delay = 0.00>
ST_4 : Operation 34 [1/1] (0.00ns)   --->   "%specinterface_ln0 = specinterface void @_ssdm_op_SpecInterface, i24 %STR_video_out_V_data_V, i3 %STR_video_out_V_keep_V, i3 %STR_video_out_V_strb_V, i1 %STR_video_out_V_user_V, i1 %STR_video_out_V_last_V, void @empty_0, i32 0, i32 0, void @empty_6, i32 0, i32 0, void @empty_3, void @empty_3, void @empty_3, i32 0, i32 0, i32 0, i32 0, void @empty_3, void @empty_3"   --->   Operation 34 'specinterface' 'specinterface_ln0' <Predicate = true> <Delay = 0.00>
ST_4 : Operation 35 [1/1] (0.00ns)   --->   "%specinterface_ln0 = specinterface void @_ssdm_op_SpecInterface, i24 %STR_video_out_V_data_V, i3 %STR_video_out_V_keep_V, i3 %STR_video_out_V_strb_V, i1 %STR_video_out_V_user_V, i1 %STR_video_out_V_last_V, void @empty_0, i32 0, i32 0, void @empty_6, i32 0, i32 0, void @empty_3, void @empty_3, void @empty_3, i32 0, i32 0, i32 0, i32 0, void @empty_3, void @empty_3"   --->   Operation 35 'specinterface' 'specinterface_ln0' <Predicate = true> <Delay = 0.00>
ST_4 : Operation 36 [1/1] (0.00ns)   --->   "%specinterface_ln0 = specinterface void @_ssdm_op_SpecInterface, i24 %STR_video_out_V_data_V, i3 %STR_video_out_V_keep_V, i3 %STR_video_out_V_strb_V, i1 %STR_video_out_V_user_V, i1 %STR_video_out_V_last_V, void @empty_0, i32 0, i32 0, void @empty_6, i32 0, i32 0, void @empty_3, void @empty_3, void @empty_3, i32 0, i32 0, i32 0, i32 0, void @empty_3, void @empty_3"   --->   Operation 36 'specinterface' 'specinterface_ln0' <Predicate = true> <Delay = 0.00>
ST_4 : Operation 37 [1/1] (0.00ns)   --->   "%specinterface_ln0 = specinterface void @_ssdm_op_SpecInterface, i12 %img_h, void @ap_fifo_str, i32 0, i32 0, void @p_str, i32 0, i32 0, void @p_str, void @p_str, void @p_str, i32 2, i32 2, i32 16, i32 16, void @p_str, void @ScalarProp_str"   --->   Operation 37 'specinterface' 'specinterface_ln0' <Predicate = true> <Delay = 0.00>
ST_4 : Operation 38 [1/1] (0.00ns)   --->   "%specinterface_ln0 = specinterface void @_ssdm_op_SpecInterface, i12 %img_w, void @ap_fifo_str, i32 0, i32 0, void @p_str, i32 0, i32 0, void @p_str, void @p_str, void @p_str, i32 2, i32 2, i32 16, i32 16, void @p_str, void @ScalarProp_str"   --->   Operation 38 'specinterface' 'specinterface_ln0' <Predicate = true> <Delay = 0.00>
ST_4 : Operation 39 [1/1] (0.00ns)   --->   "%specinterface_ln0 = specinterface void @_ssdm_op_SpecInterface, i128 %mm_fifo1, void @empty_8, i32 0, i32 0, void @empty_3, i32 0, i32 0, void @empty_3, void @empty_3, void @empty_3, i32 0, i32 0, i32 0, i32 0, void @empty_3, void @empty_3"   --->   Operation 39 'specinterface' 'specinterface_ln0' <Predicate = true> <Delay = 0.00>
ST_4 : Operation 40 [1/1] (0.00ns)   --->   "%specinterface_ln0 = specinterface void @_ssdm_op_SpecInterface, i24 %STR_video_out_V_data_V, i3 %STR_video_out_V_keep_V, i3 %STR_video_out_V_strb_V, i1 %STR_video_out_V_user_V, i1 %STR_video_out_V_last_V, void @empty_0, i32 0, i32 0, void @empty_6, i32 0, i32 0, void @empty_3, void @empty_3, void @empty_3, i32 0, i32 0, i32 0, i32 0, void @empty_3, void @empty_3"   --->   Operation 40 'specinterface' 'specinterface_ln0' <Predicate = true> <Delay = 0.00>
ST_4 : Operation 41 [1/1] (0.00ns)   --->   "%zext_ln37 = zext i8 %trunc_ln" [../src/DMA24b_mm2s.cpp:37->../src/DMA24b_mm2s.cpp:77]   --->   Operation 41 'zext' 'zext_ln37' <Predicate = true> <Delay = 0.00>
ST_4 : Operation 42 [1/1] (1.91ns)   --->   "%last_i = add i9 %zext_ln37, i9 511" [../src/DMA24b_mm2s.cpp:37->../src/DMA24b_mm2s.cpp:77]   --->   Operation 42 'add' 'last_i' <Predicate = true> <Delay = 1.91> <CoreInst = "Adder">   --->   Core 1 'Adder' <Latency = 0> <II = 1> <Delay = 1.82> <FuncUnit> <Opcode : 'add' 'sub'> <InPorts = 2> <OutPorts = 1>
ST_4 : Operation 43 [1/4] (0.00ns) (root node of the DSP)   --->   "%bound = mul i20 %cast, i20 %cast1" [../src/DMA24b_mm2s.cpp:34]   --->   Operation 43 'mul' 'bound' <Predicate = true> <Delay = 0.00> <CoreInst = "DSP48">   --->   Core 119 'DSP48' <Latency = 3> <II = 1> <Delay = 2.15> <IPBlock> <Opcode : 'mul' 'add' 'sub' 'select'> <InPorts = 0> <OutPorts = 1> <Sync> <CReg>
ST_4 : Operation 44 [1/1] (1.58ns)   --->   "%br_ln38 = br void" [../src/DMA24b_mm2s.cpp:38->../src/DMA24b_mm2s.cpp:77]   --->   Operation 44 'br' 'br_ln38' <Predicate = true> <Delay = 1.58>

State 5 <SV = 4> <Delay = 4.56>
ST_5 : Operation 45 [1/1] (0.00ns)   --->   "%indvar_flatten = phi i20 0, void %entry, i20 %add_ln38, void %._crit_edge.loopexit.i" [../src/DMA24b_mm2s.cpp:38->../src/DMA24b_mm2s.cpp:77]   --->   Operation 45 'phi' 'indvar_flatten' <Predicate = true> <Delay = 0.00>
ST_5 : Operation 46 [1/1] (0.00ns)   --->   "%i = phi i8 0, void %entry, i8 %i_1, void %._crit_edge.loopexit.i"   --->   Operation 46 'phi' 'i' <Predicate = true> <Delay = 0.00>
ST_5 : Operation 47 [1/1] (2.19ns)   --->   "%add_ln38 = add i20 %indvar_flatten, i20 1" [../src/DMA24b_mm2s.cpp:38->../src/DMA24b_mm2s.cpp:77]   --->   Operation 47 'add' 'add_ln38' <Predicate = true> <Delay = 2.19> <CoreInst = "Adder">   --->   Core 1 'Adder' <Latency = 0> <II = 1> <Delay = 1.82> <FuncUnit> <Opcode : 'add' 'sub'> <InPorts = 2> <OutPorts = 1>
ST_5 : Operation 48 [1/1] (0.00ns)   --->   "%zext_ln39 = zext i8 %i" [../src/DMA24b_mm2s.cpp:39->../src/DMA24b_mm2s.cpp:77]   --->   Operation 48 'zext' 'zext_ln39' <Predicate = true> <Delay = 0.00>
ST_5 : Operation 49 [1/1] (1.66ns)   --->   "%icmp_ln39 = icmp_sgt  i9 %zext_ln39, i9 %last_i" [../src/DMA24b_mm2s.cpp:39->../src/DMA24b_mm2s.cpp:77]   --->   Operation 49 'icmp' 'icmp_ln39' <Predicate = true> <Delay = 1.66> <CoreInst = "Cmp">   --->   Core 9 'Cmp' <Latency = 0> <II = 1> <Delay = 1.99> <FuncUnit> <Opcode : 'icmp'> <InPorts = 2> <OutPorts = 1>
ST_5 : Operation 50 [1/1] (2.44ns)   --->   "%icmp_ln38 = icmp_eq  i20 %indvar_flatten, i20 %bound" [../src/DMA24b_mm2s.cpp:38->../src/DMA24b_mm2s.cpp:77]   --->   Operation 50 'icmp' 'icmp_ln38' <Predicate = true> <Delay = 2.44> <CoreInst = "Cmp">   --->   Core 9 'Cmp' <Latency = 0> <II = 1> <Delay = 1.99> <FuncUnit> <Opcode : 'icmp'> <InPorts = 2> <OutPorts = 1>
ST_5 : Operation 51 [1/1] (0.00ns)   --->   "%br_ln38 = br i1 %icmp_ln38, void %._crit_edge.loopexit.i, void %.exit" [../src/DMA24b_mm2s.cpp:38->../src/DMA24b_mm2s.cpp:77]   --->   Operation 51 'br' 'br_ln38' <Predicate = true> <Delay = 0.00>
ST_5 : Operation 52 [1/1] (1.24ns)   --->   "%select_ln38 = select i1 %icmp_ln39, i8 0, i8 %i" [../src/DMA24b_mm2s.cpp:38->../src/DMA24b_mm2s.cpp:77]   --->   Operation 52 'select' 'select_ln38' <Predicate = (!icmp_ln38)> <Delay = 1.24> <CoreInst = "Sel">   --->   Core 73 'Sel' <Latency = 0> <II = 1> <Delay = 1.24> <FuncUnit> <Opcode : 'select'> <InPorts = 3> <OutPorts = 1>
ST_5 : Operation 53 [1/1] (0.00ns)   --->   "%zext_ln36 = zext i8 %select_ln38" [../src/DMA24b_mm2s.cpp:36->../src/DMA24b_mm2s.cpp:77]   --->   Operation 53 'zext' 'zext_ln36' <Predicate = (!icmp_ln38)> <Delay = 0.00>
ST_5 : Operation 54 [1/1] (1.66ns)   --->   "%video_elt_out_last_V = icmp_eq  i9 %zext_ln36, i9 %last_i" [../src/DMA24b_mm2s.cpp:36->../src/DMA24b_mm2s.cpp:77]   --->   Operation 54 'icmp' 'video_elt_out_last_V' <Predicate = (!icmp_ln38)> <Delay = 1.66> <CoreInst = "Cmp">   --->   Core 9 'Cmp' <Latency = 0> <II = 1> <Delay = 1.99> <FuncUnit> <Opcode : 'icmp'> <InPorts = 2> <OutPorts = 1>

State 6 <SV = 5> <Delay = 4.23>
ST_6 : Operation 55 [1/1] (0.00ns)   --->   "%j = phi i12 0, void %entry, i12 %select_ln38_1, void %._crit_edge.loopexit.i" [../src/DMA24b_mm2s.cpp:38->../src/DMA24b_mm2s.cpp:77]   --->   Operation 55 'phi' 'j' <Predicate = true> <Delay = 0.00>
ST_6 : Operation 56 [1/1] (1.54ns)   --->   "%add_ln38_1 = add i12 %j, i12 1" [../src/DMA24b_mm2s.cpp:38->../src/DMA24b_mm2s.cpp:77]   --->   Operation 56 'add' 'add_ln38_1' <Predicate = (!icmp_ln38 & icmp_ln39)> <Delay = 1.54> <CoreInst = "Adder">   --->   Core 1 'Adder' <Latency = 0> <II = 1> <Delay = 1.82> <FuncUnit> <Opcode : 'add' 'sub'> <InPorts = 2> <OutPorts = 1>
ST_6 : Operation 57 [1/1] (0.69ns)   --->   "%select_ln38_1 = select i1 %icmp_ln39, i12 %add_ln38_1, i12 %j" [../src/DMA24b_mm2s.cpp:38->../src/DMA24b_mm2s.cpp:77]   --->   Operation 57 'select' 'select_ln38_1' <Predicate = (!icmp_ln38)> <Delay = 0.69> <CoreInst = "Sel">   --->   Core 73 'Sel' <Latency = 0> <II = 1> <Delay = 1.24> <FuncUnit> <Opcode : 'select'> <InPorts = 3> <OutPorts = 1>
ST_6 : Operation 58 [1/1] (0.00ns) (grouped into LUT with out node video_elt_out_user_V)   --->   "%trunc_ln38 = trunc i12 %select_ln38_1" [../src/DMA24b_mm2s.cpp:38->../src/DMA24b_mm2s.cpp:77]   --->   Operation 58 'trunc' 'trunc_ln38' <Predicate = (!icmp_ln38)> <Delay = 0.00>
ST_6 : Operation 59 [1/1] (2.43ns)   --->   "%tmp_V = read i128 @_ssdm_op_Read.ap_fifo.volatile.i128P0A, i128 %mm_fifo1" [/tools/xilinx/Vitis_HLS/2020.2/common/technology/autopilot/hls_stream_39.h:145]   --->   Operation 59 'read' 'tmp_V' <Predicate = (!icmp_ln38)> <Delay = 2.43> <CoreInst = "FIFO">   --->   Core 78 'FIFO' <Latency = 0> <II = 1> <Delay = 3.53> <Storage> <Opcode : 'read' 'write' 'nbread' 'nbwrite'> <Ports = 0> <Width = 128> <Depth = 256> <FIFO>
ST_6 : Operation 60 [1/1] (0.00ns)   --->   "%trunc_ln674 = trunc i128 %tmp_V"   --->   Operation 60 'trunc' 'trunc_ln674' <Predicate = (!icmp_ln38)> <Delay = 0.00>
ST_6 : Operation 61 [1/1] (0.00ns)   --->   "%p_Result_6_i = partselect i8 @_ssdm_op_PartSelect.i8.i128.i32.i32, i128 %tmp_V, i32 8, i32 15"   --->   Operation 61 'partselect' 'p_Result_6_i' <Predicate = (!icmp_ln38)> <Delay = 0.00>
ST_6 : Operation 62 [1/1] (0.00ns)   --->   "%p_Result_8_i = partselect i8 @_ssdm_op_PartSelect.i8.i128.i32.i32, i128 %tmp_V, i32 16, i32 23"   --->   Operation 62 'partselect' 'p_Result_8_i' <Predicate = (!icmp_ln38)> <Delay = 0.00>
ST_6 : Operation 63 [1/1] (0.00ns)   --->   "%p_Result_s = bitconcatenate i24 @_ssdm_op_BitConcatenate.i24.i8.i8.i8, i8 %trunc_ln674, i8 %p_Result_6_i, i8 %p_Result_8_i"   --->   Operation 63 'bitconcatenate' 'p_Result_s' <Predicate = (!icmp_ln38)> <Delay = 0.00>
ST_6 : Operation 64 [1/1] (0.00ns) (grouped into LUT with out node video_elt_out_user_V)   --->   "%or_ln51 = or i8 %trunc_ln38, i8 %select_ln38" [../src/DMA24b_mm2s.cpp:51->../src/DMA24b_mm2s.cpp:77]   --->   Operation 64 'or' 'or_ln51' <Predicate = (!icmp_ln38)> <Delay = 0.00> <CoreInst = "LogicGate">   --->   Core 74 'LogicGate' <Latency = 0> <II = 1> <Delay = 0.99> <FuncUnit> <Opcode : 'and' 'or' 'xor'> <InPorts = 2> <OutPorts = 1>
ST_6 : Operation 65 [1/1] (0.00ns) (grouped into LUT with out node video_elt_out_user_V)   --->   "%tmp = partselect i4 @_ssdm_op_PartSelect.i4.i12.i32.i32, i12 %select_ln38_1, i32 8, i32 11" [../src/DMA24b_mm2s.cpp:51->../src/DMA24b_mm2s.cpp:77]   --->   Operation 65 'partselect' 'tmp' <Predicate = (!icmp_ln38)> <Delay = 0.00>
ST_6 : Operation 66 [1/1] (0.00ns) (grouped into LUT with out node video_elt_out_user_V)   --->   "%or_ln = bitconcatenate i12 @_ssdm_op_BitConcatenate.i12.i4.i8, i4 %tmp, i8 %or_ln51" [../src/DMA24b_mm2s.cpp:51->../src/DMA24b_mm2s.cpp:77]   --->   Operation 66 'bitconcatenate' 'or_ln' <Predicate = (!icmp_ln38)> <Delay = 0.00>
ST_6 : Operation 67 [1/1] (1.99ns) (out node of the LUT)   --->   "%video_elt_out_user_V = icmp_eq  i12 %or_ln, i12 0" [../src/DMA24b_mm2s.cpp:51->../src/DMA24b_mm2s.cpp:77]   --->   Operation 67 'icmp' 'video_elt_out_user_V' <Predicate = (!icmp_ln38)> <Delay = 1.99> <CoreInst = "Cmp">   --->   Core 9 'Cmp' <Latency = 0> <II = 1> <Delay = 1.99> <FuncUnit> <Opcode : 'icmp'> <InPorts = 2> <OutPorts = 1>
ST_6 : Operation 68 [1/1] (0.00ns)   --->   "%write_ln304 = write void @_ssdm_op_Write.axis.volatile.i24P0A.i3P0A.i3P0A.i1P0A.i1P0A, i24 %STR_video_out_V_data_V, i3 %STR_video_out_V_keep_V, i3 %STR_video_out_V_strb_V, i1 %STR_video_out_V_user_V, i1 %STR_video_out_V_last_V, i24 %p_Result_s, i3 7, i3 7, i1 %video_elt_out_user_V, i1 0"   --->   Operation 68 'write' 'write_ln304' <Predicate = (!icmp_ln38)> <Delay = 0.00> <CoreInst = "axis">   --->   Core 115 'axis' <Latency = 0> <II = 1> <Delay = 1.00> <Adapter> <Opcode : >
ST_6 : Operation 69 [1/1] (0.00ns)   --->   "%p_Result_i = partselect i8 @_ssdm_op_PartSelect.i8.i128.i32.i32, i128 %tmp_V, i32 24, i32 31"   --->   Operation 69 'partselect' 'p_Result_i' <Predicate = (!icmp_ln38)> <Delay = 0.00>
ST_6 : Operation 70 [1/1] (0.00ns)   --->   "%p_Result_1_i = partselect i8 @_ssdm_op_PartSelect.i8.i128.i32.i32, i128 %tmp_V, i32 32, i32 39"   --->   Operation 70 'partselect' 'p_Result_1_i' <Predicate = (!icmp_ln38)> <Delay = 0.00>
ST_6 : Operation 71 [1/1] (0.00ns)   --->   "%p_Result_2_i = partselect i8 @_ssdm_op_PartSelect.i8.i128.i32.i32, i128 %tmp_V, i32 40, i32 47"   --->   Operation 71 'partselect' 'p_Result_2_i' <Predicate = (!icmp_ln38)> <Delay = 0.00>
ST_6 : Operation 72 [1/1] (0.00ns)   --->   "%p_Result_5_i = partselect i8 @_ssdm_op_PartSelect.i8.i128.i32.i32, i128 %tmp_V, i32 48, i32 55"   --->   Operation 72 'partselect' 'p_Result_5_i' <Predicate = (!icmp_ln38)> <Delay = 0.00>
ST_6 : Operation 73 [1/1] (0.00ns)   --->   "%p_Result_7_i = partselect i8 @_ssdm_op_PartSelect.i8.i128.i32.i32, i128 %tmp_V, i32 56, i32 63"   --->   Operation 73 'partselect' 'p_Result_7_i' <Predicate = (!icmp_ln38)> <Delay = 0.00>
ST_6 : Operation 74 [1/1] (0.00ns)   --->   "%p_Result_9_i = partselect i8 @_ssdm_op_PartSelect.i8.i128.i32.i32, i128 %tmp_V, i32 64, i32 71"   --->   Operation 74 'partselect' 'p_Result_9_i' <Predicate = (!icmp_ln38)> <Delay = 0.00>
ST_6 : Operation 75 [1/1] (0.00ns)   --->   "%p_Result_10_i = partselect i8 @_ssdm_op_PartSelect.i8.i128.i32.i32, i128 %tmp_V, i32 72, i32 79"   --->   Operation 75 'partselect' 'p_Result_10_i' <Predicate = (!icmp_ln38)> <Delay = 0.00>
ST_6 : Operation 76 [1/1] (0.00ns)   --->   "%p_Result_11_i = partselect i8 @_ssdm_op_PartSelect.i8.i128.i32.i32, i128 %tmp_V, i32 80, i32 87"   --->   Operation 76 'partselect' 'p_Result_11_i' <Predicate = (!icmp_ln38)> <Delay = 0.00>
ST_6 : Operation 77 [1/1] (0.00ns)   --->   "%p_Result_12_i = partselect i8 @_ssdm_op_PartSelect.i8.i128.i32.i32, i128 %tmp_V, i32 88, i32 95"   --->   Operation 77 'partselect' 'p_Result_12_i' <Predicate = (!icmp_ln38)> <Delay = 0.00>
ST_6 : Operation 78 [1/1] (0.00ns)   --->   "%p_Result_13_i = partselect i8 @_ssdm_op_PartSelect.i8.i128.i32.i32, i128 %tmp_V, i32 96, i32 103"   --->   Operation 78 'partselect' 'p_Result_13_i' <Predicate = (!icmp_ln38)> <Delay = 0.00>
ST_6 : Operation 79 [1/1] (0.00ns)   --->   "%p_Result_14_i = partselect i8 @_ssdm_op_PartSelect.i8.i128.i32.i32, i128 %tmp_V, i32 104, i32 111"   --->   Operation 79 'partselect' 'p_Result_14_i' <Predicate = (!icmp_ln38)> <Delay = 0.00>
ST_6 : Operation 80 [1/1] (0.00ns)   --->   "%p_Result_15_i = partselect i8 @_ssdm_op_PartSelect.i8.i128.i32.i32, i128 %tmp_V, i32 112, i32 119"   --->   Operation 80 'partselect' 'p_Result_15_i' <Predicate = (!icmp_ln38)> <Delay = 0.00>
ST_6 : Operation 81 [1/1] (0.00ns)   --->   "%p_Result_16_i = partselect i8 @_ssdm_op_PartSelect.i8.i128.i32.i32, i128 %tmp_V, i32 120, i32 127"   --->   Operation 81 'partselect' 'p_Result_16_i' <Predicate = (!icmp_ln38)> <Delay = 0.00>

State 7 <SV = 6> <Delay = 0.00>
ST_7 : Operation 82 [1/1] (0.00ns)   --->   "%p_Result_1 = bitconcatenate i24 @_ssdm_op_BitConcatenate.i24.i8.i8.i8, i8 %p_Result_i, i8 %p_Result_1_i, i8 %p_Result_2_i"   --->   Operation 82 'bitconcatenate' 'p_Result_1' <Predicate = (!icmp_ln38)> <Delay = 0.00>
ST_7 : Operation 83 [1/1] (0.00ns)   --->   "%write_ln304 = write void @_ssdm_op_Write.axis.volatile.i24P0A.i3P0A.i3P0A.i1P0A.i1P0A, i24 %STR_video_out_V_data_V, i3 %STR_video_out_V_keep_V, i3 %STR_video_out_V_strb_V, i1 %STR_video_out_V_user_V, i1 %STR_video_out_V_last_V, i24 %p_Result_1, i3 7, i3 7, i1 0, i1 0"   --->   Operation 83 'write' 'write_ln304' <Predicate = (!icmp_ln38)> <Delay = 0.00> <CoreInst = "axis">   --->   Core 115 'axis' <Latency = 0> <II = 1> <Delay = 1.00> <Adapter> <Opcode : >

State 8 <SV = 7> <Delay = 0.00>
ST_8 : Operation 84 [1/1] (0.00ns)   --->   "%p_Result_2 = bitconcatenate i24 @_ssdm_op_BitConcatenate.i24.i8.i8.i8, i8 %p_Result_5_i, i8 %p_Result_7_i, i8 %p_Result_9_i"   --->   Operation 84 'bitconcatenate' 'p_Result_2' <Predicate = (!icmp_ln38)> <Delay = 0.00>
ST_8 : Operation 85 [1/1] (0.00ns)   --->   "%write_ln304 = write void @_ssdm_op_Write.axis.volatile.i24P0A.i3P0A.i3P0A.i1P0A.i1P0A, i24 %STR_video_out_V_data_V, i3 %STR_video_out_V_keep_V, i3 %STR_video_out_V_strb_V, i1 %STR_video_out_V_user_V, i1 %STR_video_out_V_last_V, i24 %p_Result_2, i3 7, i3 7, i1 0, i1 0"   --->   Operation 85 'write' 'write_ln304' <Predicate = (!icmp_ln38)> <Delay = 0.00> <CoreInst = "axis">   --->   Core 115 'axis' <Latency = 0> <II = 1> <Delay = 1.00> <Adapter> <Opcode : >

State 9 <SV = 8> <Delay = 0.00>
ST_9 : Operation 86 [1/1] (0.00ns)   --->   "%p_Result_3 = bitconcatenate i24 @_ssdm_op_BitConcatenate.i24.i8.i8.i8, i8 %p_Result_10_i, i8 %p_Result_11_i, i8 %p_Result_12_i"   --->   Operation 86 'bitconcatenate' 'p_Result_3' <Predicate = (!icmp_ln38)> <Delay = 0.00>
ST_9 : Operation 87 [1/1] (0.00ns)   --->   "%write_ln304 = write void @_ssdm_op_Write.axis.volatile.i24P0A.i3P0A.i3P0A.i1P0A.i1P0A, i24 %STR_video_out_V_data_V, i3 %STR_video_out_V_keep_V, i3 %STR_video_out_V_strb_V, i1 %STR_video_out_V_user_V, i1 %STR_video_out_V_last_V, i24 %p_Result_3, i3 7, i3 7, i1 0, i1 0"   --->   Operation 87 'write' 'write_ln304' <Predicate = (!icmp_ln38)> <Delay = 0.00> <CoreInst = "axis">   --->   Core 115 'axis' <Latency = 0> <II = 1> <Delay = 1.00> <Adapter> <Opcode : >

State 10 <SV = 9> <Delay = 0.00>
ST_10 : Operation 88 [1/1] (0.00ns)   --->   "%p_Result_4 = bitconcatenate i24 @_ssdm_op_BitConcatenate.i24.i8.i8.i8, i8 %p_Result_13_i, i8 %p_Result_14_i, i8 %p_Result_15_i"   --->   Operation 88 'bitconcatenate' 'p_Result_4' <Predicate = (!icmp_ln38)> <Delay = 0.00>
ST_10 : Operation 89 [1/1] (0.00ns)   --->   "%write_ln304 = write void @_ssdm_op_Write.axis.volatile.i24P0A.i3P0A.i3P0A.i1P0A.i1P0A, i24 %STR_video_out_V_data_V, i3 %STR_video_out_V_keep_V, i3 %STR_video_out_V_strb_V, i1 %STR_video_out_V_user_V, i1 %STR_video_out_V_last_V, i24 %p_Result_4, i3 7, i3 7, i1 0, i1 0"   --->   Operation 89 'write' 'write_ln304' <Predicate = (!icmp_ln38)> <Delay = 0.00> <CoreInst = "axis">   --->   Core 115 'axis' <Latency = 0> <II = 1> <Delay = 1.00> <Adapter> <Opcode : >

State 11 <SV = 10> <Delay = 2.43>
ST_11 : Operation 90 [1/1] (2.43ns)   --->   "%tmp_V_1 = read i128 @_ssdm_op_Read.ap_fifo.volatile.i128P0A, i128 %mm_fifo1" [/tools/xilinx/Vitis_HLS/2020.2/common/technology/autopilot/hls_stream_39.h:145]   --->   Operation 90 'read' 'tmp_V_1' <Predicate = (!icmp_ln38)> <Delay = 2.43> <CoreInst = "FIFO">   --->   Core 78 'FIFO' <Latency = 0> <II = 1> <Delay = 3.53> <Storage> <Opcode : 'read' 'write' 'nbread' 'nbwrite'> <Ports = 0> <Width = 128> <Depth = 256> <FIFO>
ST_11 : Operation 91 [1/1] (0.00ns)   --->   "%trunc_ln674_1 = trunc i128 %tmp_V_1"   --->   Operation 91 'trunc' 'trunc_ln674_1' <Predicate = (!icmp_ln38)> <Delay = 0.00>
ST_11 : Operation 92 [1/1] (0.00ns)   --->   "%p_Result_18_i = partselect i8 @_ssdm_op_PartSelect.i8.i128.i32.i32, i128 %tmp_V_1, i32 8, i32 15"   --->   Operation 92 'partselect' 'p_Result_18_i' <Predicate = (!icmp_ln38)> <Delay = 0.00>
ST_11 : Operation 93 [1/1] (0.00ns)   --->   "%p_Result_5 = bitconcatenate i24 @_ssdm_op_BitConcatenate.i24.i8.i8.i8, i8 %p_Result_16_i, i8 %trunc_ln674_1, i8 %p_Result_18_i"   --->   Operation 93 'bitconcatenate' 'p_Result_5' <Predicate = (!icmp_ln38)> <Delay = 0.00>
ST_11 : Operation 94 [1/1] (0.00ns)   --->   "%write_ln304 = write void @_ssdm_op_Write.axis.volatile.i24P0A.i3P0A.i3P0A.i1P0A.i1P0A, i24 %STR_video_out_V_data_V, i3 %STR_video_out_V_keep_V, i3 %STR_video_out_V_strb_V, i1 %STR_video_out_V_user_V, i1 %STR_video_out_V_last_V, i24 %p_Result_5, i3 7, i3 7, i1 0, i1 0"   --->   Operation 94 'write' 'write_ln304' <Predicate = (!icmp_ln38)> <Delay = 0.00> <CoreInst = "axis">   --->   Core 115 'axis' <Latency = 0> <II = 1> <Delay = 1.00> <Adapter> <Opcode : >
ST_11 : Operation 95 [1/1] (0.00ns)   --->   "%p_Result_19_i = partselect i8 @_ssdm_op_PartSelect.i8.i128.i32.i32, i128 %tmp_V_1, i32 16, i32 23"   --->   Operation 95 'partselect' 'p_Result_19_i' <Predicate = (!icmp_ln38)> <Delay = 0.00>
ST_11 : Operation 96 [1/1] (0.00ns)   --->   "%p_Result_20_i = partselect i8 @_ssdm_op_PartSelect.i8.i128.i32.i32, i128 %tmp_V_1, i32 24, i32 31"   --->   Operation 96 'partselect' 'p_Result_20_i' <Predicate = (!icmp_ln38)> <Delay = 0.00>
ST_11 : Operation 97 [1/1] (0.00ns)   --->   "%p_Result_21_i = partselect i8 @_ssdm_op_PartSelect.i8.i128.i32.i32, i128 %tmp_V_1, i32 32, i32 39"   --->   Operation 97 'partselect' 'p_Result_21_i' <Predicate = (!icmp_ln38)> <Delay = 0.00>
ST_11 : Operation 98 [1/1] (0.00ns)   --->   "%p_Result_22_i = partselect i8 @_ssdm_op_PartSelect.i8.i128.i32.i32, i128 %tmp_V_1, i32 40, i32 47"   --->   Operation 98 'partselect' 'p_Result_22_i' <Predicate = (!icmp_ln38)> <Delay = 0.00>
ST_11 : Operation 99 [1/1] (0.00ns)   --->   "%p_Result_23_i = partselect i8 @_ssdm_op_PartSelect.i8.i128.i32.i32, i128 %tmp_V_1, i32 48, i32 55"   --->   Operation 99 'partselect' 'p_Result_23_i' <Predicate = (!icmp_ln38)> <Delay = 0.00>
ST_11 : Operation 100 [1/1] (0.00ns)   --->   "%p_Result_24_i = partselect i8 @_ssdm_op_PartSelect.i8.i128.i32.i32, i128 %tmp_V_1, i32 56, i32 63"   --->   Operation 100 'partselect' 'p_Result_24_i' <Predicate = (!icmp_ln38)> <Delay = 0.00>
ST_11 : Operation 101 [1/1] (0.00ns)   --->   "%p_Result_25_i = partselect i8 @_ssdm_op_PartSelect.i8.i128.i32.i32, i128 %tmp_V_1, i32 64, i32 71"   --->   Operation 101 'partselect' 'p_Result_25_i' <Predicate = (!icmp_ln38)> <Delay = 0.00>
ST_11 : Operation 102 [1/1] (0.00ns)   --->   "%p_Result_26_i = partselect i8 @_ssdm_op_PartSelect.i8.i128.i32.i32, i128 %tmp_V_1, i32 72, i32 79"   --->   Operation 102 'partselect' 'p_Result_26_i' <Predicate = (!icmp_ln38)> <Delay = 0.00>
ST_11 : Operation 103 [1/1] (0.00ns)   --->   "%p_Result_27_i = partselect i8 @_ssdm_op_PartSelect.i8.i128.i32.i32, i128 %tmp_V_1, i32 80, i32 87"   --->   Operation 103 'partselect' 'p_Result_27_i' <Predicate = (!icmp_ln38)> <Delay = 0.00>
ST_11 : Operation 104 [1/1] (0.00ns)   --->   "%p_Result_28_i = partselect i8 @_ssdm_op_PartSelect.i8.i128.i32.i32, i128 %tmp_V_1, i32 88, i32 95"   --->   Operation 104 'partselect' 'p_Result_28_i' <Predicate = (!icmp_ln38)> <Delay = 0.00>
ST_11 : Operation 105 [1/1] (0.00ns)   --->   "%p_Result_29_i = partselect i8 @_ssdm_op_PartSelect.i8.i128.i32.i32, i128 %tmp_V_1, i32 96, i32 103"   --->   Operation 105 'partselect' 'p_Result_29_i' <Predicate = (!icmp_ln38)> <Delay = 0.00>
ST_11 : Operation 106 [1/1] (0.00ns)   --->   "%p_Result_30_i = partselect i8 @_ssdm_op_PartSelect.i8.i128.i32.i32, i128 %tmp_V_1, i32 104, i32 111"   --->   Operation 106 'partselect' 'p_Result_30_i' <Predicate = (!icmp_ln38)> <Delay = 0.00>
ST_11 : Operation 107 [1/1] (0.00ns)   --->   "%p_Result_31_i = partselect i8 @_ssdm_op_PartSelect.i8.i128.i32.i32, i128 %tmp_V_1, i32 112, i32 119"   --->   Operation 107 'partselect' 'p_Result_31_i' <Predicate = (!icmp_ln38)> <Delay = 0.00>
ST_11 : Operation 108 [1/1] (0.00ns)   --->   "%p_Result_32_i = partselect i8 @_ssdm_op_PartSelect.i8.i128.i32.i32, i128 %tmp_V_1, i32 120, i32 127"   --->   Operation 108 'partselect' 'p_Result_32_i' <Predicate = (!icmp_ln38)> <Delay = 0.00>

State 12 <SV = 11> <Delay = 0.00>
ST_12 : Operation 109 [1/1] (0.00ns)   --->   "%p_Result_6 = bitconcatenate i24 @_ssdm_op_BitConcatenate.i24.i8.i8.i8, i8 %p_Result_19_i, i8 %p_Result_20_i, i8 %p_Result_21_i"   --->   Operation 109 'bitconcatenate' 'p_Result_6' <Predicate = (!icmp_ln38)> <Delay = 0.00>
ST_12 : Operation 110 [1/1] (0.00ns)   --->   "%write_ln304 = write void @_ssdm_op_Write.axis.volatile.i24P0A.i3P0A.i3P0A.i1P0A.i1P0A, i24 %STR_video_out_V_data_V, i3 %STR_video_out_V_keep_V, i3 %STR_video_out_V_strb_V, i1 %STR_video_out_V_user_V, i1 %STR_video_out_V_last_V, i24 %p_Result_6, i3 7, i3 7, i1 0, i1 0"   --->   Operation 110 'write' 'write_ln304' <Predicate = (!icmp_ln38)> <Delay = 0.00> <CoreInst = "axis">   --->   Core 115 'axis' <Latency = 0> <II = 1> <Delay = 1.00> <Adapter> <Opcode : >

State 13 <SV = 12> <Delay = 0.00>
ST_13 : Operation 111 [1/1] (0.00ns)   --->   "%p_Result_7 = bitconcatenate i24 @_ssdm_op_BitConcatenate.i24.i8.i8.i8, i8 %p_Result_22_i, i8 %p_Result_23_i, i8 %p_Result_24_i"   --->   Operation 111 'bitconcatenate' 'p_Result_7' <Predicate = (!icmp_ln38)> <Delay = 0.00>
ST_13 : Operation 112 [1/1] (0.00ns)   --->   "%write_ln304 = write void @_ssdm_op_Write.axis.volatile.i24P0A.i3P0A.i3P0A.i1P0A.i1P0A, i24 %STR_video_out_V_data_V, i3 %STR_video_out_V_keep_V, i3 %STR_video_out_V_strb_V, i1 %STR_video_out_V_user_V, i1 %STR_video_out_V_last_V, i24 %p_Result_7, i3 7, i3 7, i1 0, i1 0"   --->   Operation 112 'write' 'write_ln304' <Predicate = (!icmp_ln38)> <Delay = 0.00> <CoreInst = "axis">   --->   Core 115 'axis' <Latency = 0> <II = 1> <Delay = 1.00> <Adapter> <Opcode : >

State 14 <SV = 13> <Delay = 0.00>
ST_14 : Operation 113 [1/1] (0.00ns)   --->   "%p_Result_8 = bitconcatenate i24 @_ssdm_op_BitConcatenate.i24.i8.i8.i8, i8 %p_Result_25_i, i8 %p_Result_26_i, i8 %p_Result_27_i"   --->   Operation 113 'bitconcatenate' 'p_Result_8' <Predicate = (!icmp_ln38)> <Delay = 0.00>
ST_14 : Operation 114 [1/1] (0.00ns)   --->   "%write_ln304 = write void @_ssdm_op_Write.axis.volatile.i24P0A.i3P0A.i3P0A.i1P0A.i1P0A, i24 %STR_video_out_V_data_V, i3 %STR_video_out_V_keep_V, i3 %STR_video_out_V_strb_V, i1 %STR_video_out_V_user_V, i1 %STR_video_out_V_last_V, i24 %p_Result_8, i3 7, i3 7, i1 0, i1 0"   --->   Operation 114 'write' 'write_ln304' <Predicate = (!icmp_ln38)> <Delay = 0.00> <CoreInst = "axis">   --->   Core 115 'axis' <Latency = 0> <II = 1> <Delay = 1.00> <Adapter> <Opcode : >

State 15 <SV = 14> <Delay = 0.00>
ST_15 : Operation 115 [1/1] (0.00ns)   --->   "%p_Result_9 = bitconcatenate i24 @_ssdm_op_BitConcatenate.i24.i8.i8.i8, i8 %p_Result_28_i, i8 %p_Result_29_i, i8 %p_Result_30_i"   --->   Operation 115 'bitconcatenate' 'p_Result_9' <Predicate = (!icmp_ln38)> <Delay = 0.00>
ST_15 : Operation 116 [1/1] (0.00ns)   --->   "%write_ln304 = write void @_ssdm_op_Write.axis.volatile.i24P0A.i3P0A.i3P0A.i1P0A.i1P0A, i24 %STR_video_out_V_data_V, i3 %STR_video_out_V_keep_V, i3 %STR_video_out_V_strb_V, i1 %STR_video_out_V_user_V, i1 %STR_video_out_V_last_V, i24 %p_Result_9, i3 7, i3 7, i1 0, i1 0"   --->   Operation 116 'write' 'write_ln304' <Predicate = (!icmp_ln38)> <Delay = 0.00> <CoreInst = "axis">   --->   Core 115 'axis' <Latency = 0> <II = 1> <Delay = 1.00> <Adapter> <Opcode : >

State 16 <SV = 15> <Delay = 2.43>
ST_16 : Operation 117 [1/1] (2.43ns)   --->   "%tmp_V_2 = read i128 @_ssdm_op_Read.ap_fifo.volatile.i128P0A, i128 %mm_fifo1" [/tools/xilinx/Vitis_HLS/2020.2/common/technology/autopilot/hls_stream_39.h:145]   --->   Operation 117 'read' 'tmp_V_2' <Predicate = (!icmp_ln38)> <Delay = 2.43> <CoreInst = "FIFO">   --->   Core 78 'FIFO' <Latency = 0> <II = 1> <Delay = 3.53> <Storage> <Opcode : 'read' 'write' 'nbread' 'nbwrite'> <Ports = 0> <Width = 128> <Depth = 256> <FIFO>
ST_16 : Operation 118 [1/1] (0.00ns)   --->   "%trunc_ln674_2 = trunc i128 %tmp_V_2"   --->   Operation 118 'trunc' 'trunc_ln674_2' <Predicate = (!icmp_ln38)> <Delay = 0.00>
ST_16 : Operation 119 [1/1] (0.00ns)   --->   "%p_Result_10 = bitconcatenate i24 @_ssdm_op_BitConcatenate.i24.i8.i8.i8, i8 %p_Result_31_i, i8 %p_Result_32_i, i8 %trunc_ln674_2"   --->   Operation 119 'bitconcatenate' 'p_Result_10' <Predicate = (!icmp_ln38)> <Delay = 0.00>
ST_16 : Operation 120 [1/1] (0.00ns)   --->   "%write_ln304 = write void @_ssdm_op_Write.axis.volatile.i24P0A.i3P0A.i3P0A.i1P0A.i1P0A, i24 %STR_video_out_V_data_V, i3 %STR_video_out_V_keep_V, i3 %STR_video_out_V_strb_V, i1 %STR_video_out_V_user_V, i1 %STR_video_out_V_last_V, i24 %p_Result_10, i3 7, i3 7, i1 0, i1 0"   --->   Operation 120 'write' 'write_ln304' <Predicate = (!icmp_ln38)> <Delay = 0.00> <CoreInst = "axis">   --->   Core 115 'axis' <Latency = 0> <II = 1> <Delay = 1.00> <Adapter> <Opcode : >
ST_16 : Operation 121 [1/1] (0.00ns)   --->   "%p_Result_34_i = partselect i8 @_ssdm_op_PartSelect.i8.i128.i32.i32, i128 %tmp_V_2, i32 8, i32 15"   --->   Operation 121 'partselect' 'p_Result_34_i' <Predicate = (!icmp_ln38)> <Delay = 0.00>
ST_16 : Operation 122 [1/1] (0.00ns)   --->   "%p_Result_35_i = partselect i8 @_ssdm_op_PartSelect.i8.i128.i32.i32, i128 %tmp_V_2, i32 16, i32 23"   --->   Operation 122 'partselect' 'p_Result_35_i' <Predicate = (!icmp_ln38)> <Delay = 0.00>
ST_16 : Operation 123 [1/1] (0.00ns)   --->   "%p_Result_36_i = partselect i8 @_ssdm_op_PartSelect.i8.i128.i32.i32, i128 %tmp_V_2, i32 24, i32 31"   --->   Operation 123 'partselect' 'p_Result_36_i' <Predicate = (!icmp_ln38)> <Delay = 0.00>
ST_16 : Operation 124 [1/1] (0.00ns)   --->   "%p_Result_37_i = partselect i8 @_ssdm_op_PartSelect.i8.i128.i32.i32, i128 %tmp_V_2, i32 32, i32 39"   --->   Operation 124 'partselect' 'p_Result_37_i' <Predicate = (!icmp_ln38)> <Delay = 0.00>
ST_16 : Operation 125 [1/1] (0.00ns)   --->   "%p_Result_38_i = partselect i8 @_ssdm_op_PartSelect.i8.i128.i32.i32, i128 %tmp_V_2, i32 40, i32 47"   --->   Operation 125 'partselect' 'p_Result_38_i' <Predicate = (!icmp_ln38)> <Delay = 0.00>
ST_16 : Operation 126 [1/1] (0.00ns)   --->   "%p_Result_39_i = partselect i8 @_ssdm_op_PartSelect.i8.i128.i32.i32, i128 %tmp_V_2, i32 48, i32 55"   --->   Operation 126 'partselect' 'p_Result_39_i' <Predicate = (!icmp_ln38)> <Delay = 0.00>
ST_16 : Operation 127 [1/1] (0.00ns)   --->   "%p_Result_40_i = partselect i8 @_ssdm_op_PartSelect.i8.i128.i32.i32, i128 %tmp_V_2, i32 56, i32 63"   --->   Operation 127 'partselect' 'p_Result_40_i' <Predicate = (!icmp_ln38)> <Delay = 0.00>
ST_16 : Operation 128 [1/1] (0.00ns)   --->   "%p_Result_41_i = partselect i8 @_ssdm_op_PartSelect.i8.i128.i32.i32, i128 %tmp_V_2, i32 64, i32 71"   --->   Operation 128 'partselect' 'p_Result_41_i' <Predicate = (!icmp_ln38)> <Delay = 0.00>
ST_16 : Operation 129 [1/1] (0.00ns)   --->   "%p_Result_42_i = partselect i8 @_ssdm_op_PartSelect.i8.i128.i32.i32, i128 %tmp_V_2, i32 72, i32 79"   --->   Operation 129 'partselect' 'p_Result_42_i' <Predicate = (!icmp_ln38)> <Delay = 0.00>
ST_16 : Operation 130 [1/1] (0.00ns)   --->   "%p_Result_43_i = partselect i8 @_ssdm_op_PartSelect.i8.i128.i32.i32, i128 %tmp_V_2, i32 80, i32 87"   --->   Operation 130 'partselect' 'p_Result_43_i' <Predicate = (!icmp_ln38)> <Delay = 0.00>
ST_16 : Operation 131 [1/1] (0.00ns)   --->   "%p_Result_44_i = partselect i8 @_ssdm_op_PartSelect.i8.i128.i32.i32, i128 %tmp_V_2, i32 88, i32 95"   --->   Operation 131 'partselect' 'p_Result_44_i' <Predicate = (!icmp_ln38)> <Delay = 0.00>
ST_16 : Operation 132 [1/1] (0.00ns)   --->   "%p_Result_45_i = partselect i8 @_ssdm_op_PartSelect.i8.i128.i32.i32, i128 %tmp_V_2, i32 96, i32 103"   --->   Operation 132 'partselect' 'p_Result_45_i' <Predicate = (!icmp_ln38)> <Delay = 0.00>
ST_16 : Operation 133 [1/1] (0.00ns)   --->   "%p_Result_46_i = partselect i8 @_ssdm_op_PartSelect.i8.i128.i32.i32, i128 %tmp_V_2, i32 104, i32 111"   --->   Operation 133 'partselect' 'p_Result_46_i' <Predicate = (!icmp_ln38)> <Delay = 0.00>
ST_16 : Operation 134 [1/1] (0.00ns)   --->   "%p_Result_47_i = partselect i8 @_ssdm_op_PartSelect.i8.i128.i32.i32, i128 %tmp_V_2, i32 112, i32 119"   --->   Operation 134 'partselect' 'p_Result_47_i' <Predicate = (!icmp_ln38)> <Delay = 0.00>
ST_16 : Operation 135 [1/1] (0.00ns)   --->   "%p_Result_48_i = partselect i8 @_ssdm_op_PartSelect.i8.i128.i32.i32, i128 %tmp_V_2, i32 120, i32 127"   --->   Operation 135 'partselect' 'p_Result_48_i' <Predicate = (!icmp_ln38)> <Delay = 0.00>

State 17 <SV = 16> <Delay = 0.00>
ST_17 : Operation 136 [1/1] (0.00ns)   --->   "%p_Result_11 = bitconcatenate i24 @_ssdm_op_BitConcatenate.i24.i8.i8.i8, i8 %p_Result_34_i, i8 %p_Result_35_i, i8 %p_Result_36_i"   --->   Operation 136 'bitconcatenate' 'p_Result_11' <Predicate = (!icmp_ln38)> <Delay = 0.00>
ST_17 : Operation 137 [1/1] (0.00ns)   --->   "%write_ln304 = write void @_ssdm_op_Write.axis.volatile.i24P0A.i3P0A.i3P0A.i1P0A.i1P0A, i24 %STR_video_out_V_data_V, i3 %STR_video_out_V_keep_V, i3 %STR_video_out_V_strb_V, i1 %STR_video_out_V_user_V, i1 %STR_video_out_V_last_V, i24 %p_Result_11, i3 7, i3 7, i1 0, i1 0"   --->   Operation 137 'write' 'write_ln304' <Predicate = (!icmp_ln38)> <Delay = 0.00> <CoreInst = "axis">   --->   Core 115 'axis' <Latency = 0> <II = 1> <Delay = 1.00> <Adapter> <Opcode : >

State 18 <SV = 17> <Delay = 0.00>
ST_18 : Operation 138 [1/1] (0.00ns)   --->   "%p_Result_12 = bitconcatenate i24 @_ssdm_op_BitConcatenate.i24.i8.i8.i8, i8 %p_Result_37_i, i8 %p_Result_38_i, i8 %p_Result_39_i"   --->   Operation 138 'bitconcatenate' 'p_Result_12' <Predicate = (!icmp_ln38)> <Delay = 0.00>
ST_18 : Operation 139 [1/1] (0.00ns)   --->   "%write_ln304 = write void @_ssdm_op_Write.axis.volatile.i24P0A.i3P0A.i3P0A.i1P0A.i1P0A, i24 %STR_video_out_V_data_V, i3 %STR_video_out_V_keep_V, i3 %STR_video_out_V_strb_V, i1 %STR_video_out_V_user_V, i1 %STR_video_out_V_last_V, i24 %p_Result_12, i3 7, i3 7, i1 0, i1 0"   --->   Operation 139 'write' 'write_ln304' <Predicate = (!icmp_ln38)> <Delay = 0.00> <CoreInst = "axis">   --->   Core 115 'axis' <Latency = 0> <II = 1> <Delay = 1.00> <Adapter> <Opcode : >

State 19 <SV = 18> <Delay = 0.00>
ST_19 : Operation 140 [1/1] (0.00ns)   --->   "%p_Result_13 = bitconcatenate i24 @_ssdm_op_BitConcatenate.i24.i8.i8.i8, i8 %p_Result_40_i, i8 %p_Result_41_i, i8 %p_Result_42_i"   --->   Operation 140 'bitconcatenate' 'p_Result_13' <Predicate = (!icmp_ln38)> <Delay = 0.00>
ST_19 : Operation 141 [1/1] (0.00ns)   --->   "%write_ln304 = write void @_ssdm_op_Write.axis.volatile.i24P0A.i3P0A.i3P0A.i1P0A.i1P0A, i24 %STR_video_out_V_data_V, i3 %STR_video_out_V_keep_V, i3 %STR_video_out_V_strb_V, i1 %STR_video_out_V_user_V, i1 %STR_video_out_V_last_V, i24 %p_Result_13, i3 7, i3 7, i1 0, i1 0"   --->   Operation 141 'write' 'write_ln304' <Predicate = (!icmp_ln38)> <Delay = 0.00> <CoreInst = "axis">   --->   Core 115 'axis' <Latency = 0> <II = 1> <Delay = 1.00> <Adapter> <Opcode : >

State 20 <SV = 19> <Delay = 1.91>
ST_20 : Operation 142 [1/1] (0.00ns)   --->   "%p_Result_14 = bitconcatenate i24 @_ssdm_op_BitConcatenate.i24.i8.i8.i8, i8 %p_Result_43_i, i8 %p_Result_44_i, i8 %p_Result_45_i"   --->   Operation 142 'bitconcatenate' 'p_Result_14' <Predicate = (!icmp_ln38)> <Delay = 0.00>
ST_20 : Operation 143 [1/1] (0.00ns)   --->   "%write_ln304 = write void @_ssdm_op_Write.axis.volatile.i24P0A.i3P0A.i3P0A.i1P0A.i1P0A, i24 %STR_video_out_V_data_V, i3 %STR_video_out_V_keep_V, i3 %STR_video_out_V_strb_V, i1 %STR_video_out_V_user_V, i1 %STR_video_out_V_last_V, i24 %p_Result_14, i3 7, i3 7, i1 0, i1 0"   --->   Operation 143 'write' 'write_ln304' <Predicate = (!icmp_ln38)> <Delay = 0.00> <CoreInst = "axis">   --->   Core 115 'axis' <Latency = 0> <II = 1> <Delay = 1.00> <Adapter> <Opcode : >
ST_20 : Operation 144 [1/1] (1.91ns)   --->   "%i_1 = add i8 %select_ln38, i8 1" [../src/DMA24b_mm2s.cpp:39->../src/DMA24b_mm2s.cpp:77]   --->   Operation 144 'add' 'i_1' <Predicate = (!icmp_ln38)> <Delay = 1.91> <CoreInst = "Adder">   --->   Core 1 'Adder' <Latency = 0> <II = 1> <Delay = 1.82> <FuncUnit> <Opcode : 'add' 'sub'> <InPorts = 2> <OutPorts = 1>

State 21 <SV = 20> <Delay = 0.00>
ST_21 : Operation 145 [1/1] (0.00ns)   --->   "%specloopname_ln0 = specloopname void @_ssdm_op_SpecLoopName, void @line_loop_group_loop_str"   --->   Operation 145 'specloopname' 'specloopname_ln0' <Predicate = (!icmp_ln38)> <Delay = 0.00>
ST_21 : Operation 146 [1/1] (0.00ns)   --->   "%specpipeline_ln36 = specpipeline void @_ssdm_op_SpecPipeline, i32 16, i32 0, i32 0, i32 0, void @empty_3" [../src/DMA24b_mm2s.cpp:36->../src/DMA24b_mm2s.cpp:77]   --->   Operation 146 'specpipeline' 'specpipeline_ln36' <Predicate = (!icmp_ln38)> <Delay = 0.00>
ST_21 : Operation 147 [1/1] (0.00ns)   --->   "%specloopname_ln36 = specloopname void @_ssdm_op_SpecLoopName, void @empty_2" [../src/DMA24b_mm2s.cpp:36->../src/DMA24b_mm2s.cpp:77]   --->   Operation 147 'specloopname' 'specloopname_ln36' <Predicate = (!icmp_ln38)> <Delay = 0.00>
ST_21 : Operation 148 [1/1] (0.00ns)   --->   "%p_Result_15 = bitconcatenate i24 @_ssdm_op_BitConcatenate.i24.i8.i8.i8, i8 %p_Result_46_i, i8 %p_Result_47_i, i8 %p_Result_48_i"   --->   Operation 148 'bitconcatenate' 'p_Result_15' <Predicate = (!icmp_ln38)> <Delay = 0.00>
ST_21 : Operation 149 [1/1] (0.00ns)   --->   "%write_ln304 = write void @_ssdm_op_Write.axis.volatile.i24P0A.i3P0A.i3P0A.i1P0A.i1P0A, i24 %STR_video_out_V_data_V, i3 %STR_video_out_V_keep_V, i3 %STR_video_out_V_strb_V, i1 %STR_video_out_V_user_V, i1 %STR_video_out_V_last_V, i24 %p_Result_15, i3 7, i3 7, i1 0, i1 %video_elt_out_last_V"   --->   Operation 149 'write' 'write_ln304' <Predicate = (!icmp_ln38)> <Delay = 0.00> <CoreInst = "axis">   --->   Core 115 'axis' <Latency = 0> <II = 1> <Delay = 1.00> <Adapter> <Opcode : >
ST_21 : Operation 150 [1/1] (0.00ns)   --->   "%br_ln0 = br void"   --->   Operation 150 'br' 'br_ln0' <Predicate = (!icmp_ln38)> <Delay = 0.00>

State 22 <SV = 21> <Delay = 0.00>
ST_22 : Operation 151 [1/1] (0.00ns)   --->   "%ret_ln77 = ret" [../src/DMA24b_mm2s.cpp:77]   --->   Operation 151 'ret' 'ret_ln77' <Predicate = true> <Delay = 0.00>


============================================================
+ Verbose Summary: Binding
============================================================
STG Binding: 
---------------- STG Properties BEGIN ----------------
- Is combinational: 0
- Is one-state seq: 0
- Is datapath-only: 0
- Is pipelined: 0
- Is top level: 0
Port [ Return ] is wired: 1; IO mode=ap_ctrl_hs:ce=0
Port [ mm_fifo1]:  wired=1; compound=1; hidden=0; nouse=0; global=0; static=0; extern=0; dir=0; type=3; pingpong=0; private_global=0; IO mode=ap_fifo:ce=0
Port [ STR_video_out_V_data_V]:  wired=1; compound=1; hidden=0; nouse=0; global=0; static=0; extern=0; dir=1; type=0; pingpong=0; private_global=0; IO mode=axis:ce=0
Port [ STR_video_out_V_keep_V]:  wired=1; compound=1; hidden=0; nouse=0; global=0; static=0; extern=0; dir=1; type=0; pingpong=0; private_global=0; IO mode=axis:ce=0
Port [ STR_video_out_V_strb_V]:  wired=1; compound=1; hidden=0; nouse=0; global=0; static=0; extern=0; dir=1; type=0; pingpong=0; private_global=0; IO mode=axis:ce=0
Port [ STR_video_out_V_user_V]:  wired=1; compound=1; hidden=0; nouse=0; global=0; static=0; extern=0; dir=1; type=0; pingpong=0; private_global=0; IO mode=axis:ce=0
Port [ STR_video_out_V_last_V]:  wired=1; compound=1; hidden=0; nouse=0; global=0; static=0; extern=0; dir=1; type=0; pingpong=0; private_global=0; IO mode=axis:ce=0
Port [ img_w]:  wired=1; compound=1; hidden=0; nouse=0; global=0; static=0; extern=0; dir=0; type=3; pingpong=0; private_global=0; IO mode=ap_fifo:ce=0
Port [ img_h]:  wired=1; compound=1; hidden=0; nouse=0; global=0; static=0; extern=0; dir=0; type=3; pingpong=0; private_global=0; IO mode=ap_fifo:ce=0
---------------- STG Properties END ------------------

---------------- Datapath Model BEGIN ----------------

<LifeTime>
<method=bitvector/>
img_w_1              (read          ) [ 00000000000000000000000]
img_h_1              (read          ) [ 00000000000000000000000]
trunc_ln             (partselect    ) [ 00111000000000000000000]
cast                 (zext          ) [ 00111000000000000000000]
cast1                (zext          ) [ 00111000000000000000000]
specinterface_ln0    (specinterface ) [ 00000000000000000000000]
specinterface_ln0    (specinterface ) [ 00000000000000000000000]
specinterface_ln0    (specinterface ) [ 00000000000000000000000]
specinterface_ln0    (specinterface ) [ 00000000000000000000000]
specinterface_ln0    (specinterface ) [ 00000000000000000000000]
specinterface_ln0    (specinterface ) [ 00000000000000000000000]
specinterface_ln0    (specinterface ) [ 00000000000000000000000]
specinterface_ln0    (specinterface ) [ 00000000000000000000000]
specinterface_ln0    (specinterface ) [ 00000000000000000000000]
specinterface_ln0    (specinterface ) [ 00000000000000000000000]
zext_ln37            (zext          ) [ 00000000000000000000000]
last_i               (add           ) [ 00000111111111111111110]
bound                (mul           ) [ 00000111111111111111110]
br_ln38              (br            ) [ 00001111111111111111110]
indvar_flatten       (phi           ) [ 00000100000000000000000]
i                    (phi           ) [ 00000100000000000000000]
add_ln38             (add           ) [ 00001111111111111111110]
zext_ln39            (zext          ) [ 00000000000000000000000]
icmp_ln39            (icmp          ) [ 00000010000000000000000]
icmp_ln38            (icmp          ) [ 00000111111111111111110]
br_ln38              (br            ) [ 00000000000000000000000]
select_ln38          (select        ) [ 00000011111111111111100]
zext_ln36            (zext          ) [ 00000000000000000000000]
video_elt_out_last_V (icmp          ) [ 00000111111111111111110]
j                    (phi           ) [ 00000110000000000000000]
add_ln38_1           (add           ) [ 00000000000000000000000]
select_ln38_1        (select        ) [ 00001111111111111111110]
trunc_ln38           (trunc         ) [ 00000000000000000000000]
tmp_V                (read          ) [ 00000000000000000000000]
trunc_ln674          (trunc         ) [ 00000000000000000000000]
p_Result_6_i         (partselect    ) [ 00000000000000000000000]
p_Result_8_i         (partselect    ) [ 00000000000000000000000]
p_Result_s           (bitconcatenate) [ 00000000000000000000000]
or_ln51              (or            ) [ 00000000000000000000000]
tmp                  (partselect    ) [ 00000000000000000000000]
or_ln                (bitconcatenate) [ 00000000000000000000000]
video_elt_out_user_V (icmp          ) [ 00000000000000000000000]
write_ln304          (write         ) [ 00000000000000000000000]
p_Result_i           (partselect    ) [ 00000001000000000000000]
p_Result_1_i         (partselect    ) [ 00000001000000000000000]
p_Result_2_i         (partselect    ) [ 00000001000000000000000]
p_Result_5_i         (partselect    ) [ 00000001100000000000000]
p_Result_7_i         (partselect    ) [ 00000001100000000000000]
p_Result_9_i         (partselect    ) [ 00000001100000000000000]
p_Result_10_i        (partselect    ) [ 00000001110000000000000]
p_Result_11_i        (partselect    ) [ 00000001110000000000000]
p_Result_12_i        (partselect    ) [ 00000001110000000000000]
p_Result_13_i        (partselect    ) [ 00000001111000000000000]
p_Result_14_i        (partselect    ) [ 00000001111000000000000]
p_Result_15_i        (partselect    ) [ 00000001111000000000000]
p_Result_16_i        (partselect    ) [ 00000001111100000000000]
p_Result_1           (bitconcatenate) [ 00000000000000000000000]
write_ln304          (write         ) [ 00000000000000000000000]
p_Result_2           (bitconcatenate) [ 00000000000000000000000]
write_ln304          (write         ) [ 00000000000000000000000]
p_Result_3           (bitconcatenate) [ 00000000000000000000000]
write_ln304          (write         ) [ 00000000000000000000000]
p_Result_4           (bitconcatenate) [ 00000000000000000000000]
write_ln304          (write         ) [ 00000000000000000000000]
tmp_V_1              (read          ) [ 00000000000000000000000]
trunc_ln674_1        (trunc         ) [ 00000000000000000000000]
p_Result_18_i        (partselect    ) [ 00000000000000000000000]
p_Result_5           (bitconcatenate) [ 00000000000000000000000]
write_ln304          (write         ) [ 00000000000000000000000]
p_Result_19_i        (partselect    ) [ 00000000000010000000000]
p_Result_20_i        (partselect    ) [ 00000000000010000000000]
p_Result_21_i        (partselect    ) [ 00000000000010000000000]
p_Result_22_i        (partselect    ) [ 00000000000011000000000]
p_Result_23_i        (partselect    ) [ 00000000000011000000000]
p_Result_24_i        (partselect    ) [ 00000000000011000000000]
p_Result_25_i        (partselect    ) [ 00000000000011100000000]
p_Result_26_i        (partselect    ) [ 00000000000011100000000]
p_Result_27_i        (partselect    ) [ 00000000000011100000000]
p_Result_28_i        (partselect    ) [ 00000000000011110000000]
p_Result_29_i        (partselect    ) [ 00000000000011110000000]
p_Result_30_i        (partselect    ) [ 00000000000011110000000]
p_Result_31_i        (partselect    ) [ 00000000000011111000000]
p_Result_32_i        (partselect    ) [ 00000000000011111000000]
p_Result_6           (bitconcatenate) [ 00000000000000000000000]
write_ln304          (write         ) [ 00000000000000000000000]
p_Result_7           (bitconcatenate) [ 00000000000000000000000]
write_ln304          (write         ) [ 00000000000000000000000]
p_Result_8           (bitconcatenate) [ 00000000000000000000000]
write_ln304          (write         ) [ 00000000000000000000000]
p_Result_9           (bitconcatenate) [ 00000000000000000000000]
write_ln304          (write         ) [ 00000000000000000000000]
tmp_V_2              (read          ) [ 00000000000000000000000]
trunc_ln674_2        (trunc         ) [ 00000000000000000000000]
p_Result_10          (bitconcatenate) [ 00000000000000000000000]
write_ln304          (write         ) [ 00000000000000000000000]
p_Result_34_i        (partselect    ) [ 00000000000000000100000]
p_Result_35_i        (partselect    ) [ 00000000000000000100000]
p_Result_36_i        (partselect    ) [ 00000000000000000100000]
p_Result_37_i        (partselect    ) [ 00000000000000000110000]
p_Result_38_i        (partselect    ) [ 00000000000000000110000]
p_Result_39_i        (partselect    ) [ 00000000000000000110000]
p_Result_40_i        (partselect    ) [ 00000000000000000111000]
p_Result_41_i        (partselect    ) [ 00000000000000000111000]
p_Result_42_i        (partselect    ) [ 00000000000000000111000]
p_Result_43_i        (partselect    ) [ 00000000000000000111100]
p_Result_44_i        (partselect    ) [ 00000000000000000111100]
p_Result_45_i        (partselect    ) [ 00000000000000000111100]
p_Result_46_i        (partselect    ) [ 00000100000000000111110]
p_Result_47_i        (partselect    ) [ 00000100000000000111110]
p_Result_48_i        (partselect    ) [ 00000100000000000111110]
p_Result_11          (bitconcatenate) [ 00000000000000000000000]
write_ln304          (write         ) [ 00000000000000000000000]
p_Result_12          (bitconcatenate) [ 00000000000000000000000]
write_ln304          (write         ) [ 00000000000000000000000]
p_Result_13          (bitconcatenate) [ 00000000000000000000000]
write_ln304          (write         ) [ 00000000000000000000000]
p_Result_14          (bitconcatenate) [ 00000000000000000000000]
write_ln304          (write         ) [ 00000000000000000000000]
i_1                  (add           ) [ 00001100000000000000010]
specloopname_ln0     (specloopname  ) [ 00000000000000000000000]
specpipeline_ln36    (specpipeline  ) [ 00000000000000000000000]
specloopname_ln36    (specloopname  ) [ 00000000000000000000000]
p_Result_15          (bitconcatenate) [ 00000000000000000000000]
write_ln304          (write         ) [ 00000000000000000000000]
br_ln0               (br            ) [ 00001111111111111111110]
ret_ln77             (ret           ) [ 00000000000000000000000]
</LifeTime>

<model>

<comp_list>
<comp id="0" class="1000" name="mm_fifo1">
<pin_list>
<pin id="1" dir="1" index="0" bw="1" slack="0"/>
</pin_list>
<bind>
<StgValue><ssdm name="mm_fifo1"/></StgValue>
</bind>
</comp>

<comp id="2" class="1000" name="STR_video_out_V_data_V">
<pin_list>
<pin id="3" dir="1" index="0" bw="1" slack="0"/>
</pin_list>
<bind>
<StgValue><ssdm name="STR_video_out_V_data_V"/></StgValue>
</bind>
</comp>

<comp id="4" class="1000" name="STR_video_out_V_keep_V">
<pin_list>
<pin id="5" dir="1" index="0" bw="1" slack="0"/>
</pin_list>
<bind>
<StgValue><ssdm name="STR_video_out_V_keep_V"/></StgValue>
</bind>
</comp>

<comp id="6" class="1000" name="STR_video_out_V_strb_V">
<pin_list>
<pin id="7" dir="1" index="0" bw="1" slack="0"/>
</pin_list>
<bind>
<StgValue><ssdm name="STR_video_out_V_strb_V"/></StgValue>
</bind>
</comp>

<comp id="8" class="1000" name="STR_video_out_V_user_V">
<pin_list>
<pin id="9" dir="1" index="0" bw="1" slack="0"/>
</pin_list>
<bind>
<StgValue><ssdm name="STR_video_out_V_user_V"/></StgValue>
</bind>
</comp>

<comp id="10" class="1000" name="STR_video_out_V_last_V">
<pin_list>
<pin id="11" dir="1" index="0" bw="1" slack="0"/>
</pin_list>
<bind>
<StgValue><ssdm name="STR_video_out_V_last_V"/></StgValue>
</bind>
</comp>

<comp id="12" class="1000" name="img_w">
<pin_list>
<pin id="13" dir="1" index="0" bw="1" slack="0"/>
</pin_list>
<bind>
<StgValue><ssdm name="img_w"/></StgValue>
</bind>
</comp>

<comp id="14" class="1000" name="img_h">
<pin_list>
<pin id="15" dir="1" index="0" bw="1" slack="0"/>
</pin_list>
<bind>
<StgValue><ssdm name="img_h"/></StgValue>
</bind>
</comp>

<comp id="16" class="1001" name="const_16">
<pin_list>
<pin id="17" dir="1" index="0" bw="1" slack="0"/>
</pin_list>
<bind>
<StgValue><ssdm name="_ssdm_op_Read.ap_fifo.i12P0A"/></StgValue>
</bind>
</comp>

<comp id="18" class="1001" name="const_18">
<pin_list>
<pin id="19" dir="1" index="0" bw="1" slack="0"/>
</pin_list>
<bind>
<StgValue><ssdm name="_ssdm_op_PartSelect.i8.i12.i32.i32"/></StgValue>
</bind>
</comp>

<comp id="20" class="1001" name="const_20">
<pin_list>
<pin id="21" dir="1" index="0" bw="1" slack="0"/>
</pin_list>
<bind>
<StgValue><ssdm name=""/></StgValue>
</bind>
</comp>

<comp id="22" class="1001" name="const_22">
<pin_list>
<pin id="23" dir="1" index="0" bw="1" slack="0"/>
</pin_list>
<bind>
<StgValue><ssdm name=""/></StgValue>
</bind>
</comp>

<comp id="24" class="1001" name="const_24">
<pin_list>
<pin id="25" dir="1" index="0" bw="1" slack="2147483647"/>
</pin_list>
<bind>
<StgValue><ssdm name="_ssdm_op_SpecInterface"/></StgValue>
</bind>
</comp>

<comp id="26" class="1001" name="const_26">
<pin_list>
<pin id="27" dir="1" index="0" bw="1" slack="2147483647"/>
</pin_list>
<bind>
<StgValue><ssdm name="empty_8"/></StgValue>
</bind>
</comp>

<comp id="28" class="1001" name="const_28">
<pin_list>
<pin id="29" dir="1" index="0" bw="1" slack="2147483647"/>
</pin_list>
<bind>
<StgValue><ssdm name=""/></StgValue>
</bind>
</comp>

<comp id="30" class="1001" name="const_30">
<pin_list>
<pin id="31" dir="1" index="0" bw="1" slack="2147483647"/>
</pin_list>
<bind>
<StgValue><ssdm name="empty_3"/></StgValue>
</bind>
</comp>

<comp id="32" class="1001" name="const_32">
<pin_list>
<pin id="33" dir="1" index="0" bw="1" slack="2147483647"/>
</pin_list>
<bind>
<StgValue><ssdm name="empty_0"/></StgValue>
</bind>
</comp>

<comp id="34" class="1001" name="const_34">
<pin_list>
<pin id="35" dir="1" index="0" bw="1" slack="2147483647"/>
</pin_list>
<bind>
<StgValue><ssdm name="empty_6"/></StgValue>
</bind>
</comp>

<comp id="36" class="1001" name="const_36">
<pin_list>
<pin id="37" dir="1" index="0" bw="1" slack="2147483647"/>
</pin_list>
<bind>
<StgValue><ssdm name="ap_fifo_str"/></StgValue>
</bind>
</comp>

<comp id="38" class="1001" name="const_38">
<pin_list>
<pin id="39" dir="1" index="0" bw="1" slack="2147483647"/>
</pin_list>
<bind>
<StgValue><ssdm name="p_str"/></StgValue>
</bind>
</comp>

<comp id="40" class="1001" name="const_40">
<pin_list>
<pin id="41" dir="1" index="0" bw="1" slack="2147483647"/>
</pin_list>
<bind>
<StgValue><ssdm name=""/></StgValue>
</bind>
</comp>

<comp id="42" class="1001" name="const_42">
<pin_list>
<pin id="43" dir="1" index="0" bw="1" slack="0"/>
</pin_list>
<bind>
<StgValue><ssdm name=""/></StgValue>
</bind>
</comp>

<comp id="44" class="1001" name="const_44">
<pin_list>
<pin id="45" dir="1" index="0" bw="1" slack="2147483647"/>
</pin_list>
<bind>
<StgValue><ssdm name="ScalarProp_str"/></StgValue>
</bind>
</comp>

<comp id="46" class="1001" name="const_46">
<pin_list>
<pin id="47" dir="1" index="0" bw="1" slack="0"/>
</pin_list>
<bind>
<StgValue><ssdm name=""/></StgValue>
</bind>
</comp>

<comp id="48" class="1001" name="const_48">
<pin_list>
<pin id="49" dir="1" index="0" bw="1" slack="1"/>
</pin_list>
<bind>
<StgValue><ssdm name=""/></StgValue>
</bind>
</comp>

<comp id="50" class="1001" name="const_50">
<pin_list>
<pin id="51" dir="1" index="0" bw="1" slack="0"/>
</pin_list>
<bind>
<StgValue><ssdm name=""/></StgValue>
</bind>
</comp>

<comp id="52" class="1001" name="const_52">
<pin_list>
<pin id="53" dir="1" index="0" bw="1" slack="0"/>
</pin_list>
<bind>
<StgValue><ssdm name=""/></StgValue>
</bind>
</comp>

<comp id="54" class="1001" name="const_54">
<pin_list>
<pin id="55" dir="1" index="0" bw="1" slack="0"/>
</pin_list>
<bind>
<StgValue><ssdm name=""/></StgValue>
</bind>
</comp>

<comp id="56" class="1001" name="const_56">
<pin_list>
<pin id="57" dir="1" index="0" bw="1" slack="0"/>
</pin_list>
<bind>
<StgValue><ssdm name=""/></StgValue>
</bind>
</comp>

<comp id="58" class="1001" name="const_58">
<pin_list>
<pin id="59" dir="1" index="0" bw="1" slack="0"/>
</pin_list>
<bind>
<StgValue><ssdm name="_ssdm_op_Read.ap_fifo.volatile.i128P0A"/></StgValue>
</bind>
</comp>

<comp id="60" class="1001" name="const_60">
<pin_list>
<pin id="61" dir="1" index="0" bw="1" slack="0"/>
</pin_list>
<bind>
<StgValue><ssdm name="_ssdm_op_PartSelect.i8.i128.i32.i32"/></StgValue>
</bind>
</comp>

<comp id="62" class="1001" name="const_62">
<pin_list>
<pin id="63" dir="1" index="0" bw="1" slack="0"/>
</pin_list>
<bind>
<StgValue><ssdm name=""/></StgValue>
</bind>
</comp>

<comp id="64" class="1001" name="const_64">
<pin_list>
<pin id="65" dir="1" index="0" bw="1" slack="0"/>
</pin_list>
<bind>
<StgValue><ssdm name=""/></StgValue>
</bind>
</comp>

<comp id="66" class="1001" name="const_66">
<pin_list>
<pin id="67" dir="1" index="0" bw="1" slack="0"/>
</pin_list>
<bind>
<StgValue><ssdm name=""/></StgValue>
</bind>
</comp>

<comp id="68" class="1001" name="const_68">
<pin_list>
<pin id="69" dir="1" index="0" bw="1" slack="0"/>
</pin_list>
<bind>
<StgValue><ssdm name="_ssdm_op_BitConcatenate.i24.i8.i8.i8"/></StgValue>
</bind>
</comp>

<comp id="70" class="1001" name="const_70">
<pin_list>
<pin id="71" dir="1" index="0" bw="1" slack="0"/>
</pin_list>
<bind>
<StgValue><ssdm name="_ssdm_op_PartSelect.i4.i12.i32.i32"/></StgValue>
</bind>
</comp>

<comp id="72" class="1001" name="const_72">
<pin_list>
<pin id="73" dir="1" index="0" bw="1" slack="0"/>
</pin_list>
<bind>
<StgValue><ssdm name="_ssdm_op_BitConcatenate.i12.i4.i8"/></StgValue>
</bind>
</comp>

<comp id="74" class="1001" name="const_74">
<pin_list>
<pin id="75" dir="1" index="0" bw="1" slack="0"/>
</pin_list>
<bind>
<StgValue><ssdm name="_ssdm_op_Write.axis.volatile.i24P0A.i3P0A.i3P0A.i1P0A.i1P0A"/></StgValue>
</bind>
</comp>

<comp id="76" class="1001" name="const_76">
<pin_list>
<pin id="77" dir="1" index="0" bw="1" slack="0"/>
</pin_list>
<bind>
<StgValue><ssdm name=""/></StgValue>
</bind>
</comp>

<comp id="78" class="1001" name="const_78">
<pin_list>
<pin id="79" dir="1" index="0" bw="1" slack="0"/>
</pin_list>
<bind>
<StgValue><ssdm name=""/></StgValue>
</bind>
</comp>

<comp id="80" class="1001" name="const_80">
<pin_list>
<pin id="81" dir="1" index="0" bw="1" slack="0"/>
</pin_list>
<bind>
<StgValue><ssdm name=""/></StgValue>
</bind>
</comp>

<comp id="82" class="1001" name="const_82">
<pin_list>
<pin id="83" dir="1" index="0" bw="1" slack="0"/>
</pin_list>
<bind>
<StgValue><ssdm name=""/></StgValue>
</bind>
</comp>

<comp id="84" class="1001" name="const_84">
<pin_list>
<pin id="85" dir="1" index="0" bw="1" slack="0"/>
</pin_list>
<bind>
<StgValue><ssdm name=""/></StgValue>
</bind>
</comp>

<comp id="86" class="1001" name="const_86">
<pin_list>
<pin id="87" dir="1" index="0" bw="1" slack="0"/>
</pin_list>
<bind>
<StgValue><ssdm name=""/></StgValue>
</bind>
</comp>

<comp id="88" class="1001" name="const_88">
<pin_list>
<pin id="89" dir="1" index="0" bw="1" slack="0"/>
</pin_list>
<bind>
<StgValue><ssdm name=""/></StgValue>
</bind>
</comp>

<comp id="90" class="1001" name="const_90">
<pin_list>
<pin id="91" dir="1" index="0" bw="1" slack="0"/>
</pin_list>
<bind>
<StgValue><ssdm name=""/></StgValue>
</bind>
</comp>

<comp id="92" class="1001" name="const_92">
<pin_list>
<pin id="93" dir="1" index="0" bw="1" slack="0"/>
</pin_list>
<bind>
<StgValue><ssdm name=""/></StgValue>
</bind>
</comp>

<comp id="94" class="1001" name="const_94">
<pin_list>
<pin id="95" dir="1" index="0" bw="1" slack="0"/>
</pin_list>
<bind>
<StgValue><ssdm name=""/></StgValue>
</bind>
</comp>

<comp id="96" class="1001" name="const_96">
<pin_list>
<pin id="97" dir="1" index="0" bw="1" slack="0"/>
</pin_list>
<bind>
<StgValue><ssdm name=""/></StgValue>
</bind>
</comp>

<comp id="98" class="1001" name="const_98">
<pin_list>
<pin id="99" dir="1" index="0" bw="1" slack="0"/>
</pin_list>
<bind>
<StgValue><ssdm name=""/></StgValue>
</bind>
</comp>

<comp id="100" class="1001" name="const_100">
<pin_list>
<pin id="101" dir="1" index="0" bw="1" slack="0"/>
</pin_list>
<bind>
<StgValue><ssdm name=""/></StgValue>
</bind>
</comp>

<comp id="102" class="1001" name="const_102">
<pin_list>
<pin id="103" dir="1" index="0" bw="1" slack="0"/>
</pin_list>
<bind>
<StgValue><ssdm name=""/></StgValue>
</bind>
</comp>

<comp id="104" class="1001" name="const_104">
<pin_list>
<pin id="105" dir="1" index="0" bw="1" slack="0"/>
</pin_list>
<bind>
<StgValue><ssdm name=""/></StgValue>
</bind>
</comp>

<comp id="106" class="1001" name="const_106">
<pin_list>
<pin id="107" dir="1" index="0" bw="1" slack="0"/>
</pin_list>
<bind>
<StgValue><ssdm name=""/></StgValue>
</bind>
</comp>

<comp id="108" class="1001" name="const_108">
<pin_list>
<pin id="109" dir="1" index="0" bw="1" slack="0"/>
</pin_list>
<bind>
<StgValue><ssdm name=""/></StgValue>
</bind>
</comp>

<comp id="110" class="1001" name="const_110">
<pin_list>
<pin id="111" dir="1" index="0" bw="1" slack="0"/>
</pin_list>
<bind>
<StgValue><ssdm name=""/></StgValue>
</bind>
</comp>

<comp id="112" class="1001" name="const_112">
<pin_list>
<pin id="113" dir="1" index="0" bw="1" slack="0"/>
</pin_list>
<bind>
<StgValue><ssdm name=""/></StgValue>
</bind>
</comp>

<comp id="114" class="1001" name="const_114">
<pin_list>
<pin id="115" dir="1" index="0" bw="1" slack="0"/>
</pin_list>
<bind>
<StgValue><ssdm name=""/></StgValue>
</bind>
</comp>

<comp id="116" class="1001" name="const_116">
<pin_list>
<pin id="117" dir="1" index="0" bw="1" slack="0"/>
</pin_list>
<bind>
<StgValue><ssdm name=""/></StgValue>
</bind>
</comp>

<comp id="118" class="1001" name="const_118">
<pin_list>
<pin id="119" dir="1" index="0" bw="1" slack="0"/>
</pin_list>
<bind>
<StgValue><ssdm name=""/></StgValue>
</bind>
</comp>

<comp id="120" class="1001" name="const_120">
<pin_list>
<pin id="121" dir="1" index="0" bw="1" slack="0"/>
</pin_list>
<bind>
<StgValue><ssdm name=""/></StgValue>
</bind>
</comp>

<comp id="122" class="1001" name="const_122">
<pin_list>
<pin id="123" dir="1" index="0" bw="1" slack="0"/>
</pin_list>
<bind>
<StgValue><ssdm name=""/></StgValue>
</bind>
</comp>

<comp id="124" class="1001" name="const_124">
<pin_list>
<pin id="125" dir="1" index="0" bw="1" slack="0"/>
</pin_list>
<bind>
<StgValue><ssdm name=""/></StgValue>
</bind>
</comp>

<comp id="126" class="1001" name="const_126">
<pin_list>
<pin id="127" dir="1" index="0" bw="1" slack="0"/>
</pin_list>
<bind>
<StgValue><ssdm name=""/></StgValue>
</bind>
</comp>

<comp id="128" class="1001" name="const_128">
<pin_list>
<pin id="129" dir="1" index="0" bw="1" slack="0"/>
</pin_list>
<bind>
<StgValue><ssdm name=""/></StgValue>
</bind>
</comp>

<comp id="130" class="1001" name="const_130">
<pin_list>
<pin id="131" dir="1" index="0" bw="1" slack="0"/>
</pin_list>
<bind>
<StgValue><ssdm name=""/></StgValue>
</bind>
</comp>

<comp id="132" class="1001" name="const_132">
<pin_list>
<pin id="133" dir="1" index="0" bw="1" slack="0"/>
</pin_list>
<bind>
<StgValue><ssdm name=""/></StgValue>
</bind>
</comp>

<comp id="134" class="1001" name="const_134">
<pin_list>
<pin id="135" dir="1" index="0" bw="1" slack="2147483647"/>
</pin_list>
<bind>
<StgValue><ssdm name="_ssdm_op_SpecLoopName"/></StgValue>
</bind>
</comp>

<comp id="136" class="1001" name="const_136">
<pin_list>
<pin id="137" dir="1" index="0" bw="1" slack="2147483647"/>
</pin_list>
<bind>
<StgValue><ssdm name="line_loop_group_loop_str"/></StgValue>
</bind>
</comp>

<comp id="138" class="1001" name="const_138">
<pin_list>
<pin id="139" dir="1" index="0" bw="1" slack="2147483647"/>
</pin_list>
<bind>
<StgValue><ssdm name="_ssdm_op_SpecPipeline"/></StgValue>
</bind>
</comp>

<comp id="140" class="1001" name="const_140">
<pin_list>
<pin id="141" dir="1" index="0" bw="1" slack="2147483647"/>
</pin_list>
<bind>
<StgValue><ssdm name="empty_2"/></StgValue>
</bind>
</comp>

<comp id="142" class="1004" name="img_w_1_read_fu_142">
<pin_list>
<pin id="143" dir="0" index="0" bw="12" slack="0"/>
<pin id="144" dir="0" index="1" bw="12" slack="0"/>
<pin id="145" dir="1" index="2" bw="12" slack="0"/>
</pin_list>
<bind>
<opcode="read(1150) " fcode="read"/>
<opset="img_w_1/1 "/>
</bind>
</comp>

<comp id="148" class="1004" name="img_h_1_read_fu_148">
<pin_list>
<pin id="149" dir="0" index="0" bw="12" slack="0"/>
<pin id="150" dir="0" index="1" bw="12" slack="0"/>
<pin id="151" dir="1" index="2" bw="12" slack="0"/>
</pin_list>
<bind>
<opcode="read(1150) " fcode="read"/>
<opset="img_h_1/1 "/>
</bind>
</comp>

<comp id="154" class="1004" name="grp_read_fu_154">
<pin_list>
<pin id="155" dir="0" index="0" bw="128" slack="0"/>
<pin id="156" dir="0" index="1" bw="128" slack="0"/>
<pin id="157" dir="1" index="2" bw="128" slack="0"/>
</pin_list>
<bind>
<opcode="read(1150) " fcode="read"/>
<opset="tmp_V/6 tmp_V_1/11 tmp_V_2/16 "/>
</bind>
</comp>

<comp id="160" class="1004" name="grp_write_fu_160">
<pin_list>
<pin id="161" dir="0" index="0" bw="0" slack="0"/>
<pin id="162" dir="0" index="1" bw="24" slack="0"/>
<pin id="163" dir="0" index="2" bw="3" slack="0"/>
<pin id="164" dir="0" index="3" bw="3" slack="0"/>
<pin id="165" dir="0" index="4" bw="1" slack="0"/>
<pin id="166" dir="0" index="5" bw="1" slack="0"/>
<pin id="167" dir="0" index="6" bw="24" slack="0"/>
<pin id="168" dir="0" index="7" bw="1" slack="0"/>
<pin id="169" dir="0" index="8" bw="1" slack="0"/>
<pin id="170" dir="0" index="9" bw="1" slack="0"/>
<pin id="171" dir="0" index="10" bw="1" slack="0"/>
<pin id="172" dir="1" index="11" bw="0" slack="2147483647"/>
</pin_list>
<bind>
<opcode="write(1151) " fcode="write"/>
<opset="write_ln304/6 write_ln304/7 write_ln304/8 write_ln304/9 write_ln304/10 write_ln304/11 write_ln304/12 write_ln304/13 write_ln304/14 write_ln304/15 write_ln304/16 write_ln304/17 write_ln304/18 write_ln304/19 write_ln304/20 write_ln304/21 "/>
</bind>
</comp>

<comp id="183" class="1005" name="indvar_flatten_reg_183">
<pin_list>
<pin id="184" dir="0" index="0" bw="20" slack="1"/>
<pin id="185" dir="1" index="1" bw="20" slack="1"/>
</pin_list>
<bind>
<opset="indvar_flatten (phireg) "/>
</bind>
</comp>

<comp id="187" class="1004" name="indvar_flatten_phi_fu_187">
<pin_list>
<pin id="188" dir="0" index="0" bw="1" slack="1"/>
<pin id="189" dir="0" index="1" bw="0" slack="2147483647"/>
<pin id="190" dir="0" index="2" bw="20" slack="0"/>
<pin id="191" dir="0" index="3" bw="0" slack="2147483647"/>
<pin id="192" dir="1" index="4" bw="20" slack="0"/>
</pin_list>
<bind>
<opcode="phi(47) " fcode="phi"/>
<opset="indvar_flatten/5 "/>
</bind>
</comp>

<comp id="194" class="1005" name="i_reg_194">
<pin_list>
<pin id="195" dir="0" index="0" bw="8" slack="1"/>
<pin id="196" dir="1" index="1" bw="8" slack="1"/>
</pin_list>
<bind>
<opset="i (phireg) "/>
</bind>
</comp>

<comp id="198" class="1004" name="i_phi_fu_198">
<pin_list>
<pin id="199" dir="0" index="0" bw="1" slack="1"/>
<pin id="200" dir="0" index="1" bw="0" slack="2147483647"/>
<pin id="201" dir="0" index="2" bw="8" slack="1"/>
<pin id="202" dir="0" index="3" bw="0" slack="2147483647"/>
<pin id="203" dir="1" index="4" bw="8" slack="0"/>
</pin_list>
<bind>
<opcode="phi(47) " fcode="phi"/>
<opset="i/5 "/>
</bind>
</comp>

<comp id="205" class="1005" name="j_reg_205">
<pin_list>
<pin id="206" dir="0" index="0" bw="12" slack="2"/>
<pin id="207" dir="1" index="1" bw="12" slack="2"/>
</pin_list>
<bind>
<opset="j (phireg) "/>
</bind>
</comp>

<comp id="209" class="1004" name="j_phi_fu_209">
<pin_list>
<pin id="210" dir="0" index="0" bw="1" slack="2"/>
<pin id="211" dir="0" index="1" bw="0" slack="2147483647"/>
<pin id="212" dir="0" index="2" bw="12" slack="0"/>
<pin id="213" dir="0" index="3" bw="0" slack="2147483647"/>
<pin id="214" dir="1" index="4" bw="12" slack="0"/>
</pin_list>
<bind>
<opcode="phi(47) " fcode="phi"/>
<opset="j/6 "/>
</bind>
</comp>

<comp id="216" class="1004" name="grp_fu_216">
<pin_list>
<pin id="217" dir="0" index="0" bw="8" slack="0"/>
<pin id="218" dir="0" index="1" bw="128" slack="0"/>
<pin id="219" dir="0" index="2" bw="5" slack="0"/>
<pin id="220" dir="0" index="3" bw="5" slack="0"/>
<pin id="221" dir="1" index="4" bw="8" slack="0"/>
</pin_list>
<bind>
<opcode="partselect(1002) " fcode="partselect"/>
<opset="p_Result_6_i/6 p_Result_18_i/11 p_Result_34_i/16 "/>
</bind>
</comp>

<comp id="226" class="1004" name="grp_fu_226">
<pin_list>
<pin id="227" dir="0" index="0" bw="8" slack="0"/>
<pin id="228" dir="0" index="1" bw="128" slack="0"/>
<pin id="229" dir="0" index="2" bw="6" slack="0"/>
<pin id="230" dir="0" index="3" bw="6" slack="0"/>
<pin id="231" dir="1" index="4" bw="8" slack="0"/>
</pin_list>
<bind>
<opcode="partselect(1002) " fcode="partselect"/>
<opset="p_Result_8_i/6 p_Result_19_i/11 p_Result_35_i/16 "/>
</bind>
</comp>

<comp id="236" class="1004" name="grp_fu_236">
<pin_list>
<pin id="237" dir="0" index="0" bw="8" slack="0"/>
<pin id="238" dir="0" index="1" bw="128" slack="0"/>
<pin id="239" dir="0" index="2" bw="6" slack="0"/>
<pin id="240" dir="0" index="3" bw="6" slack="0"/>
<pin id="241" dir="1" index="4" bw="8" slack="1"/>
</pin_list>
<bind>
<opcode="partselect(1002) " fcode="partselect"/>
<opset="p_Result_i/6 p_Result_20_i/11 p_Result_36_i/16 "/>
</bind>
</comp>

<comp id="246" class="1004" name="grp_fu_246">
<pin_list>
<pin id="247" dir="0" index="0" bw="8" slack="0"/>
<pin id="248" dir="0" index="1" bw="128" slack="0"/>
<pin id="249" dir="0" index="2" bw="7" slack="0"/>
<pin id="250" dir="0" index="3" bw="7" slack="0"/>
<pin id="251" dir="1" index="4" bw="8" slack="1"/>
</pin_list>
<bind>
<opcode="partselect(1002) " fcode="partselect"/>
<opset="p_Result_1_i/6 p_Result_21_i/11 p_Result_37_i/16 "/>
</bind>
</comp>

<comp id="256" class="1004" name="grp_fu_256">
<pin_list>
<pin id="257" dir="0" index="0" bw="8" slack="0"/>
<pin id="258" dir="0" index="1" bw="128" slack="0"/>
<pin id="259" dir="0" index="2" bw="7" slack="0"/>
<pin id="260" dir="0" index="3" bw="7" slack="0"/>
<pin id="261" dir="1" index="4" bw="8" slack="1"/>
</pin_list>
<bind>
<opcode="partselect(1002) " fcode="partselect"/>
<opset="p_Result_2_i/6 p_Result_22_i/11 p_Result_38_i/16 "/>
</bind>
</comp>

<comp id="266" class="1004" name="grp_fu_266">
<pin_list>
<pin id="267" dir="0" index="0" bw="8" slack="0"/>
<pin id="268" dir="0" index="1" bw="128" slack="0"/>
<pin id="269" dir="0" index="2" bw="7" slack="0"/>
<pin id="270" dir="0" index="3" bw="7" slack="0"/>
<pin id="271" dir="1" index="4" bw="8" slack="2"/>
</pin_list>
<bind>
<opcode="partselect(1002) " fcode="partselect"/>
<opset="p_Result_5_i/6 p_Result_23_i/11 p_Result_39_i/16 "/>
</bind>
</comp>

<comp id="276" class="1004" name="grp_fu_276">
<pin_list>
<pin id="277" dir="0" index="0" bw="8" slack="0"/>
<pin id="278" dir="0" index="1" bw="128" slack="0"/>
<pin id="279" dir="0" index="2" bw="7" slack="0"/>
<pin id="280" dir="0" index="3" bw="7" slack="0"/>
<pin id="281" dir="1" index="4" bw="8" slack="2"/>
</pin_list>
<bind>
<opcode="partselect(1002) " fcode="partselect"/>
<opset="p_Result_7_i/6 p_Result_24_i/11 p_Result_40_i/16 "/>
</bind>
</comp>

<comp id="286" class="1004" name="grp_fu_286">
<pin_list>
<pin id="287" dir="0" index="0" bw="8" slack="0"/>
<pin id="288" dir="0" index="1" bw="128" slack="0"/>
<pin id="289" dir="0" index="2" bw="8" slack="0"/>
<pin id="290" dir="0" index="3" bw="8" slack="0"/>
<pin id="291" dir="1" index="4" bw="8" slack="2"/>
</pin_list>
<bind>
<opcode="partselect(1002) " fcode="partselect"/>
<opset="p_Result_9_i/6 p_Result_25_i/11 p_Result_41_i/16 "/>
</bind>
</comp>

<comp id="296" class="1004" name="grp_fu_296">
<pin_list>
<pin id="297" dir="0" index="0" bw="8" slack="0"/>
<pin id="298" dir="0" index="1" bw="128" slack="0"/>
<pin id="299" dir="0" index="2" bw="8" slack="0"/>
<pin id="300" dir="0" index="3" bw="8" slack="0"/>
<pin id="301" dir="1" index="4" bw="8" slack="3"/>
</pin_list>
<bind>
<opcode="partselect(1002) " fcode="partselect"/>
<opset="p_Result_10_i/6 p_Result_26_i/11 p_Result_42_i/16 "/>
</bind>
</comp>

<comp id="306" class="1004" name="grp_fu_306">
<pin_list>
<pin id="307" dir="0" index="0" bw="8" slack="0"/>
<pin id="308" dir="0" index="1" bw="128" slack="0"/>
<pin id="309" dir="0" index="2" bw="8" slack="0"/>
<pin id="310" dir="0" index="3" bw="8" slack="0"/>
<pin id="311" dir="1" index="4" bw="8" slack="3"/>
</pin_list>
<bind>
<opcode="partselect(1002) " fcode="partselect"/>
<opset="p_Result_11_i/6 p_Result_27_i/11 p_Result_43_i/16 "/>
</bind>
</comp>

<comp id="316" class="1004" name="grp_fu_316">
<pin_list>
<pin id="317" dir="0" index="0" bw="8" slack="0"/>
<pin id="318" dir="0" index="1" bw="128" slack="0"/>
<pin id="319" dir="0" index="2" bw="8" slack="0"/>
<pin id="320" dir="0" index="3" bw="8" slack="0"/>
<pin id="321" dir="1" index="4" bw="8" slack="3"/>
</pin_list>
<bind>
<opcode="partselect(1002) " fcode="partselect"/>
<opset="p_Result_12_i/6 p_Result_28_i/11 p_Result_44_i/16 "/>
</bind>
</comp>

<comp id="326" class="1004" name="grp_fu_326">
<pin_list>
<pin id="327" dir="0" index="0" bw="8" slack="0"/>
<pin id="328" dir="0" index="1" bw="128" slack="0"/>
<pin id="329" dir="0" index="2" bw="8" slack="0"/>
<pin id="330" dir="0" index="3" bw="8" slack="0"/>
<pin id="331" dir="1" index="4" bw="8" slack="4"/>
</pin_list>
<bind>
<opcode="partselect(1002) " fcode="partselect"/>
<opset="p_Result_13_i/6 p_Result_29_i/11 p_Result_45_i/16 "/>
</bind>
</comp>

<comp id="336" class="1004" name="grp_fu_336">
<pin_list>
<pin id="337" dir="0" index="0" bw="8" slack="0"/>
<pin id="338" dir="0" index="1" bw="128" slack="0"/>
<pin id="339" dir="0" index="2" bw="8" slack="0"/>
<pin id="340" dir="0" index="3" bw="8" slack="0"/>
<pin id="341" dir="1" index="4" bw="8" slack="4"/>
</pin_list>
<bind>
<opcode="partselect(1002) " fcode="partselect"/>
<opset="p_Result_14_i/6 p_Result_30_i/11 p_Result_46_i/16 "/>
</bind>
</comp>

<comp id="346" class="1004" name="grp_fu_346">
<pin_list>
<pin id="347" dir="0" index="0" bw="8" slack="0"/>
<pin id="348" dir="0" index="1" bw="128" slack="0"/>
<pin id="349" dir="0" index="2" bw="8" slack="0"/>
<pin id="350" dir="0" index="3" bw="8" slack="0"/>
<pin id="351" dir="1" index="4" bw="8" slack="4"/>
</pin_list>
<bind>
<opcode="partselect(1002) " fcode="partselect"/>
<opset="p_Result_15_i/6 p_Result_31_i/11 p_Result_47_i/16 "/>
</bind>
</comp>

<comp id="356" class="1004" name="grp_fu_356">
<pin_list>
<pin id="357" dir="0" index="0" bw="8" slack="0"/>
<pin id="358" dir="0" index="1" bw="128" slack="0"/>
<pin id="359" dir="0" index="2" bw="8" slack="0"/>
<pin id="360" dir="0" index="3" bw="8" slack="0"/>
<pin id="361" dir="1" index="4" bw="8" slack="5"/>
</pin_list>
<bind>
<opcode="partselect(1002) " fcode="partselect"/>
<opset="p_Result_16_i/6 p_Result_32_i/11 p_Result_48_i/16 "/>
</bind>
</comp>

<comp id="366" class="1005" name="reg_366">
<pin_list>
<pin id="367" dir="0" index="0" bw="8" slack="1"/>
<pin id="368" dir="1" index="1" bw="8" slack="1"/>
</pin_list>
<bind>
<opset="p_Result_i p_Result_20_i p_Result_36_i "/>
</bind>
</comp>

<comp id="370" class="1005" name="reg_370">
<pin_list>
<pin id="371" dir="0" index="0" bw="8" slack="1"/>
<pin id="372" dir="1" index="1" bw="8" slack="1"/>
</pin_list>
<bind>
<opset="p_Result_1_i p_Result_21_i p_Result_37_i "/>
</bind>
</comp>

<comp id="374" class="1005" name="reg_374">
<pin_list>
<pin id="375" dir="0" index="0" bw="8" slack="1"/>
<pin id="376" dir="1" index="1" bw="8" slack="1"/>
</pin_list>
<bind>
<opset="p_Result_2_i p_Result_22_i p_Result_38_i "/>
</bind>
</comp>

<comp id="378" class="1005" name="reg_378">
<pin_list>
<pin id="379" dir="0" index="0" bw="8" slack="2"/>
<pin id="380" dir="1" index="1" bw="8" slack="2"/>
</pin_list>
<bind>
<opset="p_Result_5_i p_Result_23_i p_Result_39_i "/>
</bind>
</comp>

<comp id="382" class="1005" name="reg_382">
<pin_list>
<pin id="383" dir="0" index="0" bw="8" slack="2"/>
<pin id="384" dir="1" index="1" bw="8" slack="2"/>
</pin_list>
<bind>
<opset="p_Result_7_i p_Result_24_i p_Result_40_i "/>
</bind>
</comp>

<comp id="386" class="1005" name="reg_386">
<pin_list>
<pin id="387" dir="0" index="0" bw="8" slack="2"/>
<pin id="388" dir="1" index="1" bw="8" slack="2"/>
</pin_list>
<bind>
<opset="p_Result_9_i p_Result_25_i p_Result_41_i "/>
</bind>
</comp>

<comp id="390" class="1005" name="reg_390">
<pin_list>
<pin id="391" dir="0" index="0" bw="8" slack="3"/>
<pin id="392" dir="1" index="1" bw="8" slack="3"/>
</pin_list>
<bind>
<opset="p_Result_10_i p_Result_26_i p_Result_42_i "/>
</bind>
</comp>

<comp id="394" class="1005" name="reg_394">
<pin_list>
<pin id="395" dir="0" index="0" bw="8" slack="3"/>
<pin id="396" dir="1" index="1" bw="8" slack="3"/>
</pin_list>
<bind>
<opset="p_Result_11_i p_Result_27_i p_Result_43_i "/>
</bind>
</comp>

<comp id="398" class="1005" name="reg_398">
<pin_list>
<pin id="399" dir="0" index="0" bw="8" slack="3"/>
<pin id="400" dir="1" index="1" bw="8" slack="3"/>
</pin_list>
<bind>
<opset="p_Result_12_i p_Result_28_i p_Result_44_i "/>
</bind>
</comp>

<comp id="402" class="1005" name="reg_402">
<pin_list>
<pin id="403" dir="0" index="0" bw="8" slack="4"/>
<pin id="404" dir="1" index="1" bw="8" slack="4"/>
</pin_list>
<bind>
<opset="p_Result_13_i p_Result_29_i p_Result_45_i "/>
</bind>
</comp>

<comp id="406" class="1005" name="reg_406">
<pin_list>
<pin id="407" dir="0" index="0" bw="8" slack="4"/>
<pin id="408" dir="1" index="1" bw="8" slack="4"/>
</pin_list>
<bind>
<opset="p_Result_14_i p_Result_30_i p_Result_46_i "/>
</bind>
</comp>

<comp id="410" class="1005" name="reg_410">
<pin_list>
<pin id="411" dir="0" index="0" bw="8" slack="4"/>
<pin id="412" dir="1" index="1" bw="8" slack="4"/>
</pin_list>
<bind>
<opset="p_Result_15_i p_Result_31_i p_Result_47_i "/>
</bind>
</comp>

<comp id="414" class="1005" name="reg_414">
<pin_list>
<pin id="415" dir="0" index="0" bw="8" slack="5"/>
<pin id="416" dir="1" index="1" bw="8" slack="5"/>
</pin_list>
<bind>
<opset="p_Result_16_i p_Result_32_i p_Result_48_i "/>
</bind>
</comp>

<comp id="418" class="1005" name="reg_418">
<pin_list>
<pin id="419" dir="0" index="0" bw="8" slack="1"/>
<pin id="420" dir="1" index="1" bw="8" slack="1"/>
</pin_list>
<bind>
<opset="p_Result_19_i p_Result_35_i "/>
</bind>
</comp>

<comp id="422" class="1004" name="trunc_ln_fu_422">
<pin_list>
<pin id="423" dir="0" index="0" bw="8" slack="0"/>
<pin id="424" dir="0" index="1" bw="12" slack="0"/>
<pin id="425" dir="0" index="2" bw="4" slack="0"/>
<pin id="426" dir="0" index="3" bw="5" slack="0"/>
<pin id="427" dir="1" index="4" bw="8" slack="0"/>
</pin_list>
<bind>
<opcode="partselect(1002) " fcode="partselect"/>
<opset="trunc_ln/1 "/>
</bind>
</comp>

<comp id="432" class="1004" name="cast_fu_432">
<pin_list>
<pin id="433" dir="0" index="0" bw="12" slack="0"/>
<pin id="434" dir="1" index="1" bw="20" slack="0"/>
</pin_list>
<bind>
<opcode="zext(34) " fcode="zext"/>
<opset="cast/1 "/>
</bind>
</comp>

<comp id="436" class="1004" name="cast1_fu_436">
<pin_list>
<pin id="437" dir="0" index="0" bw="8" slack="0"/>
<pin id="438" dir="1" index="1" bw="20" slack="0"/>
</pin_list>
<bind>
<opcode="zext(34) " fcode="zext"/>
<opset="cast1/1 "/>
</bind>
</comp>

<comp id="440" class="1004" name="zext_ln37_fu_440">
<pin_list>
<pin id="441" dir="0" index="0" bw="8" slack="3"/>
<pin id="442" dir="1" index="1" bw="9" slack="0"/>
</pin_list>
<bind>
<opcode="zext(34) " fcode="zext"/>
<opset="zext_ln37/4 "/>
</bind>
</comp>

<comp id="443" class="1004" name="last_i_fu_443">
<pin_list>
<pin id="444" dir="0" index="0" bw="8" slack="0"/>
<pin id="445" dir="0" index="1" bw="1" slack="0"/>
<pin id="446" dir="1" index="2" bw="9" slack="1"/>
</pin_list>
<bind>
<opcode="add(8) " fcode="add"/>
<opset="last_i/4 "/>
</bind>
</comp>

<comp id="449" class="1004" name="add_ln38_fu_449">
<pin_list>
<pin id="450" dir="0" index="0" bw="20" slack="0"/>
<pin id="451" dir="0" index="1" bw="1" slack="0"/>
<pin id="452" dir="1" index="2" bw="20" slack="0"/>
</pin_list>
<bind>
<opcode="add(8) " fcode="add"/>
<opset="add_ln38/5 "/>
</bind>
</comp>

<comp id="455" class="1004" name="zext_ln39_fu_455">
<pin_list>
<pin id="456" dir="0" index="0" bw="8" slack="0"/>
<pin id="457" dir="1" index="1" bw="9" slack="0"/>
</pin_list>
<bind>
<opcode="zext(34) " fcode="zext"/>
<opset="zext_ln39/5 "/>
</bind>
</comp>

<comp id="459" class="1004" name="icmp_ln39_fu_459">
<pin_list>
<pin id="460" dir="0" index="0" bw="9" slack="0"/>
<pin id="461" dir="0" index="1" bw="9" slack="1"/>
<pin id="462" dir="1" index="2" bw="1" slack="0"/>
</pin_list>
<bind>
<opcode="icmp(45) " fcode="icmp"/>
<opset="icmp_ln39/5 "/>
</bind>
</comp>

<comp id="464" class="1004" name="icmp_ln38_fu_464">
<pin_list>
<pin id="465" dir="0" index="0" bw="20" slack="0"/>
<pin id="466" dir="0" index="1" bw="20" slack="1"/>
<pin id="467" dir="1" index="2" bw="1" slack="1"/>
</pin_list>
<bind>
<opcode="icmp(45) " fcode="icmp"/>
<opset="icmp_ln38/5 "/>
</bind>
</comp>

<comp id="469" class="1004" name="select_ln38_fu_469">
<pin_list>
<pin id="470" dir="0" index="0" bw="1" slack="0"/>
<pin id="471" dir="0" index="1" bw="8" slack="0"/>
<pin id="472" dir="0" index="2" bw="8" slack="0"/>
<pin id="473" dir="1" index="3" bw="8" slack="0"/>
</pin_list>
<bind>
<opcode="select(49) " fcode="select"/>
<opset="select_ln38/5 "/>
</bind>
</comp>

<comp id="477" class="1004" name="zext_ln36_fu_477">
<pin_list>
<pin id="478" dir="0" index="0" bw="8" slack="0"/>
<pin id="479" dir="1" index="1" bw="9" slack="0"/>
</pin_list>
<bind>
<opcode="zext(34) " fcode="zext"/>
<opset="zext_ln36/5 "/>
</bind>
</comp>

<comp id="481" class="1004" name="video_elt_out_last_V_fu_481">
<pin_list>
<pin id="482" dir="0" index="0" bw="9" slack="0"/>
<pin id="483" dir="0" index="1" bw="9" slack="1"/>
<pin id="484" dir="1" index="2" bw="1" slack="16"/>
</pin_list>
<bind>
<opcode="icmp(45) " fcode="icmp"/>
<opset="video_elt_out_last_V/5 "/>
</bind>
</comp>

<comp id="486" class="1004" name="add_ln38_1_fu_486">
<pin_list>
<pin id="487" dir="0" index="0" bw="12" slack="0"/>
<pin id="488" dir="0" index="1" bw="1" slack="0"/>
<pin id="489" dir="1" index="2" bw="12" slack="0"/>
</pin_list>
<bind>
<opcode="add(8) " fcode="add"/>
<opset="add_ln38_1/6 "/>
</bind>
</comp>

<comp id="492" class="1004" name="select_ln38_1_fu_492">
<pin_list>
<pin id="493" dir="0" index="0" bw="1" slack="1"/>
<pin id="494" dir="0" index="1" bw="12" slack="0"/>
<pin id="495" dir="0" index="2" bw="12" slack="0"/>
<pin id="496" dir="1" index="3" bw="12" slack="0"/>
</pin_list>
<bind>
<opcode="select(49) " fcode="select"/>
<opset="select_ln38_1/6 "/>
</bind>
</comp>

<comp id="499" class="1004" name="trunc_ln38_fu_499">
<pin_list>
<pin id="500" dir="0" index="0" bw="12" slack="0"/>
<pin id="501" dir="1" index="1" bw="8" slack="0"/>
</pin_list>
<bind>
<opcode="trunc(33) " fcode="trunc"/>
<opset="trunc_ln38/6 "/>
</bind>
</comp>

<comp id="503" class="1004" name="trunc_ln674_fu_503">
<pin_list>
<pin id="504" dir="0" index="0" bw="128" slack="0"/>
<pin id="505" dir="1" index="1" bw="8" slack="0"/>
</pin_list>
<bind>
<opcode="trunc(33) " fcode="trunc"/>
<opset="trunc_ln674/6 "/>
</bind>
</comp>

<comp id="507" class="1004" name="p_Result_s_fu_507">
<pin_list>
<pin id="508" dir="0" index="0" bw="24" slack="0"/>
<pin id="509" dir="0" index="1" bw="8" slack="0"/>
<pin id="510" dir="0" index="2" bw="8" slack="0"/>
<pin id="511" dir="0" index="3" bw="8" slack="0"/>
<pin id="512" dir="1" index="4" bw="24" slack="0"/>
</pin_list>
<bind>
<opcode="bitconcatenate(1004) " fcode="bitconcatenate"/>
<opset="p_Result_s/6 "/>
</bind>
</comp>

<comp id="518" class="1004" name="or_ln51_fu_518">
<pin_list>
<pin id="519" dir="0" index="0" bw="8" slack="0"/>
<pin id="520" dir="0" index="1" bw="8" slack="1"/>
<pin id="521" dir="1" index="2" bw="8" slack="0"/>
</pin_list>
<bind>
<opcode="or(24) " fcode="or"/>
<opset="or_ln51/6 "/>
</bind>
</comp>

<comp id="523" class="1004" name="tmp_fu_523">
<pin_list>
<pin id="524" dir="0" index="0" bw="4" slack="0"/>
<pin id="525" dir="0" index="1" bw="12" slack="0"/>
<pin id="526" dir="0" index="2" bw="5" slack="0"/>
<pin id="527" dir="0" index="3" bw="5" slack="0"/>
<pin id="528" dir="1" index="4" bw="4" slack="0"/>
</pin_list>
<bind>
<opcode="partselect(1002) " fcode="partselect"/>
<opset="tmp/6 "/>
</bind>
</comp>

<comp id="533" class="1004" name="or_ln_fu_533">
<pin_list>
<pin id="534" dir="0" index="0" bw="12" slack="0"/>
<pin id="535" dir="0" index="1" bw="4" slack="0"/>
<pin id="536" dir="0" index="2" bw="8" slack="0"/>
<pin id="537" dir="1" index="3" bw="12" slack="0"/>
</pin_list>
<bind>
<opcode="bitconcatenate(1004) " fcode="bitconcatenate"/>
<opset="or_ln/6 "/>
</bind>
</comp>

<comp id="541" class="1004" name="video_elt_out_user_V_fu_541">
<pin_list>
<pin id="542" dir="0" index="0" bw="12" slack="0"/>
<pin id="543" dir="0" index="1" bw="12" slack="0"/>
<pin id="544" dir="1" index="2" bw="1" slack="0"/>
</pin_list>
<bind>
<opcode="icmp(45) " fcode="icmp"/>
<opset="video_elt_out_user_V/6 "/>
</bind>
</comp>

<comp id="548" class="1004" name="p_Result_1_fu_548">
<pin_list>
<pin id="549" dir="0" index="0" bw="24" slack="0"/>
<pin id="550" dir="0" index="1" bw="8" slack="1"/>
<pin id="551" dir="0" index="2" bw="8" slack="1"/>
<pin id="552" dir="0" index="3" bw="8" slack="1"/>
<pin id="553" dir="1" index="4" bw="24" slack="0"/>
</pin_list>
<bind>
<opcode="bitconcatenate(1004) " fcode="bitconcatenate"/>
<opset="p_Result_1/7 "/>
</bind>
</comp>

<comp id="559" class="1004" name="p_Result_2_fu_559">
<pin_list>
<pin id="560" dir="0" index="0" bw="24" slack="0"/>
<pin id="561" dir="0" index="1" bw="8" slack="2"/>
<pin id="562" dir="0" index="2" bw="8" slack="2"/>
<pin id="563" dir="0" index="3" bw="8" slack="2"/>
<pin id="564" dir="1" index="4" bw="24" slack="0"/>
</pin_list>
<bind>
<opcode="bitconcatenate(1004) " fcode="bitconcatenate"/>
<opset="p_Result_2/8 "/>
</bind>
</comp>

<comp id="570" class="1004" name="p_Result_3_fu_570">
<pin_list>
<pin id="571" dir="0" index="0" bw="24" slack="0"/>
<pin id="572" dir="0" index="1" bw="8" slack="3"/>
<pin id="573" dir="0" index="2" bw="8" slack="3"/>
<pin id="574" dir="0" index="3" bw="8" slack="3"/>
<pin id="575" dir="1" index="4" bw="24" slack="0"/>
</pin_list>
<bind>
<opcode="bitconcatenate(1004) " fcode="bitconcatenate"/>
<opset="p_Result_3/9 "/>
</bind>
</comp>

<comp id="581" class="1004" name="p_Result_4_fu_581">
<pin_list>
<pin id="582" dir="0" index="0" bw="24" slack="0"/>
<pin id="583" dir="0" index="1" bw="8" slack="4"/>
<pin id="584" dir="0" index="2" bw="8" slack="4"/>
<pin id="585" dir="0" index="3" bw="8" slack="4"/>
<pin id="586" dir="1" index="4" bw="24" slack="0"/>
</pin_list>
<bind>
<opcode="bitconcatenate(1004) " fcode="bitconcatenate"/>
<opset="p_Result_4/10 "/>
</bind>
</comp>

<comp id="592" class="1004" name="trunc_ln674_1_fu_592">
<pin_list>
<pin id="593" dir="0" index="0" bw="128" slack="0"/>
<pin id="594" dir="1" index="1" bw="8" slack="0"/>
</pin_list>
<bind>
<opcode="trunc(33) " fcode="trunc"/>
<opset="trunc_ln674_1/11 "/>
</bind>
</comp>

<comp id="596" class="1004" name="p_Result_5_fu_596">
<pin_list>
<pin id="597" dir="0" index="0" bw="24" slack="0"/>
<pin id="598" dir="0" index="1" bw="8" slack="5"/>
<pin id="599" dir="0" index="2" bw="8" slack="0"/>
<pin id="600" dir="0" index="3" bw="8" slack="0"/>
<pin id="601" dir="1" index="4" bw="24" slack="0"/>
</pin_list>
<bind>
<opcode="bitconcatenate(1004) " fcode="bitconcatenate"/>
<opset="p_Result_5/11 "/>
</bind>
</comp>

<comp id="607" class="1004" name="p_Result_6_fu_607">
<pin_list>
<pin id="608" dir="0" index="0" bw="24" slack="0"/>
<pin id="609" dir="0" index="1" bw="8" slack="1"/>
<pin id="610" dir="0" index="2" bw="8" slack="1"/>
<pin id="611" dir="0" index="3" bw="8" slack="1"/>
<pin id="612" dir="1" index="4" bw="24" slack="0"/>
</pin_list>
<bind>
<opcode="bitconcatenate(1004) " fcode="bitconcatenate"/>
<opset="p_Result_6/12 "/>
</bind>
</comp>

<comp id="618" class="1004" name="p_Result_7_fu_618">
<pin_list>
<pin id="619" dir="0" index="0" bw="24" slack="0"/>
<pin id="620" dir="0" index="1" bw="8" slack="2"/>
<pin id="621" dir="0" index="2" bw="8" slack="2"/>
<pin id="622" dir="0" index="3" bw="8" slack="2"/>
<pin id="623" dir="1" index="4" bw="24" slack="0"/>
</pin_list>
<bind>
<opcode="bitconcatenate(1004) " fcode="bitconcatenate"/>
<opset="p_Result_7/13 "/>
</bind>
</comp>

<comp id="629" class="1004" name="p_Result_8_fu_629">
<pin_list>
<pin id="630" dir="0" index="0" bw="24" slack="0"/>
<pin id="631" dir="0" index="1" bw="8" slack="3"/>
<pin id="632" dir="0" index="2" bw="8" slack="3"/>
<pin id="633" dir="0" index="3" bw="8" slack="3"/>
<pin id="634" dir="1" index="4" bw="24" slack="0"/>
</pin_list>
<bind>
<opcode="bitconcatenate(1004) " fcode="bitconcatenate"/>
<opset="p_Result_8/14 "/>
</bind>
</comp>

<comp id="640" class="1004" name="p_Result_9_fu_640">
<pin_list>
<pin id="641" dir="0" index="0" bw="24" slack="0"/>
<pin id="642" dir="0" index="1" bw="8" slack="4"/>
<pin id="643" dir="0" index="2" bw="8" slack="4"/>
<pin id="644" dir="0" index="3" bw="8" slack="4"/>
<pin id="645" dir="1" index="4" bw="24" slack="0"/>
</pin_list>
<bind>
<opcode="bitconcatenate(1004) " fcode="bitconcatenate"/>
<opset="p_Result_9/15 "/>
</bind>
</comp>

<comp id="651" class="1004" name="trunc_ln674_2_fu_651">
<pin_list>
<pin id="652" dir="0" index="0" bw="128" slack="0"/>
<pin id="653" dir="1" index="1" bw="8" slack="0"/>
</pin_list>
<bind>
<opcode="trunc(33) " fcode="trunc"/>
<opset="trunc_ln674_2/16 "/>
</bind>
</comp>

<comp id="655" class="1004" name="p_Result_10_fu_655">
<pin_list>
<pin id="656" dir="0" index="0" bw="24" slack="0"/>
<pin id="657" dir="0" index="1" bw="8" slack="5"/>
<pin id="658" dir="0" index="2" bw="8" slack="5"/>
<pin id="659" dir="0" index="3" bw="8" slack="0"/>
<pin id="660" dir="1" index="4" bw="24" slack="0"/>
</pin_list>
<bind>
<opcode="bitconcatenate(1004) " fcode="bitconcatenate"/>
<opset="p_Result_10/16 "/>
</bind>
</comp>

<comp id="666" class="1004" name="p_Result_11_fu_666">
<pin_list>
<pin id="667" dir="0" index="0" bw="24" slack="0"/>
<pin id="668" dir="0" index="1" bw="8" slack="1"/>
<pin id="669" dir="0" index="2" bw="8" slack="1"/>
<pin id="670" dir="0" index="3" bw="8" slack="1"/>
<pin id="671" dir="1" index="4" bw="24" slack="0"/>
</pin_list>
<bind>
<opcode="bitconcatenate(1004) " fcode="bitconcatenate"/>
<opset="p_Result_11/17 "/>
</bind>
</comp>

<comp id="676" class="1004" name="p_Result_12_fu_676">
<pin_list>
<pin id="677" dir="0" index="0" bw="24" slack="0"/>
<pin id="678" dir="0" index="1" bw="8" slack="2"/>
<pin id="679" dir="0" index="2" bw="8" slack="2"/>
<pin id="680" dir="0" index="3" bw="8" slack="2"/>
<pin id="681" dir="1" index="4" bw="24" slack="0"/>
</pin_list>
<bind>
<opcode="bitconcatenate(1004) " fcode="bitconcatenate"/>
<opset="p_Result_12/18 "/>
</bind>
</comp>

<comp id="687" class="1004" name="p_Result_13_fu_687">
<pin_list>
<pin id="688" dir="0" index="0" bw="24" slack="0"/>
<pin id="689" dir="0" index="1" bw="8" slack="3"/>
<pin id="690" dir="0" index="2" bw="8" slack="3"/>
<pin id="691" dir="0" index="3" bw="8" slack="3"/>
<pin id="692" dir="1" index="4" bw="24" slack="0"/>
</pin_list>
<bind>
<opcode="bitconcatenate(1004) " fcode="bitconcatenate"/>
<opset="p_Result_13/19 "/>
</bind>
</comp>

<comp id="698" class="1004" name="p_Result_14_fu_698">
<pin_list>
<pin id="699" dir="0" index="0" bw="24" slack="0"/>
<pin id="700" dir="0" index="1" bw="8" slack="4"/>
<pin id="701" dir="0" index="2" bw="8" slack="4"/>
<pin id="702" dir="0" index="3" bw="8" slack="4"/>
<pin id="703" dir="1" index="4" bw="24" slack="0"/>
</pin_list>
<bind>
<opcode="bitconcatenate(1004) " fcode="bitconcatenate"/>
<opset="p_Result_14/20 "/>
</bind>
</comp>

<comp id="709" class="1004" name="i_1_fu_709">
<pin_list>
<pin id="710" dir="0" index="0" bw="8" slack="15"/>
<pin id="711" dir="0" index="1" bw="1" slack="0"/>
<pin id="712" dir="1" index="2" bw="8" slack="1"/>
</pin_list>
<bind>
<opcode="add(8) " fcode="add"/>
<opset="i_1/20 "/>
</bind>
</comp>

<comp id="714" class="1004" name="p_Result_15_fu_714">
<pin_list>
<pin id="715" dir="0" index="0" bw="24" slack="0"/>
<pin id="716" dir="0" index="1" bw="8" slack="5"/>
<pin id="717" dir="0" index="2" bw="8" slack="5"/>
<pin id="718" dir="0" index="3" bw="8" slack="5"/>
<pin id="719" dir="1" index="4" bw="24" slack="0"/>
</pin_list>
<bind>
<opcode="bitconcatenate(1004) " fcode="bitconcatenate"/>
<opset="p_Result_15/21 "/>
</bind>
</comp>

<comp id="725" class="1007" name="grp_fu_725">
<pin_list>
<pin id="726" dir="0" index="0" bw="12" slack="0"/>
<pin id="727" dir="0" index="1" bw="8" slack="0"/>
<pin id="728" dir="1" index="2" bw="20" slack="1"/>
</pin_list>
<bind>
<opcode="mul(12) " fcode="mul"/>
<opset="bound/1 "/>
</bind>
</comp>

<comp id="731" class="1005" name="trunc_ln_reg_731">
<pin_list>
<pin id="732" dir="0" index="0" bw="8" slack="3"/>
<pin id="733" dir="1" index="1" bw="8" slack="3"/>
</pin_list>
<bind>
<opset="trunc_ln "/>
</bind>
</comp>

<comp id="736" class="1005" name="cast_reg_736">
<pin_list>
<pin id="737" dir="0" index="0" bw="20" slack="1"/>
<pin id="738" dir="1" index="1" bw="20" slack="1"/>
</pin_list>
<bind>
<opset="cast "/>
</bind>
</comp>

<comp id="741" class="1005" name="cast1_reg_741">
<pin_list>
<pin id="742" dir="0" index="0" bw="20" slack="1"/>
<pin id="743" dir="1" index="1" bw="20" slack="1"/>
</pin_list>
<bind>
<opset="cast1 "/>
</bind>
</comp>

<comp id="746" class="1005" name="last_i_reg_746">
<pin_list>
<pin id="747" dir="0" index="0" bw="9" slack="1"/>
<pin id="748" dir="1" index="1" bw="9" slack="1"/>
</pin_list>
<bind>
<opset="last_i "/>
</bind>
</comp>

<comp id="752" class="1005" name="bound_reg_752">
<pin_list>
<pin id="753" dir="0" index="0" bw="20" slack="1"/>
<pin id="754" dir="1" index="1" bw="20" slack="1"/>
</pin_list>
<bind>
<opset="bound "/>
</bind>
</comp>

<comp id="757" class="1005" name="add_ln38_reg_757">
<pin_list>
<pin id="758" dir="0" index="0" bw="20" slack="0"/>
<pin id="759" dir="1" index="1" bw="20" slack="0"/>
</pin_list>
<bind>
<opset="add_ln38 "/>
</bind>
</comp>

<comp id="762" class="1005" name="icmp_ln39_reg_762">
<pin_list>
<pin id="763" dir="0" index="0" bw="1" slack="1"/>
<pin id="764" dir="1" index="1" bw="1" slack="1"/>
</pin_list>
<bind>
<opset="icmp_ln39 "/>
</bind>
</comp>

<comp id="767" class="1005" name="icmp_ln38_reg_767">
<pin_list>
<pin id="768" dir="0" index="0" bw="1" slack="1"/>
<pin id="769" dir="1" index="1" bw="1" slack="2147483647"/>
</pin_list>
<bind>
<opset="icmp_ln38 "/>
</bind>
</comp>

<comp id="771" class="1005" name="select_ln38_reg_771">
<pin_list>
<pin id="772" dir="0" index="0" bw="8" slack="1"/>
<pin id="773" dir="1" index="1" bw="8" slack="1"/>
</pin_list>
<bind>
<opset="select_ln38 "/>
</bind>
</comp>

<comp id="777" class="1005" name="video_elt_out_last_V_reg_777">
<pin_list>
<pin id="778" dir="0" index="0" bw="1" slack="16"/>
<pin id="779" dir="1" index="1" bw="1" slack="16"/>
</pin_list>
<bind>
<opset="video_elt_out_last_V "/>
</bind>
</comp>

<comp id="782" class="1005" name="select_ln38_1_reg_782">
<pin_list>
<pin id="783" dir="0" index="0" bw="12" slack="0"/>
<pin id="784" dir="1" index="1" bw="12" slack="0"/>
</pin_list>
<bind>
<opset="select_ln38_1 "/>
</bind>
</comp>

<comp id="787" class="1005" name="p_Result_34_i_reg_787">
<pin_list>
<pin id="788" dir="0" index="0" bw="8" slack="1"/>
<pin id="789" dir="1" index="1" bw="8" slack="1"/>
</pin_list>
<bind>
<opset="p_Result_34_i "/>
</bind>
</comp>

<comp id="792" class="1005" name="i_1_reg_792">
<pin_list>
<pin id="793" dir="0" index="0" bw="8" slack="1"/>
<pin id="794" dir="1" index="1" bw="8" slack="1"/>
</pin_list>
<bind>
<opset="i_1 "/>
</bind>
</comp>

</comp_list>

<net_list>
<net id="146"><net_src comp="16" pin="0"/><net_sink comp="142" pin=0"/></net>

<net id="147"><net_src comp="12" pin="0"/><net_sink comp="142" pin=1"/></net>

<net id="152"><net_src comp="16" pin="0"/><net_sink comp="148" pin=0"/></net>

<net id="153"><net_src comp="14" pin="0"/><net_sink comp="148" pin=1"/></net>

<net id="158"><net_src comp="58" pin="0"/><net_sink comp="154" pin=0"/></net>

<net id="159"><net_src comp="0" pin="0"/><net_sink comp="154" pin=1"/></net>

<net id="173"><net_src comp="74" pin="0"/><net_sink comp="160" pin=0"/></net>

<net id="174"><net_src comp="2" pin="0"/><net_sink comp="160" pin=1"/></net>

<net id="175"><net_src comp="4" pin="0"/><net_sink comp="160" pin=2"/></net>

<net id="176"><net_src comp="6" pin="0"/><net_sink comp="160" pin=3"/></net>

<net id="177"><net_src comp="8" pin="0"/><net_sink comp="160" pin=4"/></net>

<net id="178"><net_src comp="10" pin="0"/><net_sink comp="160" pin=5"/></net>

<net id="179"><net_src comp="76" pin="0"/><net_sink comp="160" pin=7"/></net>

<net id="180"><net_src comp="76" pin="0"/><net_sink comp="160" pin=8"/></net>

<net id="181"><net_src comp="78" pin="0"/><net_sink comp="160" pin=10"/></net>

<net id="182"><net_src comp="78" pin="0"/><net_sink comp="160" pin=9"/></net>

<net id="186"><net_src comp="48" pin="0"/><net_sink comp="183" pin=0"/></net>

<net id="193"><net_src comp="183" pin="1"/><net_sink comp="187" pin=0"/></net>

<net id="197"><net_src comp="50" pin="0"/><net_sink comp="194" pin=0"/></net>

<net id="204"><net_src comp="194" pin="1"/><net_sink comp="198" pin=0"/></net>

<net id="208"><net_src comp="54" pin="0"/><net_sink comp="205" pin=0"/></net>

<net id="215"><net_src comp="205" pin="1"/><net_sink comp="209" pin=0"/></net>

<net id="222"><net_src comp="60" pin="0"/><net_sink comp="216" pin=0"/></net>

<net id="223"><net_src comp="154" pin="2"/><net_sink comp="216" pin=1"/></net>

<net id="224"><net_src comp="62" pin="0"/><net_sink comp="216" pin=2"/></net>

<net id="225"><net_src comp="64" pin="0"/><net_sink comp="216" pin=3"/></net>

<net id="232"><net_src comp="60" pin="0"/><net_sink comp="226" pin=0"/></net>

<net id="233"><net_src comp="154" pin="2"/><net_sink comp="226" pin=1"/></net>

<net id="234"><net_src comp="42" pin="0"/><net_sink comp="226" pin=2"/></net>

<net id="235"><net_src comp="66" pin="0"/><net_sink comp="226" pin=3"/></net>

<net id="242"><net_src comp="60" pin="0"/><net_sink comp="236" pin=0"/></net>

<net id="243"><net_src comp="154" pin="2"/><net_sink comp="236" pin=1"/></net>

<net id="244"><net_src comp="80" pin="0"/><net_sink comp="236" pin=2"/></net>

<net id="245"><net_src comp="82" pin="0"/><net_sink comp="236" pin=3"/></net>

<net id="252"><net_src comp="60" pin="0"/><net_sink comp="246" pin=0"/></net>

<net id="253"><net_src comp="154" pin="2"/><net_sink comp="246" pin=1"/></net>

<net id="254"><net_src comp="84" pin="0"/><net_sink comp="246" pin=2"/></net>

<net id="255"><net_src comp="86" pin="0"/><net_sink comp="246" pin=3"/></net>

<net id="262"><net_src comp="60" pin="0"/><net_sink comp="256" pin=0"/></net>

<net id="263"><net_src comp="154" pin="2"/><net_sink comp="256" pin=1"/></net>

<net id="264"><net_src comp="88" pin="0"/><net_sink comp="256" pin=2"/></net>

<net id="265"><net_src comp="90" pin="0"/><net_sink comp="256" pin=3"/></net>

<net id="272"><net_src comp="60" pin="0"/><net_sink comp="266" pin=0"/></net>

<net id="273"><net_src comp="154" pin="2"/><net_sink comp="266" pin=1"/></net>

<net id="274"><net_src comp="92" pin="0"/><net_sink comp="266" pin=2"/></net>

<net id="275"><net_src comp="94" pin="0"/><net_sink comp="266" pin=3"/></net>

<net id="282"><net_src comp="60" pin="0"/><net_sink comp="276" pin=0"/></net>

<net id="283"><net_src comp="154" pin="2"/><net_sink comp="276" pin=1"/></net>

<net id="284"><net_src comp="96" pin="0"/><net_sink comp="276" pin=2"/></net>

<net id="285"><net_src comp="98" pin="0"/><net_sink comp="276" pin=3"/></net>

<net id="292"><net_src comp="60" pin="0"/><net_sink comp="286" pin=0"/></net>

<net id="293"><net_src comp="154" pin="2"/><net_sink comp="286" pin=1"/></net>

<net id="294"><net_src comp="100" pin="0"/><net_sink comp="286" pin=2"/></net>

<net id="295"><net_src comp="102" pin="0"/><net_sink comp="286" pin=3"/></net>

<net id="302"><net_src comp="60" pin="0"/><net_sink comp="296" pin=0"/></net>

<net id="303"><net_src comp="154" pin="2"/><net_sink comp="296" pin=1"/></net>

<net id="304"><net_src comp="104" pin="0"/><net_sink comp="296" pin=2"/></net>

<net id="305"><net_src comp="106" pin="0"/><net_sink comp="296" pin=3"/></net>

<net id="312"><net_src comp="60" pin="0"/><net_sink comp="306" pin=0"/></net>

<net id="313"><net_src comp="154" pin="2"/><net_sink comp="306" pin=1"/></net>

<net id="314"><net_src comp="108" pin="0"/><net_sink comp="306" pin=2"/></net>

<net id="315"><net_src comp="110" pin="0"/><net_sink comp="306" pin=3"/></net>

<net id="322"><net_src comp="60" pin="0"/><net_sink comp="316" pin=0"/></net>

<net id="323"><net_src comp="154" pin="2"/><net_sink comp="316" pin=1"/></net>

<net id="324"><net_src comp="112" pin="0"/><net_sink comp="316" pin=2"/></net>

<net id="325"><net_src comp="114" pin="0"/><net_sink comp="316" pin=3"/></net>

<net id="332"><net_src comp="60" pin="0"/><net_sink comp="326" pin=0"/></net>

<net id="333"><net_src comp="154" pin="2"/><net_sink comp="326" pin=1"/></net>

<net id="334"><net_src comp="116" pin="0"/><net_sink comp="326" pin=2"/></net>

<net id="335"><net_src comp="118" pin="0"/><net_sink comp="326" pin=3"/></net>

<net id="342"><net_src comp="60" pin="0"/><net_sink comp="336" pin=0"/></net>

<net id="343"><net_src comp="154" pin="2"/><net_sink comp="336" pin=1"/></net>

<net id="344"><net_src comp="120" pin="0"/><net_sink comp="336" pin=2"/></net>

<net id="345"><net_src comp="122" pin="0"/><net_sink comp="336" pin=3"/></net>

<net id="352"><net_src comp="60" pin="0"/><net_sink comp="346" pin=0"/></net>

<net id="353"><net_src comp="154" pin="2"/><net_sink comp="346" pin=1"/></net>

<net id="354"><net_src comp="124" pin="0"/><net_sink comp="346" pin=2"/></net>

<net id="355"><net_src comp="126" pin="0"/><net_sink comp="346" pin=3"/></net>

<net id="362"><net_src comp="60" pin="0"/><net_sink comp="356" pin=0"/></net>

<net id="363"><net_src comp="154" pin="2"/><net_sink comp="356" pin=1"/></net>

<net id="364"><net_src comp="128" pin="0"/><net_sink comp="356" pin=2"/></net>

<net id="365"><net_src comp="130" pin="0"/><net_sink comp="356" pin=3"/></net>

<net id="369"><net_src comp="236" pin="4"/><net_sink comp="366" pin=0"/></net>

<net id="373"><net_src comp="246" pin="4"/><net_sink comp="370" pin=0"/></net>

<net id="377"><net_src comp="256" pin="4"/><net_sink comp="374" pin=0"/></net>

<net id="381"><net_src comp="266" pin="4"/><net_sink comp="378" pin=0"/></net>

<net id="385"><net_src comp="276" pin="4"/><net_sink comp="382" pin=0"/></net>

<net id="389"><net_src comp="286" pin="4"/><net_sink comp="386" pin=0"/></net>

<net id="393"><net_src comp="296" pin="4"/><net_sink comp="390" pin=0"/></net>

<net id="397"><net_src comp="306" pin="4"/><net_sink comp="394" pin=0"/></net>

<net id="401"><net_src comp="316" pin="4"/><net_sink comp="398" pin=0"/></net>

<net id="405"><net_src comp="326" pin="4"/><net_sink comp="402" pin=0"/></net>

<net id="409"><net_src comp="336" pin="4"/><net_sink comp="406" pin=0"/></net>

<net id="413"><net_src comp="346" pin="4"/><net_sink comp="410" pin=0"/></net>

<net id="417"><net_src comp="356" pin="4"/><net_sink comp="414" pin=0"/></net>

<net id="421"><net_src comp="226" pin="4"/><net_sink comp="418" pin=0"/></net>

<net id="428"><net_src comp="18" pin="0"/><net_sink comp="422" pin=0"/></net>

<net id="429"><net_src comp="142" pin="2"/><net_sink comp="422" pin=1"/></net>

<net id="430"><net_src comp="20" pin="0"/><net_sink comp="422" pin=2"/></net>

<net id="431"><net_src comp="22" pin="0"/><net_sink comp="422" pin=3"/></net>

<net id="435"><net_src comp="148" pin="2"/><net_sink comp="432" pin=0"/></net>

<net id="439"><net_src comp="422" pin="4"/><net_sink comp="436" pin=0"/></net>

<net id="447"><net_src comp="440" pin="1"/><net_sink comp="443" pin=0"/></net>

<net id="448"><net_src comp="46" pin="0"/><net_sink comp="443" pin=1"/></net>

<net id="453"><net_src comp="187" pin="4"/><net_sink comp="449" pin=0"/></net>

<net id="454"><net_src comp="52" pin="0"/><net_sink comp="449" pin=1"/></net>

<net id="458"><net_src comp="198" pin="4"/><net_sink comp="455" pin=0"/></net>

<net id="463"><net_src comp="455" pin="1"/><net_sink comp="459" pin=0"/></net>

<net id="468"><net_src comp="187" pin="4"/><net_sink comp="464" pin=0"/></net>

<net id="474"><net_src comp="459" pin="2"/><net_sink comp="469" pin=0"/></net>

<net id="475"><net_src comp="50" pin="0"/><net_sink comp="469" pin=1"/></net>

<net id="476"><net_src comp="198" pin="4"/><net_sink comp="469" pin=2"/></net>

<net id="480"><net_src comp="469" pin="3"/><net_sink comp="477" pin=0"/></net>

<net id="485"><net_src comp="477" pin="1"/><net_sink comp="481" pin=0"/></net>

<net id="490"><net_src comp="209" pin="4"/><net_sink comp="486" pin=0"/></net>

<net id="491"><net_src comp="56" pin="0"/><net_sink comp="486" pin=1"/></net>

<net id="497"><net_src comp="486" pin="2"/><net_sink comp="492" pin=1"/></net>

<net id="498"><net_src comp="209" pin="4"/><net_sink comp="492" pin=2"/></net>

<net id="502"><net_src comp="492" pin="3"/><net_sink comp="499" pin=0"/></net>

<net id="506"><net_src comp="154" pin="2"/><net_sink comp="503" pin=0"/></net>

<net id="513"><net_src comp="68" pin="0"/><net_sink comp="507" pin=0"/></net>

<net id="514"><net_src comp="503" pin="1"/><net_sink comp="507" pin=1"/></net>

<net id="515"><net_src comp="216" pin="4"/><net_sink comp="507" pin=2"/></net>

<net id="516"><net_src comp="226" pin="4"/><net_sink comp="507" pin=3"/></net>

<net id="517"><net_src comp="507" pin="4"/><net_sink comp="160" pin=6"/></net>

<net id="522"><net_src comp="499" pin="1"/><net_sink comp="518" pin=0"/></net>

<net id="529"><net_src comp="70" pin="0"/><net_sink comp="523" pin=0"/></net>

<net id="530"><net_src comp="492" pin="3"/><net_sink comp="523" pin=1"/></net>

<net id="531"><net_src comp="62" pin="0"/><net_sink comp="523" pin=2"/></net>

<net id="532"><net_src comp="22" pin="0"/><net_sink comp="523" pin=3"/></net>

<net id="538"><net_src comp="72" pin="0"/><net_sink comp="533" pin=0"/></net>

<net id="539"><net_src comp="523" pin="4"/><net_sink comp="533" pin=1"/></net>

<net id="540"><net_src comp="518" pin="2"/><net_sink comp="533" pin=2"/></net>

<net id="545"><net_src comp="533" pin="3"/><net_sink comp="541" pin=0"/></net>

<net id="546"><net_src comp="54" pin="0"/><net_sink comp="541" pin=1"/></net>

<net id="547"><net_src comp="541" pin="2"/><net_sink comp="160" pin=9"/></net>

<net id="554"><net_src comp="68" pin="0"/><net_sink comp="548" pin=0"/></net>

<net id="555"><net_src comp="366" pin="1"/><net_sink comp="548" pin=1"/></net>

<net id="556"><net_src comp="370" pin="1"/><net_sink comp="548" pin=2"/></net>

<net id="557"><net_src comp="374" pin="1"/><net_sink comp="548" pin=3"/></net>

<net id="558"><net_src comp="548" pin="4"/><net_sink comp="160" pin=6"/></net>

<net id="565"><net_src comp="68" pin="0"/><net_sink comp="559" pin=0"/></net>

<net id="566"><net_src comp="378" pin="1"/><net_sink comp="559" pin=1"/></net>

<net id="567"><net_src comp="382" pin="1"/><net_sink comp="559" pin=2"/></net>

<net id="568"><net_src comp="386" pin="1"/><net_sink comp="559" pin=3"/></net>

<net id="569"><net_src comp="559" pin="4"/><net_sink comp="160" pin=6"/></net>

<net id="576"><net_src comp="68" pin="0"/><net_sink comp="570" pin=0"/></net>

<net id="577"><net_src comp="390" pin="1"/><net_sink comp="570" pin=1"/></net>

<net id="578"><net_src comp="394" pin="1"/><net_sink comp="570" pin=2"/></net>

<net id="579"><net_src comp="398" pin="1"/><net_sink comp="570" pin=3"/></net>

<net id="580"><net_src comp="570" pin="4"/><net_sink comp="160" pin=6"/></net>

<net id="587"><net_src comp="68" pin="0"/><net_sink comp="581" pin=0"/></net>

<net id="588"><net_src comp="402" pin="1"/><net_sink comp="581" pin=1"/></net>

<net id="589"><net_src comp="406" pin="1"/><net_sink comp="581" pin=2"/></net>

<net id="590"><net_src comp="410" pin="1"/><net_sink comp="581" pin=3"/></net>

<net id="591"><net_src comp="581" pin="4"/><net_sink comp="160" pin=6"/></net>

<net id="595"><net_src comp="154" pin="2"/><net_sink comp="592" pin=0"/></net>

<net id="602"><net_src comp="68" pin="0"/><net_sink comp="596" pin=0"/></net>

<net id="603"><net_src comp="414" pin="1"/><net_sink comp="596" pin=1"/></net>

<net id="604"><net_src comp="592" pin="1"/><net_sink comp="596" pin=2"/></net>

<net id="605"><net_src comp="216" pin="4"/><net_sink comp="596" pin=3"/></net>

<net id="606"><net_src comp="596" pin="4"/><net_sink comp="160" pin=6"/></net>

<net id="613"><net_src comp="68" pin="0"/><net_sink comp="607" pin=0"/></net>

<net id="614"><net_src comp="418" pin="1"/><net_sink comp="607" pin=1"/></net>

<net id="615"><net_src comp="366" pin="1"/><net_sink comp="607" pin=2"/></net>

<net id="616"><net_src comp="370" pin="1"/><net_sink comp="607" pin=3"/></net>

<net id="617"><net_src comp="607" pin="4"/><net_sink comp="160" pin=6"/></net>

<net id="624"><net_src comp="68" pin="0"/><net_sink comp="618" pin=0"/></net>

<net id="625"><net_src comp="374" pin="1"/><net_sink comp="618" pin=1"/></net>

<net id="626"><net_src comp="378" pin="1"/><net_sink comp="618" pin=2"/></net>

<net id="627"><net_src comp="382" pin="1"/><net_sink comp="618" pin=3"/></net>

<net id="628"><net_src comp="618" pin="4"/><net_sink comp="160" pin=6"/></net>

<net id="635"><net_src comp="68" pin="0"/><net_sink comp="629" pin=0"/></net>

<net id="636"><net_src comp="386" pin="1"/><net_sink comp="629" pin=1"/></net>

<net id="637"><net_src comp="390" pin="1"/><net_sink comp="629" pin=2"/></net>

<net id="638"><net_src comp="394" pin="1"/><net_sink comp="629" pin=3"/></net>

<net id="639"><net_src comp="629" pin="4"/><net_sink comp="160" pin=6"/></net>

<net id="646"><net_src comp="68" pin="0"/><net_sink comp="640" pin=0"/></net>

<net id="647"><net_src comp="398" pin="1"/><net_sink comp="640" pin=1"/></net>

<net id="648"><net_src comp="402" pin="1"/><net_sink comp="640" pin=2"/></net>

<net id="649"><net_src comp="406" pin="1"/><net_sink comp="640" pin=3"/></net>

<net id="650"><net_src comp="640" pin="4"/><net_sink comp="160" pin=6"/></net>

<net id="654"><net_src comp="154" pin="2"/><net_sink comp="651" pin=0"/></net>

<net id="661"><net_src comp="68" pin="0"/><net_sink comp="655" pin=0"/></net>

<net id="662"><net_src comp="410" pin="1"/><net_sink comp="655" pin=1"/></net>

<net id="663"><net_src comp="414" pin="1"/><net_sink comp="655" pin=2"/></net>

<net id="664"><net_src comp="651" pin="1"/><net_sink comp="655" pin=3"/></net>

<net id="665"><net_src comp="655" pin="4"/><net_sink comp="160" pin=6"/></net>

<net id="672"><net_src comp="68" pin="0"/><net_sink comp="666" pin=0"/></net>

<net id="673"><net_src comp="418" pin="1"/><net_sink comp="666" pin=2"/></net>

<net id="674"><net_src comp="366" pin="1"/><net_sink comp="666" pin=3"/></net>

<net id="675"><net_src comp="666" pin="4"/><net_sink comp="160" pin=6"/></net>

<net id="682"><net_src comp="68" pin="0"/><net_sink comp="676" pin=0"/></net>

<net id="683"><net_src comp="370" pin="1"/><net_sink comp="676" pin=1"/></net>

<net id="684"><net_src comp="374" pin="1"/><net_sink comp="676" pin=2"/></net>

<net id="685"><net_src comp="378" pin="1"/><net_sink comp="676" pin=3"/></net>

<net id="686"><net_src comp="676" pin="4"/><net_sink comp="160" pin=6"/></net>

<net id="693"><net_src comp="68" pin="0"/><net_sink comp="687" pin=0"/></net>

<net id="694"><net_src comp="382" pin="1"/><net_sink comp="687" pin=1"/></net>

<net id="695"><net_src comp="386" pin="1"/><net_sink comp="687" pin=2"/></net>

<net id="696"><net_src comp="390" pin="1"/><net_sink comp="687" pin=3"/></net>

<net id="697"><net_src comp="687" pin="4"/><net_sink comp="160" pin=6"/></net>

<net id="704"><net_src comp="68" pin="0"/><net_sink comp="698" pin=0"/></net>

<net id="705"><net_src comp="394" pin="1"/><net_sink comp="698" pin=1"/></net>

<net id="706"><net_src comp="398" pin="1"/><net_sink comp="698" pin=2"/></net>

<net id="707"><net_src comp="402" pin="1"/><net_sink comp="698" pin=3"/></net>

<net id="708"><net_src comp="698" pin="4"/><net_sink comp="160" pin=6"/></net>

<net id="713"><net_src comp="132" pin="0"/><net_sink comp="709" pin=1"/></net>

<net id="720"><net_src comp="68" pin="0"/><net_sink comp="714" pin=0"/></net>

<net id="721"><net_src comp="406" pin="1"/><net_sink comp="714" pin=1"/></net>

<net id="722"><net_src comp="410" pin="1"/><net_sink comp="714" pin=2"/></net>

<net id="723"><net_src comp="414" pin="1"/><net_sink comp="714" pin=3"/></net>

<net id="724"><net_src comp="714" pin="4"/><net_sink comp="160" pin=6"/></net>

<net id="729"><net_src comp="432" pin="1"/><net_sink comp="725" pin=0"/></net>

<net id="730"><net_src comp="436" pin="1"/><net_sink comp="725" pin=1"/></net>

<net id="734"><net_src comp="422" pin="4"/><net_sink comp="731" pin=0"/></net>

<net id="735"><net_src comp="731" pin="1"/><net_sink comp="440" pin=0"/></net>

<net id="739"><net_src comp="432" pin="1"/><net_sink comp="736" pin=0"/></net>

<net id="740"><net_src comp="736" pin="1"/><net_sink comp="725" pin=0"/></net>

<net id="744"><net_src comp="436" pin="1"/><net_sink comp="741" pin=0"/></net>

<net id="745"><net_src comp="741" pin="1"/><net_sink comp="725" pin=1"/></net>

<net id="749"><net_src comp="443" pin="2"/><net_sink comp="746" pin=0"/></net>

<net id="750"><net_src comp="746" pin="1"/><net_sink comp="459" pin=1"/></net>

<net id="751"><net_src comp="746" pin="1"/><net_sink comp="481" pin=1"/></net>

<net id="755"><net_src comp="725" pin="2"/><net_sink comp="752" pin=0"/></net>

<net id="756"><net_src comp="752" pin="1"/><net_sink comp="464" pin=1"/></net>

<net id="760"><net_src comp="449" pin="2"/><net_sink comp="757" pin=0"/></net>

<net id="761"><net_src comp="757" pin="1"/><net_sink comp="187" pin=2"/></net>

<net id="765"><net_src comp="459" pin="2"/><net_sink comp="762" pin=0"/></net>

<net id="766"><net_src comp="762" pin="1"/><net_sink comp="492" pin=0"/></net>

<net id="770"><net_src comp="464" pin="2"/><net_sink comp="767" pin=0"/></net>

<net id="774"><net_src comp="469" pin="3"/><net_sink comp="771" pin=0"/></net>

<net id="775"><net_src comp="771" pin="1"/><net_sink comp="518" pin=1"/></net>

<net id="776"><net_src comp="771" pin="1"/><net_sink comp="709" pin=0"/></net>

<net id="780"><net_src comp="481" pin="2"/><net_sink comp="777" pin=0"/></net>

<net id="781"><net_src comp="777" pin="1"/><net_sink comp="160" pin=10"/></net>

<net id="785"><net_src comp="492" pin="3"/><net_sink comp="782" pin=0"/></net>

<net id="786"><net_src comp="782" pin="1"/><net_sink comp="209" pin=2"/></net>

<net id="790"><net_src comp="216" pin="4"/><net_sink comp="787" pin=0"/></net>

<net id="791"><net_src comp="787" pin="1"/><net_sink comp="666" pin=1"/></net>

<net id="795"><net_src comp="709" pin="2"/><net_sink comp="792" pin=0"/></net>

<net id="796"><net_src comp="792" pin="1"/><net_sink comp="198" pin=2"/></net>

</net_list>

</model> 
---------------- Datapath Model END ------------------

* FSMD analyzer results:
  - Output states:
	Port: STR_video_out_V_data_V | {6 7 8 9 10 11 12 13 14 15 16 17 18 19 20 21 }
	Port: STR_video_out_V_keep_V | {6 7 8 9 10 11 12 13 14 15 16 17 18 19 20 21 }
	Port: STR_video_out_V_strb_V | {6 7 8 9 10 11 12 13 14 15 16 17 18 19 20 21 }
	Port: STR_video_out_V_user_V | {6 7 8 9 10 11 12 13 14 15 16 17 18 19 20 21 }
	Port: STR_video_out_V_last_V | {6 7 8 9 10 11 12 13 14 15 16 17 18 19 20 21 }
 - Input state : 
	Port: DMA24b_mm2s_streamout : mm_fifo1 | {6 11 16 }
	Port: DMA24b_mm2s_streamout : STR_video_out_V_data_V | {}
	Port: DMA24b_mm2s_streamout : STR_video_out_V_keep_V | {}
	Port: DMA24b_mm2s_streamout : STR_video_out_V_strb_V | {}
	Port: DMA24b_mm2s_streamout : STR_video_out_V_user_V | {}
	Port: DMA24b_mm2s_streamout : STR_video_out_V_last_V | {}
	Port: DMA24b_mm2s_streamout : img_w | {1 }
	Port: DMA24b_mm2s_streamout : img_h | {1 }
  - Chain level:
	State 1
		cast1 : 1
		bound : 2
	State 2
	State 3
	State 4
		last_i : 1
	State 5
		add_ln38 : 1
		zext_ln39 : 1
		icmp_ln39 : 2
		icmp_ln38 : 1
		br_ln38 : 2
		select_ln38 : 3
		zext_ln36 : 4
		video_elt_out_last_V : 5
	State 6
		add_ln38_1 : 1
		select_ln38_1 : 2
		trunc_ln38 : 3
		p_Result_s : 1
		or_ln51 : 4
		tmp : 3
		or_ln : 4
		video_elt_out_user_V : 5
		write_ln304 : 6
	State 7
		write_ln304 : 1
	State 8
		write_ln304 : 1
	State 9
		write_ln304 : 1
	State 10
		write_ln304 : 1
	State 11
		p_Result_5 : 1
		write_ln304 : 2
	State 12
		write_ln304 : 1
	State 13
		write_ln304 : 1
	State 14
		write_ln304 : 1
	State 15
		write_ln304 : 1
	State 16
		p_Result_10 : 1
		write_ln304 : 2
	State 17
		write_ln304 : 1
	State 18
		write_ln304 : 1
	State 19
		write_ln304 : 1
	State 20
		write_ln304 : 1
	State 21
		write_ln304 : 1
	State 22


============================================================
+ Verbose Summary: Datapath Resource usage 
============================================================

* Functional unit list:
|----------|-----------------------------|---------|---------|---------|
| Operation|       Functional Unit       |   DSP   |    FF   |   LUT   |
|----------|-----------------------------|---------|---------|---------|
|          |        last_i_fu_443        |    0    |    0    |    15   |
|    add   |       add_ln38_fu_449       |    0    |    0    |    27   |
|          |      add_ln38_1_fu_486      |    0    |    0    |    12   |
|          |          i_1_fu_709         |    0    |    0    |    15   |
|----------|-----------------------------|---------|---------|---------|
|          |       icmp_ln39_fu_459      |    0    |    0    |    11   |
|   icmp   |       icmp_ln38_fu_464      |    0    |    0    |    14   |
|          | video_elt_out_last_V_fu_481 |    0    |    0    |    11   |
|          | video_elt_out_user_V_fu_541 |    0    |    0    |    12   |
|----------|-----------------------------|---------|---------|---------|
|  select  |      select_ln38_fu_469     |    0    |    0    |    8    |
|          |     select_ln38_1_fu_492    |    0    |    0    |    12   |
|----------|-----------------------------|---------|---------|---------|
|    or    |        or_ln51_fu_518       |    0    |    0    |    8    |
|----------|-----------------------------|---------|---------|---------|
|    mul   |          grp_fu_725         |    1    |    0    |    0    |
|----------|-----------------------------|---------|---------|---------|
|          |     img_w_1_read_fu_142     |    0    |    0    |    0    |
|   read   |     img_h_1_read_fu_148     |    0    |    0    |    0    |
|          |       grp_read_fu_154       |    0    |    0    |    0    |
|----------|-----------------------------|---------|---------|---------|
|   write  |       grp_write_fu_160      |    0    |    0    |    0    |
|----------|-----------------------------|---------|---------|---------|
|          |          grp_fu_216         |    0    |    0    |    0    |
|          |          grp_fu_226         |    0    |    0    |    0    |
|          |          grp_fu_236         |    0    |    0    |    0    |
|          |          grp_fu_246         |    0    |    0    |    0    |
|          |          grp_fu_256         |    0    |    0    |    0    |
|          |          grp_fu_266         |    0    |    0    |    0    |
|          |          grp_fu_276         |    0    |    0    |    0    |
|          |          grp_fu_286         |    0    |    0    |    0    |
|partselect|          grp_fu_296         |    0    |    0    |    0    |
|          |          grp_fu_306         |    0    |    0    |    0    |
|          |          grp_fu_316         |    0    |    0    |    0    |
|          |          grp_fu_326         |    0    |    0    |    0    |
|          |          grp_fu_336         |    0    |    0    |    0    |
|          |          grp_fu_346         |    0    |    0    |    0    |
|          |          grp_fu_356         |    0    |    0    |    0    |
|          |       trunc_ln_fu_422       |    0    |    0    |    0    |
|          |          tmp_fu_523         |    0    |    0    |    0    |
|----------|-----------------------------|---------|---------|---------|
|          |         cast_fu_432         |    0    |    0    |    0    |
|          |         cast1_fu_436        |    0    |    0    |    0    |
|   zext   |       zext_ln37_fu_440      |    0    |    0    |    0    |
|          |       zext_ln39_fu_455      |    0    |    0    |    0    |
|          |       zext_ln36_fu_477      |    0    |    0    |    0    |
|----------|-----------------------------|---------|---------|---------|
|          |      trunc_ln38_fu_499      |    0    |    0    |    0    |
|   trunc  |      trunc_ln674_fu_503     |    0    |    0    |    0    |
|          |     trunc_ln674_1_fu_592    |    0    |    0    |    0    |
|          |     trunc_ln674_2_fu_651    |    0    |    0    |    0    |
|----------|-----------------------------|---------|---------|---------|
|          |      p_Result_s_fu_507      |    0    |    0    |    0    |
|          |         or_ln_fu_533        |    0    |    0    |    0    |
|          |      p_Result_1_fu_548      |    0    |    0    |    0    |
|          |      p_Result_2_fu_559      |    0    |    0    |    0    |
|          |      p_Result_3_fu_570      |    0    |    0    |    0    |
|          |      p_Result_4_fu_581      |    0    |    0    |    0    |
|          |      p_Result_5_fu_596      |    0    |    0    |    0    |
|          |      p_Result_6_fu_607      |    0    |    0    |    0    |
|bitconcatenate|      p_Result_7_fu_618      |    0    |    0    |    0    |
|          |      p_Result_8_fu_629      |    0    |    0    |    0    |
|          |      p_Result_9_fu_640      |    0    |    0    |    0    |
|          |      p_Result_10_fu_655     |    0    |    0    |    0    |
|          |      p_Result_11_fu_666     |    0    |    0    |    0    |
|          |      p_Result_12_fu_676     |    0    |    0    |    0    |
|          |      p_Result_13_fu_687     |    0    |    0    |    0    |
|          |      p_Result_14_fu_698     |    0    |    0    |    0    |
|          |      p_Result_15_fu_714     |    0    |    0    |    0    |
|----------|-----------------------------|---------|---------|---------|
|   Total  |                             |    1    |    0    |   145   |
|----------|-----------------------------|---------|---------|---------|

Memories:
N/A

* Register list:
+----------------------------+--------+
|                            |   FF   |
+----------------------------+--------+
|      add_ln38_reg_757      |   20   |
|        bound_reg_752       |   20   |
|        cast1_reg_741       |   20   |
|        cast_reg_736        |   20   |
|         i_1_reg_792        |    8   |
|          i_reg_194         |    8   |
|      icmp_ln38_reg_767     |    1   |
|      icmp_ln39_reg_762     |    1   |
|   indvar_flatten_reg_183   |   20   |
|          j_reg_205         |   12   |
|       last_i_reg_746       |    9   |
|    p_Result_34_i_reg_787   |    8   |
|           reg_366          |    8   |
|           reg_370          |    8   |
|           reg_374          |    8   |
|           reg_378          |    8   |
|           reg_382          |    8   |
|           reg_386          |    8   |
|           reg_390          |    8   |
|           reg_394          |    8   |
|           reg_398          |    8   |
|           reg_402          |    8   |
|           reg_406          |    8   |
|           reg_410          |    8   |
|           reg_414          |    8   |
|           reg_418          |    8   |
|    select_ln38_1_reg_782   |   12   |
|     select_ln38_reg_771    |    8   |
|      trunc_ln_reg_731      |    8   |
|video_elt_out_last_V_reg_777|    1   |
+----------------------------+--------+
|            Total           |   288  |
+----------------------------+--------+

* Multiplexer (MUX) list: 
|------------------|------|------|------|--------||---------||---------|
|       Comp       |  Pin | Size |  BW  | S x BW ||  Delay  ||   LUT   |
|------------------|------|------|------|--------||---------||---------|
| grp_write_fu_160 |  p6  |  16  |  24  |   384  ||    65   |
| grp_write_fu_160 |  p9  |   2  |   1  |    2   ||    9    |
| grp_write_fu_160 |  p10 |   2  |   1  |    2   ||    9    |
|    grp_fu_725    |  p0  |   2  |  12  |   24   ||    9    |
|    grp_fu_725    |  p1  |   2  |   8  |   16   ||    9    |
|------------------|------|------|------|--------||---------||---------|
|       Total      |      |      |      |   428  ||  8.416  ||   101   |
|------------------|------|------|------|--------||---------||---------|



* Summary:
+-----------+--------+--------+--------+--------+
|           |   DSP  |  Delay |   FF   |   LUT  |
+-----------+--------+--------+--------+--------+
|  Function |    1   |    -   |    0   |   145  |
|   Memory  |    -   |    -   |    -   |    -   |
|Multiplexer|    -   |    8   |    -   |   101  |
|  Register |    -   |    -   |   288  |    -   |
+-----------+--------+--------+--------+--------+
|   Total   |    1   |    8   |   288  |   246  |
+-----------+--------+--------+--------+--------+
