#-----------------------------------------------------------
# Vivado v2020.2 (64-bit)
# SW Build 3064766 on Wed Nov 18 09:12:47 MST 2020
# IP Build 3064653 on Wed Nov 18 14:17:31 MST 2020
# Start of session at: Tue Sep  1 14:27:50 2026
# Process ID: 5857
# Current directory: /mnt/isaac_sbay0/lbo-ws/Projects/DVR-008-002/Base_Design_Project/Reference_design_project_2020.2
# Command line: vivado -mode batch -notrace -nojournal -log logs/build_hw.log -source scripts/build_hw.tcl
# Log file: /mnt/isaac_sbay0/lbo-ws/Projects/DVR-008-002/Base_Design_Project/Reference_design_project_2020.2/logs/build_hw.log
# Journal file: 
#-----------------------------------------------------------
source scripts/build_hw.tcl -notrace
INFO : build sur 8 jobs
Scanning sources...
Finished scanning sources
INFO: [IP_Flow 19-234] Refreshing IP repositories
INFO: [IP_Flow 19-1704] No user IP repositories specified
INFO: [IP_Flow 19-2313] Loaded Vivado IP repository '/tools/xilinx/Vivado/2020.2/data/ip'.
INFO: [IP_Flow 19-7066] Running IP cache check for IP design_1_auto_pc_0
INFO: [IP_Flow 19-7066] Running IP cache check for IP design_1_axi_gpio_0_0
INFO: [IP_Flow 19-7066] Running IP cache check for IP design_1_axi_gpio_1_0
INFO: [IP_Flow 19-7066] Running IP cache check for IP design_1_processing_system7_0_0
INFO: [IP_Flow 19-7066] Running IP cache check for IP design_1_rst_ps7_0_50M_0
INFO: [IP_Flow 19-7066] Running IP cache check for IP design_1_xbar_0
[Tue Sep  1 14:27:56 2026] Launched design_1_processing_system7_0_0_synth_1, design_1_axi_gpio_0_0_synth_1, design_1_axi_gpio_1_0_synth_1, design_1_rst_ps7_0_50M_0_synth_1, design_1_xbar_0_synth_1, design_1_auto_pc_0_synth_1...
Run output will be captured here:
design_1_processing_system7_0_0_synth_1: /mnt/isaac_sbay0/lbo-ws/Projects/DVR-008-002/Base_Design_Project/Reference_design_project_2020.2/SoCora/SoCora.runs/design_1_processing_system7_0_0_synth_1/runme.log
design_1_axi_gpio_0_0_synth_1: /mnt/isaac_sbay0/lbo-ws/Projects/DVR-008-002/Base_Design_Project/Reference_design_project_2020.2/SoCora/SoCora.runs/design_1_axi_gpio_0_0_synth_1/runme.log
design_1_axi_gpio_1_0_synth_1: /mnt/isaac_sbay0/lbo-ws/Projects/DVR-008-002/Base_Design_Project/Reference_design_project_2020.2/SoCora/SoCora.runs/design_1_axi_gpio_1_0_synth_1/runme.log
design_1_rst_ps7_0_50M_0_synth_1: /mnt/isaac_sbay0/lbo-ws/Projects/DVR-008-002/Base_Design_Project/Reference_design_project_2020.2/SoCora/SoCora.runs/design_1_rst_ps7_0_50M_0_synth_1/runme.log
design_1_xbar_0_synth_1: /mnt/isaac_sbay0/lbo-ws/Projects/DVR-008-002/Base_Design_Project/Reference_design_project_2020.2/SoCora/SoCora.runs/design_1_xbar_0_synth_1/runme.log
design_1_auto_pc_0_synth_1: /mnt/isaac_sbay0/lbo-ws/Projects/DVR-008-002/Base_Design_Project/Reference_design_project_2020.2/SoCora/SoCora.runs/design_1_auto_pc_0_synth_1/runme.log
[Tue Sep  1 14:27:56 2026] Launched synth_1...
Run output will be captured here: /mnt/isaac_sbay0/lbo-ws/Projects/DVR-008-002/Base_Design_Project/Reference_design_project_2020.2/SoCora/SoCora.runs/synth_1/runme.log
[Tue Sep  1 14:27:56 2026] Waiting for synth_1 to finish...

*** Running vivado
    with args -log design_1_wrapper.vds -m64 -product Vivado -mode batch -messageDb vivado.pb -notrace -source design_1_wrapper.tcl


****** Vivado v2020.2 (64-bit)
  **** SW Build 3064766 on Wed Nov 18 09:12:47 MST 2020
  **** IP Build 3064653 on Wed Nov 18 14:17:31 MST 2020
    ** Copyright 1986-2020 Xilinx, Inc. All Rights Reserved.

source design_1_wrapper.tcl -notrace
INFO: [IP_Flow 19-234] Refreshing IP repositories
INFO: [IP_Flow 19-1704] No user IP repositories specified
INFO: [IP_Flow 19-2313] Loaded Vivado IP repository '/tools/xilinx/Vivado/2020.2/data/ip'.
Command: synth_design -top design_1_wrapper -part xc7z010clg400-1
Starting synth_design
Attempting to get a license for feature 'Synthesis' and/or device 'xc7z010'
INFO: [Common 17-349] Got license for feature 'Synthesis' and/or device 'xc7z010'
INFO: [Device 21-403] Loading part xc7z010clg400-1
INFO: [Synth 8-7079] Multithreading enabled for synth_design using a maximum of 4 processes.
INFO: [Synth 8-7078] Launching helper process for spawning children vivado processes
INFO: [Synth 8-7075] Helper process launched with PID 9729
---------------------------------------------------------------------------------
Starting RTL Elaboration : Time (s): cpu = 00:00:01 ; elapsed = 00:00:02 . Memory (MB): peak = 2445.758 ; gain = 0.000 ; free physical = 13529 ; free virtual = 50501
---------------------------------------------------------------------------------
INFO: [Synth 8-638] synthesizing module 'design_1_wrapper' [/mnt/isaac_sbay0/lbo-ws/Projects/DVR-008-002/Base_Design_Project/Reference_design_project_2020.2/SoCora/SoCora.srcs/sources_1/imports/hdl/design_1_wrapper.vhd:42]
INFO: [Synth 8-3491] module 'design_1' declared at '/mnt/isaac_sbay0/lbo-ws/Projects/DVR-008-002/Base_Design_Project/Reference_design_project_2020.2/SoCora/SoCora.gen/sources_1/bd/design_1/synth/design_1.vhd:1077' bound to instance 'design_1_i' of component 'design_1' [/mnt/isaac_sbay0/lbo-ws/Projects/DVR-008-002/Base_Design_Project/Reference_design_project_2020.2/SoCora/SoCora.srcs/sources_1/imports/hdl/design_1_wrapper.vhd:71]
INFO: [Synth 8-638] synthesizing module 'design_1' [/mnt/isaac_sbay0/lbo-ws/Projects/DVR-008-002/Base_Design_Project/Reference_design_project_2020.2/SoCora/SoCora.gen/sources_1/bd/design_1/synth/design_1.vhd:1109]
INFO: [Synth 8-3491] module 'design_1_axi_gpio_0_0' declared at '/mnt/isaac_sbay0/lbo-ws/Projects/DVR-008-002/Base_Design_Project/Reference_design_project_2020.2/SoCora/SoCora.runs/synth_1/.Xil/Vivado-8124-isaac/realtime/design_1_axi_gpio_0_0_stub.vhdl:5' bound to instance 'axi_gpio_0' of component 'design_1_axi_gpio_0_0' [/mnt/isaac_sbay0/lbo-ws/Projects/DVR-008-002/Base_Design_Project/Reference_design_project_2020.2/SoCora/SoCora.gen/sources_1/bd/design_1/synth/design_1.vhd:1375]
INFO: [Synth 8-638] synthesizing module 'design_1_axi_gpio_0_0' [/mnt/isaac_sbay0/lbo-ws/Projects/DVR-008-002/Base_Design_Project/Reference_design_project_2020.2/SoCora/SoCora.runs/synth_1/.Xil/Vivado-8124-isaac/realtime/design_1_axi_gpio_0_0_stub.vhdl:31]
INFO: [Synth 8-3491] module 'design_1_axi_gpio_1_0' declared at '/mnt/isaac_sbay0/lbo-ws/Projects/DVR-008-002/Base_Design_Project/Reference_design_project_2020.2/SoCora/SoCora.runs/synth_1/.Xil/Vivado-8124-isaac/realtime/design_1_axi_gpio_1_0_stub.vhdl:5' bound to instance 'axi_gpio_1' of component 'design_1_axi_gpio_1_0' [/mnt/isaac_sbay0/lbo-ws/Projects/DVR-008-002/Base_Design_Project/Reference_design_project_2020.2/SoCora/SoCora.gen/sources_1/bd/design_1/synth/design_1.vhd:1398]
INFO: [Synth 8-638] synthesizing module 'design_1_axi_gpio_1_0' [/mnt/isaac_sbay0/lbo-ws/Projects/DVR-008-002/Base_Design_Project/Reference_design_project_2020.2/SoCora/SoCora.runs/synth_1/.Xil/Vivado-8124-isaac/realtime/design_1_axi_gpio_1_0_stub.vhdl:31]
INFO: [Synth 8-3491] module 'design_1_processing_system7_0_0' declared at '/mnt/isaac_sbay0/lbo-ws/Projects/DVR-008-002/Base_Design_Project/Reference_design_project_2020.2/SoCora/SoCora.runs/synth_1/.Xil/Vivado-8124-isaac/realtime/design_1_processing_system7_0_0_stub.vhdl:5' bound to instance 'processing_system7_0' of component 'design_1_processing_system7_0_0' [/mnt/isaac_sbay0/lbo-ws/Projects/DVR-008-002/Base_Design_Project/Reference_design_project_2020.2/SoCora/SoCora.gen/sources_1/bd/design_1/synth/design_1.vhd:1421]
INFO: [Synth 8-638] synthesizing module 'design_1_processing_system7_0_0' [/mnt/isaac_sbay0/lbo-ws/Projects/DVR-008-002/Base_Design_Project/Reference_design_project_2020.2/SoCora/SoCora.runs/synth_1/.Xil/Vivado-8124-isaac/realtime/design_1_processing_system7_0_0_stub.vhdl:76]
INFO: [Synth 8-638] synthesizing module 'design_1_ps7_0_axi_periph_0' [/mnt/isaac_sbay0/lbo-ws/Projects/DVR-008-002/Base_Design_Project/Reference_design_project_2020.2/SoCora/SoCora.gen/sources_1/bd/design_1/synth/design_1.vhd:617]
INFO: [Synth 8-638] synthesizing module 'm00_couplers_imp_15SPJYW' [/mnt/isaac_sbay0/lbo-ws/Projects/DVR-008-002/Base_Design_Project/Reference_design_project_2020.2/SoCora/SoCora.gen/sources_1/bd/design_1/synth/design_1.vhd:57]
INFO: [Synth 8-256] done synthesizing module 'm00_couplers_imp_15SPJYW' (1#1) [/mnt/isaac_sbay0/lbo-ws/Projects/DVR-008-002/Base_Design_Project/Reference_design_project_2020.2/SoCora/SoCora.gen/sources_1/bd/design_1/synth/design_1.vhd:57]
INFO: [Synth 8-638] synthesizing module 'm01_couplers_imp_XU9C55' [/mnt/isaac_sbay0/lbo-ws/Projects/DVR-008-002/Base_Design_Project/Reference_design_project_2020.2/SoCora/SoCora.gen/sources_1/bd/design_1/synth/design_1.vhd:158]
INFO: [Synth 8-256] done synthesizing module 'm01_couplers_imp_XU9C55' (2#1) [/mnt/isaac_sbay0/lbo-ws/Projects/DVR-008-002/Base_Design_Project/Reference_design_project_2020.2/SoCora/SoCora.gen/sources_1/bd/design_1/synth/design_1.vhd:158]
INFO: [Synth 8-638] synthesizing module 's00_couplers_imp_UYSKKA' [/mnt/isaac_sbay0/lbo-ws/Projects/DVR-008-002/Base_Design_Project/Reference_design_project_2020.2/SoCora/SoCora.gen/sources_1/bd/design_1/synth/design_1.vhd:282]
INFO: [Synth 8-3491] module 'design_1_auto_pc_0' declared at '/mnt/isaac_sbay0/lbo-ws/Projects/DVR-008-002/Base_Design_Project/Reference_design_project_2020.2/SoCora/SoCora.runs/synth_1/.Xil/Vivado-8124-isaac/realtime/design_1_auto_pc_0_stub.vhdl:5' bound to instance 'auto_pc' of component 'design_1_auto_pc_0' [/mnt/isaac_sbay0/lbo-ws/Projects/DVR-008-002/Base_Design_Project/Reference_design_project_2020.2/SoCora/SoCora.gen/sources_1/bd/design_1/synth/design_1.vhd:465]
INFO: [Synth 8-638] synthesizing module 'design_1_auto_pc_0' [/mnt/isaac_sbay0/lbo-ws/Projects/DVR-008-002/Base_Design_Project/Reference_design_project_2020.2/SoCora/SoCora.runs/synth_1/.Xil/Vivado-8124-isaac/realtime/design_1_auto_pc_0_stub.vhdl:70]
INFO: [Synth 8-256] done synthesizing module 's00_couplers_imp_UYSKKA' (3#1) [/mnt/isaac_sbay0/lbo-ws/Projects/DVR-008-002/Base_Design_Project/Reference_design_project_2020.2/SoCora/SoCora.gen/sources_1/bd/design_1/synth/design_1.vhd:282]
INFO: [Synth 8-3491] module 'design_1_xbar_0' declared at '/mnt/isaac_sbay0/lbo-ws/Projects/DVR-008-002/Base_Design_Project/Reference_design_project_2020.2/SoCora/SoCora.runs/synth_1/.Xil/Vivado-8124-isaac/realtime/design_1_xbar_0_stub.vhdl:5' bound to instance 'xbar' of component 'design_1_xbar_0' [/mnt/isaac_sbay0/lbo-ws/Projects/DVR-008-002/Base_Design_Project/Reference_design_project_2020.2/SoCora/SoCora.gen/sources_1/bd/design_1/synth/design_1.vhd:1012]
INFO: [Synth 8-638] synthesizing module 'design_1_xbar_0' [/mnt/isaac_sbay0/lbo-ws/Projects/DVR-008-002/Base_Design_Project/Reference_design_project_2020.2/SoCora/SoCora.runs/synth_1/.Xil/Vivado-8124-isaac/realtime/design_1_xbar_0_stub.vhdl:51]
INFO: [Synth 8-256] done synthesizing module 'design_1_ps7_0_axi_periph_0' (4#1) [/mnt/isaac_sbay0/lbo-ws/Projects/DVR-008-002/Base_Design_Project/Reference_design_project_2020.2/SoCora/SoCora.gen/sources_1/bd/design_1/synth/design_1.vhd:617]
INFO: [Synth 8-3491] module 'design_1_rst_ps7_0_50M_0' declared at '/mnt/isaac_sbay0/lbo-ws/Projects/DVR-008-002/Base_Design_Project/Reference_design_project_2020.2/SoCora/SoCora.runs/synth_1/.Xil/Vivado-8124-isaac/realtime/design_1_rst_ps7_0_50M_0_stub.vhdl:5' bound to instance 'rst_ps7_0_50M' of component 'design_1_rst_ps7_0_50M_0' [/mnt/isaac_sbay0/lbo-ws/Projects/DVR-008-002/Base_Design_Project/Reference_design_project_2020.2/SoCora/SoCora.gen/sources_1/bd/design_1/synth/design_1.vhd:1572]
INFO: [Synth 8-638] synthesizing module 'design_1_rst_ps7_0_50M_0' [/mnt/isaac_sbay0/lbo-ws/Projects/DVR-008-002/Base_Design_Project/Reference_design_project_2020.2/SoCora/SoCora.runs/synth_1/.Xil/Vivado-8124-isaac/realtime/design_1_rst_ps7_0_50M_0_stub.vhdl:21]
INFO: [Synth 8-256] done synthesizing module 'design_1' (5#1) [/mnt/isaac_sbay0/lbo-ws/Projects/DVR-008-002/Base_Design_Project/Reference_design_project_2020.2/SoCora/SoCora.gen/sources_1/bd/design_1/synth/design_1.vhd:1109]
INFO: [Synth 8-256] done synthesizing module 'design_1_wrapper' (6#1) [/mnt/isaac_sbay0/lbo-ws/Projects/DVR-008-002/Base_Design_Project/Reference_design_project_2020.2/SoCora/SoCora.srcs/sources_1/imports/hdl/design_1_wrapper.vhd:42]
---------------------------------------------------------------------------------
Finished RTL Elaboration : Time (s): cpu = 00:00:02 ; elapsed = 00:00:02 . Memory (MB): peak = 2445.758 ; gain = 0.000 ; free physical = 13321 ; free virtual = 50294
---------------------------------------------------------------------------------
---------------------------------------------------------------------------------
Start Handling Custom Attributes
---------------------------------------------------------------------------------
---------------------------------------------------------------------------------
Finished Handling Custom Attributes : Time (s): cpu = 00:00:02 ; elapsed = 00:00:02 . Memory (MB): peak = 2445.758 ; gain = 0.000 ; free physical = 13281 ; free virtual = 50253
---------------------------------------------------------------------------------
---------------------------------------------------------------------------------
Finished RTL Optimization Phase 1 : Time (s): cpu = 00:00:02 ; elapsed = 00:00:02 . Memory (MB): peak = 2445.758 ; gain = 0.000 ; free physical = 13281 ; free virtual = 50253
---------------------------------------------------------------------------------
Netlist sorting complete. Time (s): cpu = 00:00:00.01 ; elapsed = 00:00:00.01 . Memory (MB): peak = 2445.758 ; gain = 0.000 ; free physical = 13273 ; free virtual = 50246
INFO: [Project 1-570] Preparing netlist for logic optimization

Processing XDC Constraints
Initializing timing engine
Parsing XDC File [/mnt/isaac_sbay0/lbo-ws/Projects/DVR-008-002/Base_Design_Project/Reference_design_project_2020.2/SoCora/SoCora.gen/sources_1/bd/design_1/ip/design_1_processing_system7_0_0/design_1_processing_system7_0_0/design_1_processing_system7_0_0_in_context.xdc] for cell 'design_1_i/processing_system7_0'
Finished Parsing XDC File [/mnt/isaac_sbay0/lbo-ws/Projects/DVR-008-002/Base_Design_Project/Reference_design_project_2020.2/SoCora/SoCora.gen/sources_1/bd/design_1/ip/design_1_processing_system7_0_0/design_1_processing_system7_0_0/design_1_processing_system7_0_0_in_context.xdc] for cell 'design_1_i/processing_system7_0'
Parsing XDC File [/mnt/isaac_sbay0/lbo-ws/Projects/DVR-008-002/Base_Design_Project/Reference_design_project_2020.2/SoCora/SoCora.gen/sources_1/bd/design_1/ip/design_1_axi_gpio_0_0/design_1_axi_gpio_0_0/design_1_axi_gpio_0_0_in_context.xdc] for cell 'design_1_i/axi_gpio_0'
Finished Parsing XDC File [/mnt/isaac_sbay0/lbo-ws/Projects/DVR-008-002/Base_Design_Project/Reference_design_project_2020.2/SoCora/SoCora.gen/sources_1/bd/design_1/ip/design_1_axi_gpio_0_0/design_1_axi_gpio_0_0/design_1_axi_gpio_0_0_in_context.xdc] for cell 'design_1_i/axi_gpio_0'
Parsing XDC File [/mnt/isaac_sbay0/lbo-ws/Projects/DVR-008-002/Base_Design_Project/Reference_design_project_2020.2/SoCora/SoCora.gen/sources_1/bd/design_1/ip/design_1_axi_gpio_1_0/design_1_axi_gpio_1_0/design_1_axi_gpio_0_0_in_context.xdc] for cell 'design_1_i/axi_gpio_1'
Finished Parsing XDC File [/mnt/isaac_sbay0/lbo-ws/Projects/DVR-008-002/Base_Design_Project/Reference_design_project_2020.2/SoCora/SoCora.gen/sources_1/bd/design_1/ip/design_1_axi_gpio_1_0/design_1_axi_gpio_1_0/design_1_axi_gpio_0_0_in_context.xdc] for cell 'design_1_i/axi_gpio_1'
Parsing XDC File [/mnt/isaac_sbay0/lbo-ws/Projects/DVR-008-002/Base_Design_Project/Reference_design_project_2020.2/SoCora/SoCora.gen/sources_1/bd/design_1/ip/design_1_rst_ps7_0_50M_0/design_1_rst_ps7_0_50M_0/design_1_rst_ps7_0_50M_0_in_context.xdc] for cell 'design_1_i/rst_ps7_0_50M'
Finished Parsing XDC File [/mnt/isaac_sbay0/lbo-ws/Projects/DVR-008-002/Base_Design_Project/Reference_design_project_2020.2/SoCora/SoCora.gen/sources_1/bd/design_1/ip/design_1_rst_ps7_0_50M_0/design_1_rst_ps7_0_50M_0/design_1_rst_ps7_0_50M_0_in_context.xdc] for cell 'design_1_i/rst_ps7_0_50M'
Parsing XDC File [/mnt/isaac_sbay0/lbo-ws/Projects/DVR-008-002/Base_Design_Project/Reference_design_project_2020.2/SoCora/SoCora.gen/sources_1/bd/design_1/ip/design_1_xbar_0/design_1_xbar_0/design_1_xbar_0_in_context.xdc] for cell 'design_1_i/ps7_0_axi_periph/xbar'
Finished Parsing XDC File [/mnt/isaac_sbay0/lbo-ws/Projects/DVR-008-002/Base_Design_Project/Reference_design_project_2020.2/SoCora/SoCora.gen/sources_1/bd/design_1/ip/design_1_xbar_0/design_1_xbar_0/design_1_xbar_0_in_context.xdc] for cell 'design_1_i/ps7_0_axi_periph/xbar'
Parsing XDC File [/mnt/isaac_sbay0/lbo-ws/Projects/DVR-008-002/Base_Design_Project/Reference_design_project_2020.2/SoCora/SoCora.gen/sources_1/bd/design_1/ip/design_1_auto_pc_0/design_1_auto_pc_0/design_1_auto_pc_0_in_context.xdc] for cell 'design_1_i/ps7_0_axi_periph/s00_couplers/auto_pc'
Finished Parsing XDC File [/mnt/isaac_sbay0/lbo-ws/Projects/DVR-008-002/Base_Design_Project/Reference_design_project_2020.2/SoCora/SoCora.gen/sources_1/bd/design_1/ip/design_1_auto_pc_0/design_1_auto_pc_0/design_1_auto_pc_0_in_context.xdc] for cell 'design_1_i/ps7_0_axi_periph/s00_couplers/auto_pc'
Parsing XDC File [/mnt/isaac_sbay0/lbo-ws/Projects/DVR-008-002/Base_Design_Project/Reference_design_project_2020.2/src/constraints/Cora-Z7-10-Master.xdc]
WARNING: [Vivado 12-584] No ports matched 'Vp_Vn_0_v_p'. [/mnt/isaac_sbay0/lbo-ws/Projects/DVR-008-002/Base_Design_Project/Reference_design_project_2020.2/src/constraints/Cora-Z7-10-Master.xdc:46]
WARNING: [Vivado 12-584] No ports matched 'Vp_Vn_0_v_n'. [/mnt/isaac_sbay0/lbo-ws/Projects/DVR-008-002/Base_Design_Project/Reference_design_project_2020.2/src/constraints/Cora-Z7-10-Master.xdc:47]
WARNING: [Vivado 12-584] No ports matched 'Vaux1_0_v_p'. [/mnt/isaac_sbay0/lbo-ws/Projects/DVR-008-002/Base_Design_Project/Reference_design_project_2020.2/src/constraints/Cora-Z7-10-Master.xdc:52]
WARNING: [Vivado 12-584] No ports matched 'Vaux1_0_v_n'. [/mnt/isaac_sbay0/lbo-ws/Projects/DVR-008-002/Base_Design_Project/Reference_design_project_2020.2/src/constraints/Cora-Z7-10-Master.xdc:53]
WARNING: [Vivado 12-584] No ports matched 'Vaux9_0_v_p'. [/mnt/isaac_sbay0/lbo-ws/Projects/DVR-008-002/Base_Design_Project/Reference_design_project_2020.2/src/constraints/Cora-Z7-10-Master.xdc:54]
WARNING: [Vivado 12-584] No ports matched 'Vaux9_0_v_n'. [/mnt/isaac_sbay0/lbo-ws/Projects/DVR-008-002/Base_Design_Project/Reference_design_project_2020.2/src/constraints/Cora-Z7-10-Master.xdc:55]
WARNING: [Vivado 12-584] No ports matched 'Vaux6_0_v_p'. [/mnt/isaac_sbay0/lbo-ws/Projects/DVR-008-002/Base_Design_Project/Reference_design_project_2020.2/src/constraints/Cora-Z7-10-Master.xdc:56]
WARNING: [Vivado 12-584] No ports matched 'Vaux6_0_v_n'. [/mnt/isaac_sbay0/lbo-ws/Projects/DVR-008-002/Base_Design_Project/Reference_design_project_2020.2/src/constraints/Cora-Z7-10-Master.xdc:57]
WARNING: [Vivado 12-584] No ports matched 'Vaux15_0_v_p'. [/mnt/isaac_sbay0/lbo-ws/Projects/DVR-008-002/Base_Design_Project/Reference_design_project_2020.2/src/constraints/Cora-Z7-10-Master.xdc:58]
WARNING: [Vivado 12-584] No ports matched 'Vaux15_0_v_n'. [/mnt/isaac_sbay0/lbo-ws/Projects/DVR-008-002/Base_Design_Project/Reference_design_project_2020.2/src/constraints/Cora-Z7-10-Master.xdc:59]
WARNING: [Vivado 12-584] No ports matched 'Vaux5_0_v_p'. [/mnt/isaac_sbay0/lbo-ws/Projects/DVR-008-002/Base_Design_Project/Reference_design_project_2020.2/src/constraints/Cora-Z7-10-Master.xdc:60]
WARNING: [Vivado 12-584] No ports matched 'Vaux5_0_v_n'. [/mnt/isaac_sbay0/lbo-ws/Projects/DVR-008-002/Base_Design_Project/Reference_design_project_2020.2/src/constraints/Cora-Z7-10-Master.xdc:61]
WARNING: [Vivado 12-584] No ports matched 'Vaux13_0_v_p'. [/mnt/isaac_sbay0/lbo-ws/Projects/DVR-008-002/Base_Design_Project/Reference_design_project_2020.2/src/constraints/Cora-Z7-10-Master.xdc:62]
WARNING: [Vivado 12-584] No ports matched 'Vaux13_0_v_n'. [/mnt/isaac_sbay0/lbo-ws/Projects/DVR-008-002/Base_Design_Project/Reference_design_project_2020.2/src/constraints/Cora-Z7-10-Master.xdc:63]
WARNING: [Vivado 12-584] No ports matched 'Vaux0_0_v_p'. [/mnt/isaac_sbay0/lbo-ws/Projects/DVR-008-002/Base_Design_Project/Reference_design_project_2020.2/src/constraints/Cora-Z7-10-Master.xdc:76]
WARNING: [Vivado 12-584] No ports matched 'Vaux0_0_v_n'. [/mnt/isaac_sbay0/lbo-ws/Projects/DVR-008-002/Base_Design_Project/Reference_design_project_2020.2/src/constraints/Cora-Z7-10-Master.xdc:77]
WARNING: [Vivado 12-584] No ports matched 'Vaux12_0_v_p'. [/mnt/isaac_sbay0/lbo-ws/Projects/DVR-008-002/Base_Design_Project/Reference_design_project_2020.2/src/constraints/Cora-Z7-10-Master.xdc:78]
WARNING: [Vivado 12-584] No ports matched 'Vaux12_0_v_n'. [/mnt/isaac_sbay0/lbo-ws/Projects/DVR-008-002/Base_Design_Project/Reference_design_project_2020.2/src/constraints/Cora-Z7-10-Master.xdc:79]
WARNING: [Vivado 12-584] No ports matched 'Vaux8_0_v_p'. [/mnt/isaac_sbay0/lbo-ws/Projects/DVR-008-002/Base_Design_Project/Reference_design_project_2020.2/src/constraints/Cora-Z7-10-Master.xdc:80]
WARNING: [Vivado 12-584] No ports matched 'Vaux8_0_v_n'. [/mnt/isaac_sbay0/lbo-ws/Projects/DVR-008-002/Base_Design_Project/Reference_design_project_2020.2/src/constraints/Cora-Z7-10-Master.xdc:81]
Finished Parsing XDC File [/mnt/isaac_sbay0/lbo-ws/Projects/DVR-008-002/Base_Design_Project/Reference_design_project_2020.2/src/constraints/Cora-Z7-10-Master.xdc]
WARNING: [Project 1-498] One or more constraints failed evaluation while reading constraint file [/mnt/isaac_sbay0/lbo-ws/Projects/DVR-008-002/Base_Design_Project/Reference_design_project_2020.2/src/constraints/Cora-Z7-10-Master.xdc] and the design contains unresolved black boxes. These constraints will be read post-synthesis (as long as their source constraint file is marked as used_in_implementation) and should be applied correctly then. You should review the constraints listed in the file [.Xil/design_1_wrapper_propImpl.xdc] and check the run log file to verify that these constraints were correctly applied.
INFO: [Project 1-236] Implementation specific constraints were found while reading constraint file [/mnt/isaac_sbay0/lbo-ws/Projects/DVR-008-002/Base_Design_Project/Reference_design_project_2020.2/src/constraints/Cora-Z7-10-Master.xdc]. These constraints will be ignored for synthesis but will be used in implementation. Impacted constraints are listed in the file [.Xil/design_1_wrapper_propImpl.xdc].
Resolution: To avoid this warning, move constraints listed in [.Xil/design_1_wrapper_propImpl.xdc] to another XDC file and exclude this new file from synthesis with the used_in_synthesis property (File Properties dialog in GUI) and re-run elaboration/synthesis.
Parsing XDC File [/mnt/isaac_sbay0/lbo-ws/Projects/DVR-008-002/Base_Design_Project/Reference_design_project_2020.2/SoCora/SoCora.runs/synth_1/dont_touch.xdc]
Finished Parsing XDC File [/mnt/isaac_sbay0/lbo-ws/Projects/DVR-008-002/Base_Design_Project/Reference_design_project_2020.2/SoCora/SoCora.runs/synth_1/dont_touch.xdc]
Completed Processing XDC Constraints

Netlist sorting complete. Time (s): cpu = 00:00:00 ; elapsed = 00:00:00 . Memory (MB): peak = 2509.543 ; gain = 0.000 ; free physical = 13681 ; free virtual = 50654
INFO: [Project 1-111] Unisim Transformation Summary:
No Unisim elements were transformed.

Constraint Validation Runtime : Time (s): cpu = 00:00:00 ; elapsed = 00:00:00 . Memory (MB): peak = 2509.543 ; gain = 0.000 ; free physical = 13680 ; free virtual = 50652
---------------------------------------------------------------------------------
Finished Constraint Validation : Time (s): cpu = 00:00:04 ; elapsed = 00:00:04 . Memory (MB): peak = 2509.543 ; gain = 63.785 ; free physical = 13506 ; free virtual = 50480
---------------------------------------------------------------------------------
---------------------------------------------------------------------------------
Start Loading Part and Timing Information
---------------------------------------------------------------------------------
Loading part: xc7z010clg400-1
---------------------------------------------------------------------------------
Finished Loading Part and Timing Information : Time (s): cpu = 00:00:04 ; elapsed = 00:00:04 . Memory (MB): peak = 2509.543 ; gain = 63.785 ; free physical = 13506 ; free virtual = 50480
---------------------------------------------------------------------------------
---------------------------------------------------------------------------------
Start Applying 'set_property' XDC Constraints
---------------------------------------------------------------------------------
Applied set_property IO_BUFFER_TYPE = NONE for DDR_addr[0]. (constraint file  /mnt/isaac_sbay0/lbo-ws/Projects/DVR-008-002/Base_Design_Project/Reference_design_project_2020.2/SoCora/SoCora.gen/sources_1/bd/design_1/ip/design_1_processing_system7_0_0/design_1_processing_system7_0_0/design_1_processing_system7_0_0_in_context.xdc, line 2).
Applied set_property CLOCK_BUFFER_TYPE = NONE for DDR_addr[0]. (constraint file  /mnt/isaac_sbay0/lbo-ws/Projects/DVR-008-002/Base_Design_Project/Reference_design_project_2020.2/SoCora/SoCora.gen/sources_1/bd/design_1/ip/design_1_processing_system7_0_0/design_1_processing_system7_0_0/design_1_processing_system7_0_0_in_context.xdc, line 3).
Applied set_property IO_BUFFER_TYPE = NONE for DDR_addr[10]. (constraint file  /mnt/isaac_sbay0/lbo-ws/Projects/DVR-008-002/Base_Design_Project/Reference_design_project_2020.2/SoCora/SoCora.gen/sources_1/bd/design_1/ip/design_1_processing_system7_0_0/design_1_processing_system7_0_0/design_1_processing_system7_0_0_in_context.xdc, line 4).
Applied set_property CLOCK_BUFFER_TYPE = NONE for DDR_addr[10]. (constraint file  /mnt/isaac_sbay0/lbo-ws/Projects/DVR-008-002/Base_Design_Project/Reference_design_project_2020.2/SoCora/SoCora.gen/sources_1/bd/design_1/ip/design_1_processing_system7_0_0/design_1_processing_system7_0_0/design_1_processing_system7_0_0_in_context.xdc, line 5).
Applied set_property IO_BUFFER_TYPE = NONE for DDR_addr[11]. (constraint file  /mnt/isaac_sbay0/lbo-ws/Projects/DVR-008-002/Base_Design_Project/Reference_design_project_2020.2/SoCora/SoCora.gen/sources_1/bd/design_1/ip/design_1_processing_system7_0_0/design_1_processing_system7_0_0/design_1_processing_system7_0_0_in_context.xdc, line 6).
Applied set_property CLOCK_BUFFER_TYPE = NONE for DDR_addr[11]. (constraint file  /mnt/isaac_sbay0/lbo-ws/Projects/DVR-008-002/Base_Design_Project/Reference_design_project_2020.2/SoCora/SoCora.gen/sources_1/bd/design_1/ip/design_1_processing_system7_0_0/design_1_processing_system7_0_0/design_1_processing_system7_0_0_in_context.xdc, line 7).
Applied set_property IO_BUFFER_TYPE = NONE for DDR_addr[12]. (constraint file  /mnt/isaac_sbay0/lbo-ws/Projects/DVR-008-002/Base_Design_Project/Reference_design_project_2020.2/SoCora/SoCora.gen/sources_1/bd/design_1/ip/design_1_processing_system7_0_0/design_1_processing_system7_0_0/design_1_processing_system7_0_0_in_context.xdc, line 8).
Applied set_property CLOCK_BUFFER_TYPE = NONE for DDR_addr[12]. (constraint file  /mnt/isaac_sbay0/lbo-ws/Projects/DVR-008-002/Base_Design_Project/Reference_design_project_2020.2/SoCora/SoCora.gen/sources_1/bd/design_1/ip/design_1_processing_system7_0_0/design_1_processing_system7_0_0/design_1_processing_system7_0_0_in_context.xdc, line 9).
Applied set_property IO_BUFFER_TYPE = NONE for DDR_addr[13]. (constraint file  /mnt/isaac_sbay0/lbo-ws/Projects/DVR-008-002/Base_Design_Project/Reference_design_project_2020.2/SoCora/SoCora.gen/sources_1/bd/design_1/ip/design_1_processing_system7_0_0/design_1_processing_system7_0_0/design_1_processing_system7_0_0_in_context.xdc, line 10).
Applied set_property CLOCK_BUFFER_TYPE = NONE for DDR_addr[13]. (constraint file  /mnt/isaac_sbay0/lbo-ws/Projects/DVR-008-002/Base_Design_Project/Reference_design_project_2020.2/SoCora/SoCora.gen/sources_1/bd/design_1/ip/design_1_processing_system7_0_0/design_1_processing_system7_0_0/design_1_processing_system7_0_0_in_context.xdc, line 11).
Applied set_property IO_BUFFER_TYPE = NONE for DDR_addr[14]. (constraint file  /mnt/isaac_sbay0/lbo-ws/Projects/DVR-008-002/Base_Design_Project/Reference_design_project_2020.2/SoCora/SoCora.gen/sources_1/bd/design_1/ip/design_1_processing_system7_0_0/design_1_processing_system7_0_0/design_1_processing_system7_0_0_in_context.xdc, line 12).
Applied set_property CLOCK_BUFFER_TYPE = NONE for DDR_addr[14]. (constraint file  /mnt/isaac_sbay0/lbo-ws/Projects/DVR-008-002/Base_Design_Project/Reference_design_project_2020.2/SoCora/SoCora.gen/sources_1/bd/design_1/ip/design_1_processing_system7_0_0/design_1_processing_system7_0_0/design_1_processing_system7_0_0_in_context.xdc, line 13).
Applied set_property IO_BUFFER_TYPE = NONE for DDR_addr[1]. (constraint file  /mnt/isaac_sbay0/lbo-ws/Projects/DVR-008-002/Base_Design_Project/Reference_design_project_2020.2/SoCora/SoCora.gen/sources_1/bd/design_1/ip/design_1_processing_system7_0_0/design_1_processing_system7_0_0/design_1_processing_system7_0_0_in_context.xdc, line 14).
Applied set_property CLOCK_BUFFER_TYPE = NONE for DDR_addr[1]. (constraint file  /mnt/isaac_sbay0/lbo-ws/Projects/DVR-008-002/Base_Design_Project/Reference_design_project_2020.2/SoCora/SoCora.gen/sources_1/bd/design_1/ip/design_1_processing_system7_0_0/design_1_processing_system7_0_0/design_1_processing_system7_0_0_in_context.xdc, line 15).
Applied set_property IO_BUFFER_TYPE = NONE for DDR_addr[2]. (constraint file  /mnt/isaac_sbay0/lbo-ws/Projects/DVR-008-002/Base_Design_Project/Reference_design_project_2020.2/SoCora/SoCora.gen/sources_1/bd/design_1/ip/design_1_processing_system7_0_0/design_1_processing_system7_0_0/design_1_processing_system7_0_0_in_context.xdc, line 16).
Applied set_property CLOCK_BUFFER_TYPE = NONE for DDR_addr[2]. (constraint file  /mnt/isaac_sbay0/lbo-ws/Projects/DVR-008-002/Base_Design_Project/Reference_design_project_2020.2/SoCora/SoCora.gen/sources_1/bd/design_1/ip/design_1_processing_system7_0_0/design_1_processing_system7_0_0/design_1_processing_system7_0_0_in_context.xdc, line 17).
Applied set_property IO_BUFFER_TYPE = NONE for DDR_addr[3]. (constraint file  /mnt/isaac_sbay0/lbo-ws/Projects/DVR-008-002/Base_Design_Project/Reference_design_project_2020.2/SoCora/SoCora.gen/sources_1/bd/design_1/ip/design_1_processing_system7_0_0/design_1_processing_system7_0_0/design_1_processing_system7_0_0_in_context.xdc, line 18).
Applied set_property CLOCK_BUFFER_TYPE = NONE for DDR_addr[3]. (constraint file  /mnt/isaac_sbay0/lbo-ws/Projects/DVR-008-002/Base_Design_Project/Reference_design_project_2020.2/SoCora/SoCora.gen/sources_1/bd/design_1/ip/design_1_processing_system7_0_0/design_1_processing_system7_0_0/design_1_processing_system7_0_0_in_context.xdc, line 19).
Applied set_property IO_BUFFER_TYPE = NONE for DDR_addr[4]. (constraint file  /mnt/isaac_sbay0/lbo-ws/Projects/DVR-008-002/Base_Design_Project/Reference_design_project_2020.2/SoCora/SoCora.gen/sources_1/bd/design_1/ip/design_1_processing_system7_0_0/design_1_processing_system7_0_0/design_1_processing_system7_0_0_in_context.xdc, line 20).
Applied set_property CLOCK_BUFFER_TYPE = NONE for DDR_addr[4]. (constraint file  /mnt/isaac_sbay0/lbo-ws/Projects/DVR-008-002/Base_Design_Project/Reference_design_project_2020.2/SoCora/SoCora.gen/sources_1/bd/design_1/ip/design_1_processing_system7_0_0/design_1_processing_system7_0_0/design_1_processing_system7_0_0_in_context.xdc, line 21).
Applied set_property IO_BUFFER_TYPE = NONE for DDR_addr[5]. (constraint file  /mnt/isaac_sbay0/lbo-ws/Projects/DVR-008-002/Base_Design_Project/Reference_design_project_2020.2/SoCora/SoCora.gen/sources_1/bd/design_1/ip/design_1_processing_system7_0_0/design_1_processing_system7_0_0/design_1_processing_system7_0_0_in_context.xdc, line 22).
Applied set_property CLOCK_BUFFER_TYPE = NONE for DDR_addr[5]. (constraint file  /mnt/isaac_sbay0/lbo-ws/Projects/DVR-008-002/Base_Design_Project/Reference_design_project_2020.2/SoCora/SoCora.gen/sources_1/bd/design_1/ip/design_1_processing_system7_0_0/design_1_processing_system7_0_0/design_1_processing_system7_0_0_in_context.xdc, line 23).
Applied set_property IO_BUFFER_TYPE = NONE for DDR_addr[6]. (constraint file  /mnt/isaac_sbay0/lbo-ws/Projects/DVR-008-002/Base_Design_Project/Reference_design_project_2020.2/SoCora/SoCora.gen/sources_1/bd/design_1/ip/design_1_processing_system7_0_0/design_1_processing_system7_0_0/design_1_processing_system7_0_0_in_context.xdc, line 24).
Applied set_property CLOCK_BUFFER_TYPE = NONE for DDR_addr[6]. (constraint file  /mnt/isaac_sbay0/lbo-ws/Projects/DVR-008-002/Base_Design_Project/Reference_design_project_2020.2/SoCora/SoCora.gen/sources_1/bd/design_1/ip/design_1_processing_system7_0_0/design_1_processing_system7_0_0/design_1_processing_system7_0_0_in_context.xdc, line 25).
Applied set_property IO_BUFFER_TYPE = NONE for DDR_addr[7]. (constraint file  /mnt/isaac_sbay0/lbo-ws/Projects/DVR-008-002/Base_Design_Project/Reference_design_project_2020.2/SoCora/SoCora.gen/sources_1/bd/design_1/ip/design_1_processing_system7_0_0/design_1_processing_system7_0_0/design_1_processing_system7_0_0_in_context.xdc, line 26).
Applied set_property CLOCK_BUFFER_TYPE = NONE for DDR_addr[7]. (constraint file  /mnt/isaac_sbay0/lbo-ws/Projects/DVR-008-002/Base_Design_Project/Reference_design_project_2020.2/SoCora/SoCora.gen/sources_1/bd/design_1/ip/design_1_processing_system7_0_0/design_1_processing_system7_0_0/design_1_processing_system7_0_0_in_context.xdc, line 27).
Applied set_property IO_BUFFER_TYPE = NONE for DDR_addr[8]. (constraint file  /mnt/isaac_sbay0/lbo-ws/Projects/DVR-008-002/Base_Design_Project/Reference_design_project_2020.2/SoCora/SoCora.gen/sources_1/bd/design_1/ip/design_1_processing_system7_0_0/design_1_processing_system7_0_0/design_1_processing_system7_0_0_in_context.xdc, line 28).
Applied set_property CLOCK_BUFFER_TYPE = NONE for DDR_addr[8]. (constraint file  /mnt/isaac_sbay0/lbo-ws/Projects/DVR-008-002/Base_Design_Project/Reference_design_project_2020.2/SoCora/SoCora.gen/sources_1/bd/design_1/ip/design_1_processing_system7_0_0/design_1_processing_system7_0_0/design_1_processing_system7_0_0_in_context.xdc, line 29).
Applied set_property IO_BUFFER_TYPE = NONE for DDR_addr[9]. (constraint file  /mnt/isaac_sbay0/lbo-ws/Projects/DVR-008-002/Base_Design_Project/Reference_design_project_2020.2/SoCora/SoCora.gen/sources_1/bd/design_1/ip/design_1_processing_system7_0_0/design_1_processing_system7_0_0/design_1_processing_system7_0_0_in_context.xdc, line 30).
Applied set_property CLOCK_BUFFER_TYPE = NONE for DDR_addr[9]. (constraint file  /mnt/isaac_sbay0/lbo-ws/Projects/DVR-008-002/Base_Design_Project/Reference_design_project_2020.2/SoCora/SoCora.gen/sources_1/bd/design_1/ip/design_1_processing_system7_0_0/design_1_processing_system7_0_0/design_1_processing_system7_0_0_in_context.xdc, line 31).
Applied set_property IO_BUFFER_TYPE = NONE for DDR_ba[0]. (constraint file  /mnt/isaac_sbay0/lbo-ws/Projects/DVR-008-002/Base_Design_Project/Reference_design_project_2020.2/SoCora/SoCora.gen/sources_1/bd/design_1/ip/design_1_processing_system7_0_0/design_1_processing_system7_0_0/design_1_processing_system7_0_0_in_context.xdc, line 32).
Applied set_property CLOCK_BUFFER_TYPE = NONE for DDR_ba[0]. (constraint file  /mnt/isaac_sbay0/lbo-ws/Projects/DVR-008-002/Base_Design_Project/Reference_design_project_2020.2/SoCora/SoCora.gen/sources_1/bd/design_1/ip/design_1_processing_system7_0_0/design_1_processing_system7_0_0/design_1_processing_system7_0_0_in_context.xdc, line 33).
Applied set_property IO_BUFFER_TYPE = NONE for DDR_ba[1]. (constraint file  /mnt/isaac_sbay0/lbo-ws/Projects/DVR-008-002/Base_Design_Project/Reference_design_project_2020.2/SoCora/SoCora.gen/sources_1/bd/design_1/ip/design_1_processing_system7_0_0/design_1_processing_system7_0_0/design_1_processing_system7_0_0_in_context.xdc, line 34).
Applied set_property CLOCK_BUFFER_TYPE = NONE for DDR_ba[1]. (constraint file  /mnt/isaac_sbay0/lbo-ws/Projects/DVR-008-002/Base_Design_Project/Reference_design_project_2020.2/SoCora/SoCora.gen/sources_1/bd/design_1/ip/design_1_processing_system7_0_0/design_1_processing_system7_0_0/design_1_processing_system7_0_0_in_context.xdc, line 35).
Applied set_property IO_BUFFER_TYPE = NONE for DDR_ba[2]. (constraint file  /mnt/isaac_sbay0/lbo-ws/Projects/DVR-008-002/Base_Design_Project/Reference_design_project_2020.2/SoCora/SoCora.gen/sources_1/bd/design_1/ip/design_1_processing_system7_0_0/design_1_processing_system7_0_0/design_1_processing_system7_0_0_in_context.xdc, line 36).
Applied set_property CLOCK_BUFFER_TYPE = NONE for DDR_ba[2]. (constraint file  /mnt/isaac_sbay0/lbo-ws/Projects/DVR-008-002/Base_Design_Project/Reference_design_project_2020.2/SoCora/SoCora.gen/sources_1/bd/design_1/ip/design_1_processing_system7_0_0/design_1_processing_system7_0_0/design_1_processing_system7_0_0_in_context.xdc, line 37).
Applied set_property IO_BUFFER_TYPE = NONE for DDR_cas_n. (constraint file  /mnt/isaac_sbay0/lbo-ws/Projects/DVR-008-002/Base_Design_Project/Reference_design_project_2020.2/SoCora/SoCora.gen/sources_1/bd/design_1/ip/design_1_processing_system7_0_0/design_1_processing_system7_0_0/design_1_processing_system7_0_0_in_context.xdc, line 38).
Applied set_property CLOCK_BUFFER_TYPE = NONE for DDR_cas_n. (constraint file  /mnt/isaac_sbay0/lbo-ws/Projects/DVR-008-002/Base_Design_Project/Reference_design_project_2020.2/SoCora/SoCora.gen/sources_1/bd/design_1/ip/design_1_processing_system7_0_0/design_1_processing_system7_0_0/design_1_processing_system7_0_0_in_context.xdc, line 39).
Applied set_property IO_BUFFER_TYPE = NONE for DDR_cke. (constraint file  /mnt/isaac_sbay0/lbo-ws/Projects/DVR-008-002/Base_Design_Project/Reference_design_project_2020.2/SoCora/SoCora.gen/sources_1/bd/design_1/ip/design_1_processing_system7_0_0/design_1_processing_system7_0_0/design_1_processing_system7_0_0_in_context.xdc, line 40).
Applied set_property CLOCK_BUFFER_TYPE = NONE for DDR_cke. (constraint file  /mnt/isaac_sbay0/lbo-ws/Projects/DVR-008-002/Base_Design_Project/Reference_design_project_2020.2/SoCora/SoCora.gen/sources_1/bd/design_1/ip/design_1_processing_system7_0_0/design_1_processing_system7_0_0/design_1_processing_system7_0_0_in_context.xdc, line 41).
Applied set_property IO_BUFFER_TYPE = NONE for DDR_cs_n. (constraint file  /mnt/isaac_sbay0/lbo-ws/Projects/DVR-008-002/Base_Design_Project/Reference_design_project_2020.2/SoCora/SoCora.gen/sources_1/bd/design_1/ip/design_1_processing_system7_0_0/design_1_processing_system7_0_0/design_1_processing_system7_0_0_in_context.xdc, line 42).
Applied set_property CLOCK_BUFFER_TYPE = NONE for DDR_cs_n. (constraint file  /mnt/isaac_sbay0/lbo-ws/Projects/DVR-008-002/Base_Design_Project/Reference_design_project_2020.2/SoCora/SoCora.gen/sources_1/bd/design_1/ip/design_1_processing_system7_0_0/design_1_processing_system7_0_0/design_1_processing_system7_0_0_in_context.xdc, line 43).
Applied set_property IO_BUFFER_TYPE = NONE for DDR_ck_p. (constraint file  /mnt/isaac_sbay0/lbo-ws/Projects/DVR-008-002/Base_Design_Project/Reference_design_project_2020.2/SoCora/SoCora.gen/sources_1/bd/design_1/ip/design_1_processing_system7_0_0/design_1_processing_system7_0_0/design_1_processing_system7_0_0_in_context.xdc, line 44).
Applied set_property CLOCK_BUFFER_TYPE = NONE for DDR_ck_p. (constraint file  /mnt/isaac_sbay0/lbo-ws/Projects/DVR-008-002/Base_Design_Project/Reference_design_project_2020.2/SoCora/SoCora.gen/sources_1/bd/design_1/ip/design_1_processing_system7_0_0/design_1_processing_system7_0_0/design_1_processing_system7_0_0_in_context.xdc, line 45).
Applied set_property IO_BUFFER_TYPE = NONE for DDR_ck_n. (constraint file  /mnt/isaac_sbay0/lbo-ws/Projects/DVR-008-002/Base_Design_Project/Reference_design_project_2020.2/SoCora/SoCora.gen/sources_1/bd/design_1/ip/design_1_processing_system7_0_0/design_1_processing_system7_0_0/design_1_processing_system7_0_0_in_context.xdc, line 46).
Applied set_property CLOCK_BUFFER_TYPE = NONE for DDR_ck_n. (constraint file  /mnt/isaac_sbay0/lbo-ws/Projects/DVR-008-002/Base_Design_Project/Reference_design_project_2020.2/SoCora/SoCora.gen/sources_1/bd/design_1/ip/design_1_processing_system7_0_0/design_1_processing_system7_0_0/design_1_processing_system7_0_0_in_context.xdc, line 47).
Applied set_property IO_BUFFER_TYPE = NONE for DDR_dm[0]. (constraint file  /mnt/isaac_sbay0/lbo-ws/Projects/DVR-008-002/Base_Design_Project/Reference_design_project_2020.2/SoCora/SoCora.gen/sources_1/bd/design_1/ip/design_1_processing_system7_0_0/design_1_processing_system7_0_0/design_1_processing_system7_0_0_in_context.xdc, line 48).
Applied set_property CLOCK_BUFFER_TYPE = NONE for DDR_dm[0]. (constraint file  /mnt/isaac_sbay0/lbo-ws/Projects/DVR-008-002/Base_Design_Project/Reference_design_project_2020.2/SoCora/SoCora.gen/sources_1/bd/design_1/ip/design_1_processing_system7_0_0/design_1_processing_system7_0_0/design_1_processing_system7_0_0_in_context.xdc, line 49).
Applied set_property IO_BUFFER_TYPE = NONE for DDR_dm[1]. (constraint file  /mnt/isaac_sbay0/lbo-ws/Projects/DVR-008-002/Base_Design_Project/Reference_design_project_2020.2/SoCora/SoCora.gen/sources_1/bd/design_1/ip/design_1_processing_system7_0_0/design_1_processing_system7_0_0/design_1_processing_system7_0_0_in_context.xdc, line 50).
Applied set_property CLOCK_BUFFER_TYPE = NONE for DDR_dm[1]. (constraint file  /mnt/isaac_sbay0/lbo-ws/Projects/DVR-008-002/Base_Design_Project/Reference_design_project_2020.2/SoCora/SoCora.gen/sources_1/bd/design_1/ip/design_1_processing_system7_0_0/design_1_processing_system7_0_0/design_1_processing_system7_0_0_in_context.xdc, line 51).
Applied set_property IO_BUFFER_TYPE = NONE for DDR_dm[2]. (constraint file  /mnt/isaac_sbay0/lbo-ws/Projects/DVR-008-002/Base_Design_Project/Reference_design_project_2020.2/SoCora/SoCora.gen/sources_1/bd/design_1/ip/design_1_processing_system7_0_0/design_1_processing_system7_0_0/design_1_processing_system7_0_0_in_context.xdc, line 52).
Applied set_property CLOCK_BUFFER_TYPE = NONE for DDR_dm[2]. (constraint file  /mnt/isaac_sbay0/lbo-ws/Projects/DVR-008-002/Base_Design_Project/Reference_design_project_2020.2/SoCora/SoCora.gen/sources_1/bd/design_1/ip/design_1_processing_system7_0_0/design_1_processing_system7_0_0/design_1_processing_system7_0_0_in_context.xdc, line 53).
Applied set_property IO_BUFFER_TYPE = NONE for DDR_dm[3]. (constraint file  /mnt/isaac_sbay0/lbo-ws/Projects/DVR-008-002/Base_Design_Project/Reference_design_project_2020.2/SoCora/SoCora.gen/sources_1/bd/design_1/ip/design_1_processing_system7_0_0/design_1_processing_system7_0_0/design_1_processing_system7_0_0_in_context.xdc, line 54).
Applied set_property CLOCK_BUFFER_TYPE = NONE for DDR_dm[3]. (constraint file  /mnt/isaac_sbay0/lbo-ws/Projects/DVR-008-002/Base_Design_Project/Reference_design_project_2020.2/SoCora/SoCora.gen/sources_1/bd/design_1/ip/design_1_processing_system7_0_0/design_1_processing_system7_0_0/design_1_processing_system7_0_0_in_context.xdc, line 55).
Applied set_property IO_BUFFER_TYPE = NONE for DDR_dqs_p[0]. (constraint file  /mnt/isaac_sbay0/lbo-ws/Projects/DVR-008-002/Base_Design_Project/Reference_design_project_2020.2/SoCora/SoCora.gen/sources_1/bd/design_1/ip/design_1_processing_system7_0_0/design_1_processing_system7_0_0/design_1_processing_system7_0_0_in_context.xdc, line 56).
Applied set_property CLOCK_BUFFER_TYPE = NONE for DDR_dqs_p[0]. (constraint file  /mnt/isaac_sbay0/lbo-ws/Projects/DVR-008-002/Base_Design_Project/Reference_design_project_2020.2/SoCora/SoCora.gen/sources_1/bd/design_1/ip/design_1_processing_system7_0_0/design_1_processing_system7_0_0/design_1_processing_system7_0_0_in_context.xdc, line 57).
Applied set_property IO_BUFFER_TYPE = NONE for DDR_dqs_p[1]. (constraint file  /mnt/isaac_sbay0/lbo-ws/Projects/DVR-008-002/Base_Design_Project/Reference_design_project_2020.2/SoCora/SoCora.gen/sources_1/bd/design_1/ip/design_1_processing_system7_0_0/design_1_processing_system7_0_0/design_1_processing_system7_0_0_in_context.xdc, line 58).
Applied set_property CLOCK_BUFFER_TYPE = NONE for DDR_dqs_p[1]. (constraint file  /mnt/isaac_sbay0/lbo-ws/Projects/DVR-008-002/Base_Design_Project/Reference_design_project_2020.2/SoCora/SoCora.gen/sources_1/bd/design_1/ip/design_1_processing_system7_0_0/design_1_processing_system7_0_0/design_1_processing_system7_0_0_in_context.xdc, line 59).
Applied set_property IO_BUFFER_TYPE = NONE for DDR_dqs_p[2]. (constraint file  /mnt/isaac_sbay0/lbo-ws/Projects/DVR-008-002/Base_Design_Project/Reference_design_project_2020.2/SoCora/SoCora.gen/sources_1/bd/design_1/ip/design_1_processing_system7_0_0/design_1_processing_system7_0_0/design_1_processing_system7_0_0_in_context.xdc, line 60).
Applied set_property CLOCK_BUFFER_TYPE = NONE for DDR_dqs_p[2]. (constraint file  /mnt/isaac_sbay0/lbo-ws/Projects/DVR-008-002/Base_Design_Project/Reference_design_project_2020.2/SoCora/SoCora.gen/sources_1/bd/design_1/ip/design_1_processing_system7_0_0/design_1_processing_system7_0_0/design_1_processing_system7_0_0_in_context.xdc, line 61).
Applied set_property IO_BUFFER_TYPE = NONE for DDR_dqs_p[3]. (constraint file  /mnt/isaac_sbay0/lbo-ws/Projects/DVR-008-002/Base_Design_Project/Reference_design_project_2020.2/SoCora/SoCora.gen/sources_1/bd/design_1/ip/design_1_processing_system7_0_0/design_1_processing_system7_0_0/design_1_processing_system7_0_0_in_context.xdc, line 62).
Applied set_property CLOCK_BUFFER_TYPE = NONE for DDR_dqs_p[3]. (constraint file  /mnt/isaac_sbay0/lbo-ws/Projects/DVR-008-002/Base_Design_Project/Reference_design_project_2020.2/SoCora/SoCora.gen/sources_1/bd/design_1/ip/design_1_processing_system7_0_0/design_1_processing_system7_0_0/design_1_processing_system7_0_0_in_context.xdc, line 63).
Applied set_property IO_BUFFER_TYPE = NONE for DDR_dqs_n[0]. (constraint file  /mnt/isaac_sbay0/lbo-ws/Projects/DVR-008-002/Base_Design_Project/Reference_design_project_2020.2/SoCora/SoCora.gen/sources_1/bd/design_1/ip/design_1_processing_system7_0_0/design_1_processing_system7_0_0/design_1_processing_system7_0_0_in_context.xdc, line 64).
Applied set_property CLOCK_BUFFER_TYPE = NONE for DDR_dqs_n[0]. (constraint file  /mnt/isaac_sbay0/lbo-ws/Projects/DVR-008-002/Base_Design_Project/Reference_design_project_2020.2/SoCora/SoCora.gen/sources_1/bd/design_1/ip/design_1_processing_system7_0_0/design_1_processing_system7_0_0/design_1_processing_system7_0_0_in_context.xdc, line 65).
Applied set_property IO_BUFFER_TYPE = NONE for DDR_dqs_n[1]. (constraint file  /mnt/isaac_sbay0/lbo-ws/Projects/DVR-008-002/Base_Design_Project/Reference_design_project_2020.2/SoCora/SoCora.gen/sources_1/bd/design_1/ip/design_1_processing_system7_0_0/design_1_processing_system7_0_0/design_1_processing_system7_0_0_in_context.xdc, line 66).
Applied set_property CLOCK_BUFFER_TYPE = NONE for DDR_dqs_n[1]. (constraint file  /mnt/isaac_sbay0/lbo-ws/Projects/DVR-008-002/Base_Design_Project/Reference_design_project_2020.2/SoCora/SoCora.gen/sources_1/bd/design_1/ip/design_1_processing_system7_0_0/design_1_processing_system7_0_0/design_1_processing_system7_0_0_in_context.xdc, line 67).
Applied set_property IO_BUFFER_TYPE = NONE for DDR_dqs_n[2]. (constraint file  /mnt/isaac_sbay0/lbo-ws/Projects/DVR-008-002/Base_Design_Project/Reference_design_project_2020.2/SoCora/SoCora.gen/sources_1/bd/design_1/ip/design_1_processing_system7_0_0/design_1_processing_system7_0_0/design_1_processing_system7_0_0_in_context.xdc, line 68).
Applied set_property CLOCK_BUFFER_TYPE = NONE for DDR_dqs_n[2]. (constraint file  /mnt/isaac_sbay0/lbo-ws/Projects/DVR-008-002/Base_Design_Project/Reference_design_project_2020.2/SoCora/SoCora.gen/sources_1/bd/design_1/ip/design_1_processing_system7_0_0/design_1_processing_system7_0_0/design_1_processing_system7_0_0_in_context.xdc, line 69).
Applied set_property IO_BUFFER_TYPE = NONE for DDR_dqs_n[3]. (constraint file  /mnt/isaac_sbay0/lbo-ws/Projects/DVR-008-002/Base_Design_Project/Reference_design_project_2020.2/SoCora/SoCora.gen/sources_1/bd/design_1/ip/design_1_processing_system7_0_0/design_1_processing_system7_0_0/design_1_processing_system7_0_0_in_context.xdc, line 70).
Applied set_property CLOCK_BUFFER_TYPE = NONE for DDR_dqs_n[3]. (constraint file  /mnt/isaac_sbay0/lbo-ws/Projects/DVR-008-002/Base_Design_Project/Reference_design_project_2020.2/SoCora/SoCora.gen/sources_1/bd/design_1/ip/design_1_processing_system7_0_0/design_1_processing_system7_0_0/design_1_processing_system7_0_0_in_context.xdc, line 71).
Applied set_property IO_BUFFER_TYPE = NONE for DDR_dq[0]. (constraint file  /mnt/isaac_sbay0/lbo-ws/Projects/DVR-008-002/Base_Design_Project/Reference_design_project_2020.2/SoCora/SoCora.gen/sources_1/bd/design_1/ip/design_1_processing_system7_0_0/design_1_processing_system7_0_0/design_1_processing_system7_0_0_in_context.xdc, line 72).
Applied set_property CLOCK_BUFFER_TYPE = NONE for DDR_dq[0]. (constraint file  /mnt/isaac_sbay0/lbo-ws/Projects/DVR-008-002/Base_Design_Project/Reference_design_project_2020.2/SoCora/SoCora.gen/sources_1/bd/design_1/ip/design_1_processing_system7_0_0/design_1_processing_system7_0_0/design_1_processing_system7_0_0_in_context.xdc, line 73).
Applied set_property IO_BUFFER_TYPE = NONE for DDR_dq[10]. (constraint file  /mnt/isaac_sbay0/lbo-ws/Projects/DVR-008-002/Base_Design_Project/Reference_design_project_2020.2/SoCora/SoCora.gen/sources_1/bd/design_1/ip/design_1_processing_system7_0_0/design_1_processing_system7_0_0/design_1_processing_system7_0_0_in_context.xdc, line 74).
Applied set_property CLOCK_BUFFER_TYPE = NONE for DDR_dq[10]. (constraint file  /mnt/isaac_sbay0/lbo-ws/Projects/DVR-008-002/Base_Design_Project/Reference_design_project_2020.2/SoCora/SoCora.gen/sources_1/bd/design_1/ip/design_1_processing_system7_0_0/design_1_processing_system7_0_0/design_1_processing_system7_0_0_in_context.xdc, line 75).
Applied set_property IO_BUFFER_TYPE = NONE for DDR_dq[11]. (constraint file  /mnt/isaac_sbay0/lbo-ws/Projects/DVR-008-002/Base_Design_Project/Reference_design_project_2020.2/SoCora/SoCora.gen/sources_1/bd/design_1/ip/design_1_processing_system7_0_0/design_1_processing_system7_0_0/design_1_processing_system7_0_0_in_context.xdc, line 76).
Applied set_property CLOCK_BUFFER_TYPE = NONE for DDR_dq[11]. (constraint file  /mnt/isaac_sbay0/lbo-ws/Projects/DVR-008-002/Base_Design_Project/Reference_design_project_2020.2/SoCora/SoCora.gen/sources_1/bd/design_1/ip/design_1_processing_system7_0_0/design_1_processing_system7_0_0/design_1_processing_system7_0_0_in_context.xdc, line 77).
Applied set_property IO_BUFFER_TYPE = NONE for DDR_dq[12]. (constraint file  /mnt/isaac_sbay0/lbo-ws/Projects/DVR-008-002/Base_Design_Project/Reference_design_project_2020.2/SoCora/SoCora.gen/sources_1/bd/design_1/ip/design_1_processing_system7_0_0/design_1_processing_system7_0_0/design_1_processing_system7_0_0_in_context.xdc, line 78).
Applied set_property CLOCK_BUFFER_TYPE = NONE for DDR_dq[12]. (constraint file  /mnt/isaac_sbay0/lbo-ws/Projects/DVR-008-002/Base_Design_Project/Reference_design_project_2020.2/SoCora/SoCora.gen/sources_1/bd/design_1/ip/design_1_processing_system7_0_0/design_1_processing_system7_0_0/design_1_processing_system7_0_0_in_context.xdc, line 79).
Applied set_property IO_BUFFER_TYPE = NONE for DDR_dq[13]. (constraint file  /mnt/isaac_sbay0/lbo-ws/Projects/DVR-008-002/Base_Design_Project/Reference_design_project_2020.2/SoCora/SoCora.gen/sources_1/bd/design_1/ip/design_1_processing_system7_0_0/design_1_processing_system7_0_0/design_1_processing_system7_0_0_in_context.xdc, line 80).
Applied set_property CLOCK_BUFFER_TYPE = NONE for DDR_dq[13]. (constraint file  /mnt/isaac_sbay0/lbo-ws/Projects/DVR-008-002/Base_Design_Project/Reference_design_project_2020.2/SoCora/SoCora.gen/sources_1/bd/design_1/ip/design_1_processing_system7_0_0/design_1_processing_system7_0_0/design_1_processing_system7_0_0_in_context.xdc, line 81).
Applied set_property IO_BUFFER_TYPE = NONE for DDR_dq[14]. (constraint file  /mnt/isaac_sbay0/lbo-ws/Projects/DVR-008-002/Base_Design_Project/Reference_design_project_2020.2/SoCora/SoCora.gen/sources_1/bd/design_1/ip/design_1_processing_system7_0_0/design_1_processing_system7_0_0/design_1_processing_system7_0_0_in_context.xdc, line 82).
Applied set_property CLOCK_BUFFER_TYPE = NONE for DDR_dq[14]. (constraint file  /mnt/isaac_sbay0/lbo-ws/Projects/DVR-008-002/Base_Design_Project/Reference_design_project_2020.2/SoCora/SoCora.gen/sources_1/bd/design_1/ip/design_1_processing_system7_0_0/design_1_processing_system7_0_0/design_1_processing_system7_0_0_in_context.xdc, line 83).
Applied set_property IO_BUFFER_TYPE = NONE for DDR_dq[15]. (constraint file  /mnt/isaac_sbay0/lbo-ws/Projects/DVR-008-002/Base_Design_Project/Reference_design_project_2020.2/SoCora/SoCora.gen/sources_1/bd/design_1/ip/design_1_processing_system7_0_0/design_1_processing_system7_0_0/design_1_processing_system7_0_0_in_context.xdc, line 84).
Applied set_property CLOCK_BUFFER_TYPE = NONE for DDR_dq[15]. (constraint file  /mnt/isaac_sbay0/lbo-ws/Projects/DVR-008-002/Base_Design_Project/Reference_design_project_2020.2/SoCora/SoCora.gen/sources_1/bd/design_1/ip/design_1_processing_system7_0_0/design_1_processing_system7_0_0/design_1_processing_system7_0_0_in_context.xdc, line 85).
Applied set_property IO_BUFFER_TYPE = NONE for DDR_dq[16]. (constraint file  /mnt/isaac_sbay0/lbo-ws/Projects/DVR-008-002/Base_Design_Project/Reference_design_project_2020.2/SoCora/SoCora.gen/sources_1/bd/design_1/ip/design_1_processing_system7_0_0/design_1_processing_system7_0_0/design_1_processing_system7_0_0_in_context.xdc, line 86).
Applied set_property CLOCK_BUFFER_TYPE = NONE for DDR_dq[16]. (constraint file  /mnt/isaac_sbay0/lbo-ws/Projects/DVR-008-002/Base_Design_Project/Reference_design_project_2020.2/SoCora/SoCora.gen/sources_1/bd/design_1/ip/design_1_processing_system7_0_0/design_1_processing_system7_0_0/design_1_processing_system7_0_0_in_context.xdc, line 87).
Applied set_property IO_BUFFER_TYPE = NONE for DDR_dq[17]. (constraint file  /mnt/isaac_sbay0/lbo-ws/Projects/DVR-008-002/Base_Design_Project/Reference_design_project_2020.2/SoCora/SoCora.gen/sources_1/bd/design_1/ip/design_1_processing_system7_0_0/design_1_processing_system7_0_0/design_1_processing_system7_0_0_in_context.xdc, line 88).
Applied set_property CLOCK_BUFFER_TYPE = NONE for DDR_dq[17]. (constraint file  /mnt/isaac_sbay0/lbo-ws/Projects/DVR-008-002/Base_Design_Project/Reference_design_project_2020.2/SoCora/SoCora.gen/sources_1/bd/design_1/ip/design_1_processing_system7_0_0/design_1_processing_system7_0_0/design_1_processing_system7_0_0_in_context.xdc, line 89).
Applied set_property IO_BUFFER_TYPE = NONE for DDR_dq[18]. (constraint file  /mnt/isaac_sbay0/lbo-ws/Projects/DVR-008-002/Base_Design_Project/Reference_design_project_2020.2/SoCora/SoCora.gen/sources_1/bd/design_1/ip/design_1_processing_system7_0_0/design_1_processing_system7_0_0/design_1_processing_system7_0_0_in_context.xdc, line 90).
Applied set_property CLOCK_BUFFER_TYPE = NONE for DDR_dq[18]. (constraint file  /mnt/isaac_sbay0/lbo-ws/Projects/DVR-008-002/Base_Design_Project/Reference_design_project_2020.2/SoCora/SoCora.gen/sources_1/bd/design_1/ip/design_1_processing_system7_0_0/design_1_processing_system7_0_0/design_1_processing_system7_0_0_in_context.xdc, line 91).
Applied set_property IO_BUFFER_TYPE = NONE for DDR_dq[19]. (constraint file  /mnt/isaac_sbay0/lbo-ws/Projects/DVR-008-002/Base_Design_Project/Reference_design_project_2020.2/SoCora/SoCora.gen/sources_1/bd/design_1/ip/design_1_processing_system7_0_0/design_1_processing_system7_0_0/design_1_processing_system7_0_0_in_context.xdc, line 92).
Applied set_property CLOCK_BUFFER_TYPE = NONE for DDR_dq[19]. (constraint file  /mnt/isaac_sbay0/lbo-ws/Projects/DVR-008-002/Base_Design_Project/Reference_design_project_2020.2/SoCora/SoCora.gen/sources_1/bd/design_1/ip/design_1_processing_system7_0_0/design_1_processing_system7_0_0/design_1_processing_system7_0_0_in_context.xdc, line 93).
Applied set_property IO_BUFFER_TYPE = NONE for DDR_dq[1]. (constraint file  /mnt/isaac_sbay0/lbo-ws/Projects/DVR-008-002/Base_Design_Project/Reference_design_project_2020.2/SoCora/SoCora.gen/sources_1/bd/design_1/ip/design_1_processing_system7_0_0/design_1_processing_system7_0_0/design_1_processing_system7_0_0_in_context.xdc, line 94).
Applied set_property CLOCK_BUFFER_TYPE = NONE for DDR_dq[1]. (constraint file  /mnt/isaac_sbay0/lbo-ws/Projects/DVR-008-002/Base_Design_Project/Reference_design_project_2020.2/SoCora/SoCora.gen/sources_1/bd/design_1/ip/design_1_processing_system7_0_0/design_1_processing_system7_0_0/design_1_processing_system7_0_0_in_context.xdc, line 95).
Applied set_property IO_BUFFER_TYPE = NONE for DDR_dq[20]. (constraint file  /mnt/isaac_sbay0/lbo-ws/Projects/DVR-008-002/Base_Design_Project/Reference_design_project_2020.2/SoCora/SoCora.gen/sources_1/bd/design_1/ip/design_1_processing_system7_0_0/design_1_processing_system7_0_0/design_1_processing_system7_0_0_in_context.xdc, line 96).
Applied set_property CLOCK_BUFFER_TYPE = NONE for DDR_dq[20]. (constraint file  /mnt/isaac_sbay0/lbo-ws/Projects/DVR-008-002/Base_Design_Project/Reference_design_project_2020.2/SoCora/SoCora.gen/sources_1/bd/design_1/ip/design_1_processing_system7_0_0/design_1_processing_system7_0_0/design_1_processing_system7_0_0_in_context.xdc, line 97).
Applied set_property IO_BUFFER_TYPE = NONE for DDR_dq[21]. (constraint file  /mnt/isaac_sbay0/lbo-ws/Projects/DVR-008-002/Base_Design_Project/Reference_design_project_2020.2/SoCora/SoCora.gen/sources_1/bd/design_1/ip/design_1_processing_system7_0_0/design_1_processing_system7_0_0/design_1_processing_system7_0_0_in_context.xdc, line 98).
Applied set_property CLOCK_BUFFER_TYPE = NONE for DDR_dq[21]. (constraint file  /mnt/isaac_sbay0/lbo-ws/Projects/DVR-008-002/Base_Design_Project/Reference_design_project_2020.2/SoCora/SoCora.gen/sources_1/bd/design_1/ip/design_1_processing_system7_0_0/design_1_processing_system7_0_0/design_1_processing_system7_0_0_in_context.xdc, line 99).
Applied set_property IO_BUFFER_TYPE = NONE for DDR_dq[22]. (constraint file  /mnt/isaac_sbay0/lbo-ws/Projects/DVR-008-002/Base_Design_Project/Reference_design_project_2020.2/SoCora/SoCora.gen/sources_1/bd/design_1/ip/design_1_processing_system7_0_0/design_1_processing_system7_0_0/design_1_processing_system7_0_0_in_context.xdc, line 100).
Applied set_property CLOCK_BUFFER_TYPE = NONE for DDR_dq[22]. (constraint file  /mnt/isaac_sbay0/lbo-ws/Projects/DVR-008-002/Base_Design_Project/Reference_design_project_2020.2/SoCora/SoCora.gen/sources_1/bd/design_1/ip/design_1_processing_system7_0_0/design_1_processing_system7_0_0/design_1_processing_system7_0_0_in_context.xdc, line 101).
Applied set_property IO_BUFFER_TYPE = NONE for DDR_dq[23]. (constraint file  /mnt/isaac_sbay0/lbo-ws/Projects/DVR-008-002/Base_Design_Project/Reference_design_project_2020.2/SoCora/SoCora.gen/sources_1/bd/design_1/ip/design_1_processing_system7_0_0/design_1_processing_system7_0_0/design_1_processing_system7_0_0_in_context.xdc, line 102).
Applied set_property CLOCK_BUFFER_TYPE = NONE for DDR_dq[23]. (constraint file  /mnt/isaac_sbay0/lbo-ws/Projects/DVR-008-002/Base_Design_Project/Reference_design_project_2020.2/SoCora/SoCora.gen/sources_1/bd/design_1/ip/design_1_processing_system7_0_0/design_1_processing_system7_0_0/design_1_processing_system7_0_0_in_context.xdc, line 103).
Applied set_property IO_BUFFER_TYPE = NONE for DDR_dq[24]. (constraint file  /mnt/isaac_sbay0/lbo-ws/Projects/DVR-008-002/Base_Design_Project/Reference_design_project_2020.2/SoCora/SoCora.gen/sources_1/bd/design_1/ip/design_1_processing_system7_0_0/design_1_processing_system7_0_0/design_1_processing_system7_0_0_in_context.xdc, line 104).
Applied set_property CLOCK_BUFFER_TYPE = NONE for DDR_dq[24]. (constraint file  /mnt/isaac_sbay0/lbo-ws/Projects/DVR-008-002/Base_Design_Project/Reference_design_project_2020.2/SoCora/SoCora.gen/sources_1/bd/design_1/ip/design_1_processing_system7_0_0/design_1_processing_system7_0_0/design_1_processing_system7_0_0_in_context.xdc, line 105).
Applied set_property IO_BUFFER_TYPE = NONE for DDR_dq[25]. (constraint file  /mnt/isaac_sbay0/lbo-ws/Projects/DVR-008-002/Base_Design_Project/Reference_design_project_2020.2/SoCora/SoCora.gen/sources_1/bd/design_1/ip/design_1_processing_system7_0_0/design_1_processing_system7_0_0/design_1_processing_system7_0_0_in_context.xdc, line 106).
Applied set_property CLOCK_BUFFER_TYPE = NONE for DDR_dq[25]. (constraint file  /mnt/isaac_sbay0/lbo-ws/Projects/DVR-008-002/Base_Design_Project/Reference_design_project_2020.2/SoCora/SoCora.gen/sources_1/bd/design_1/ip/design_1_processing_system7_0_0/design_1_processing_system7_0_0/design_1_processing_system7_0_0_in_context.xdc, line 107).
Applied set_property IO_BUFFER_TYPE = NONE for DDR_dq[26]. (constraint file  /mnt/isaac_sbay0/lbo-ws/Projects/DVR-008-002/Base_Design_Project/Reference_design_project_2020.2/SoCora/SoCora.gen/sources_1/bd/design_1/ip/design_1_processing_system7_0_0/design_1_processing_system7_0_0/design_1_processing_system7_0_0_in_context.xdc, line 108).
Applied set_property CLOCK_BUFFER_TYPE = NONE for DDR_dq[26]. (constraint file  /mnt/isaac_sbay0/lbo-ws/Projects/DVR-008-002/Base_Design_Project/Reference_design_project_2020.2/SoCora/SoCora.gen/sources_1/bd/design_1/ip/design_1_processing_system7_0_0/design_1_processing_system7_0_0/design_1_processing_system7_0_0_in_context.xdc, line 109).
Applied set_property IO_BUFFER_TYPE = NONE for DDR_dq[27]. (constraint file  /mnt/isaac_sbay0/lbo-ws/Projects/DVR-008-002/Base_Design_Project/Reference_design_project_2020.2/SoCora/SoCora.gen/sources_1/bd/design_1/ip/design_1_processing_system7_0_0/design_1_processing_system7_0_0/design_1_processing_system7_0_0_in_context.xdc, line 110).
Applied set_property CLOCK_BUFFER_TYPE = NONE for DDR_dq[27]. (constraint file  /mnt/isaac_sbay0/lbo-ws/Projects/DVR-008-002/Base_Design_Project/Reference_design_project_2020.2/SoCora/SoCora.gen/sources_1/bd/design_1/ip/design_1_processing_system7_0_0/design_1_processing_system7_0_0/design_1_processing_system7_0_0_in_context.xdc, line 111).
Applied set_property IO_BUFFER_TYPE = NONE for DDR_dq[28]. (constraint file  /mnt/isaac_sbay0/lbo-ws/Projects/DVR-008-002/Base_Design_Project/Reference_design_project_2020.2/SoCora/SoCora.gen/sources_1/bd/design_1/ip/design_1_processing_system7_0_0/design_1_processing_system7_0_0/design_1_processing_system7_0_0_in_context.xdc, line 112).
Applied set_property CLOCK_BUFFER_TYPE = NONE for DDR_dq[28]. (constraint file  /mnt/isaac_sbay0/lbo-ws/Projects/DVR-008-002/Base_Design_Project/Reference_design_project_2020.2/SoCora/SoCora.gen/sources_1/bd/design_1/ip/design_1_processing_system7_0_0/design_1_processing_system7_0_0/design_1_processing_system7_0_0_in_context.xdc, line 113).
Applied set_property IO_BUFFER_TYPE = NONE for DDR_dq[29]. (constraint file  /mnt/isaac_sbay0/lbo-ws/Projects/DVR-008-002/Base_Design_Project/Reference_design_project_2020.2/SoCora/SoCora.gen/sources_1/bd/design_1/ip/design_1_processing_system7_0_0/design_1_processing_system7_0_0/design_1_processing_system7_0_0_in_context.xdc, line 114).
Applied set_property CLOCK_BUFFER_TYPE = NONE for DDR_dq[29]. (constraint file  /mnt/isaac_sbay0/lbo-ws/Projects/DVR-008-002/Base_Design_Project/Reference_design_project_2020.2/SoCora/SoCora.gen/sources_1/bd/design_1/ip/design_1_processing_system7_0_0/design_1_processing_system7_0_0/design_1_processing_system7_0_0_in_context.xdc, line 115).
Applied set_property IO_BUFFER_TYPE = NONE for DDR_dq[2]. (constraint file  /mnt/isaac_sbay0/lbo-ws/Projects/DVR-008-002/Base_Design_Project/Reference_design_project_2020.2/SoCora/SoCora.gen/sources_1/bd/design_1/ip/design_1_processing_system7_0_0/design_1_processing_system7_0_0/design_1_processing_system7_0_0_in_context.xdc, line 116).
Applied set_property CLOCK_BUFFER_TYPE = NONE for DDR_dq[2]. (constraint file  /mnt/isaac_sbay0/lbo-ws/Projects/DVR-008-002/Base_Design_Project/Reference_design_project_2020.2/SoCora/SoCora.gen/sources_1/bd/design_1/ip/design_1_processing_system7_0_0/design_1_processing_system7_0_0/design_1_processing_system7_0_0_in_context.xdc, line 117).
Applied set_property IO_BUFFER_TYPE = NONE for DDR_dq[30]. (constraint file  /mnt/isaac_sbay0/lbo-ws/Projects/DVR-008-002/Base_Design_Project/Reference_design_project_2020.2/SoCora/SoCora.gen/sources_1/bd/design_1/ip/design_1_processing_system7_0_0/design_1_processing_system7_0_0/design_1_processing_system7_0_0_in_context.xdc, line 118).
Applied set_property CLOCK_BUFFER_TYPE = NONE for DDR_dq[30]. (constraint file  /mnt/isaac_sbay0/lbo-ws/Projects/DVR-008-002/Base_Design_Project/Reference_design_project_2020.2/SoCora/SoCora.gen/sources_1/bd/design_1/ip/design_1_processing_system7_0_0/design_1_processing_system7_0_0/design_1_processing_system7_0_0_in_context.xdc, line 119).
Applied set_property IO_BUFFER_TYPE = NONE for DDR_dq[31]. (constraint file  /mnt/isaac_sbay0/lbo-ws/Projects/DVR-008-002/Base_Design_Project/Reference_design_project_2020.2/SoCora/SoCora.gen/sources_1/bd/design_1/ip/design_1_processing_system7_0_0/design_1_processing_system7_0_0/design_1_processing_system7_0_0_in_context.xdc, line 120).
Applied set_property CLOCK_BUFFER_TYPE = NONE for DDR_dq[31]. (constraint file  /mnt/isaac_sbay0/lbo-ws/Projects/DVR-008-002/Base_Design_Project/Reference_design_project_2020.2/SoCora/SoCora.gen/sources_1/bd/design_1/ip/design_1_processing_system7_0_0/design_1_processing_system7_0_0/design_1_processing_system7_0_0_in_context.xdc, line 121).
Applied set_property IO_BUFFER_TYPE = NONE for DDR_dq[3]. (constraint file  /mnt/isaac_sbay0/lbo-ws/Projects/DVR-008-002/Base_Design_Project/Reference_design_project_2020.2/SoCora/SoCora.gen/sources_1/bd/design_1/ip/design_1_processing_system7_0_0/design_1_processing_system7_0_0/design_1_processing_system7_0_0_in_context.xdc, line 122).
Applied set_property CLOCK_BUFFER_TYPE = NONE for DDR_dq[3]. (constraint file  /mnt/isaac_sbay0/lbo-ws/Projects/DVR-008-002/Base_Design_Project/Reference_design_project_2020.2/SoCora/SoCora.gen/sources_1/bd/design_1/ip/design_1_processing_system7_0_0/design_1_processing_system7_0_0/design_1_processing_system7_0_0_in_context.xdc, line 123).
Applied set_property IO_BUFFER_TYPE = NONE for DDR_dq[4]. (constraint file  /mnt/isaac_sbay0/lbo-ws/Projects/DVR-008-002/Base_Design_Project/Reference_design_project_2020.2/SoCora/SoCora.gen/sources_1/bd/design_1/ip/design_1_processing_system7_0_0/design_1_processing_system7_0_0/design_1_processing_system7_0_0_in_context.xdc, line 124).
Applied set_property CLOCK_BUFFER_TYPE = NONE for DDR_dq[4]. (constraint file  /mnt/isaac_sbay0/lbo-ws/Projects/DVR-008-002/Base_Design_Project/Reference_design_project_2020.2/SoCora/SoCora.gen/sources_1/bd/design_1/ip/design_1_processing_system7_0_0/design_1_processing_system7_0_0/design_1_processing_system7_0_0_in_context.xdc, line 125).
Applied set_property IO_BUFFER_TYPE = NONE for DDR_dq[5]. (constraint file  /mnt/isaac_sbay0/lbo-ws/Projects/DVR-008-002/Base_Design_Project/Reference_design_project_2020.2/SoCora/SoCora.gen/sources_1/bd/design_1/ip/design_1_processing_system7_0_0/design_1_processing_system7_0_0/design_1_processing_system7_0_0_in_context.xdc, line 126).
Applied set_property CLOCK_BUFFER_TYPE = NONE for DDR_dq[5]. (constraint file  /mnt/isaac_sbay0/lbo-ws/Projects/DVR-008-002/Base_Design_Project/Reference_design_project_2020.2/SoCora/SoCora.gen/sources_1/bd/design_1/ip/design_1_processing_system7_0_0/design_1_processing_system7_0_0/design_1_processing_system7_0_0_in_context.xdc, line 127).
Applied set_property IO_BUFFER_TYPE = NONE for DDR_dq[6]. (constraint file  /mnt/isaac_sbay0/lbo-ws/Projects/DVR-008-002/Base_Design_Project/Reference_design_project_2020.2/SoCora/SoCora.gen/sources_1/bd/design_1/ip/design_1_processing_system7_0_0/design_1_processing_system7_0_0/design_1_processing_system7_0_0_in_context.xdc, line 128).
Applied set_property CLOCK_BUFFER_TYPE = NONE for DDR_dq[6]. (constraint file  /mnt/isaac_sbay0/lbo-ws/Projects/DVR-008-002/Base_Design_Project/Reference_design_project_2020.2/SoCora/SoCora.gen/sources_1/bd/design_1/ip/design_1_processing_system7_0_0/design_1_processing_system7_0_0/design_1_processing_system7_0_0_in_context.xdc, line 129).
Applied set_property IO_BUFFER_TYPE = NONE for DDR_dq[7]. (constraint file  /mnt/isaac_sbay0/lbo-ws/Projects/DVR-008-002/Base_Design_Project/Reference_design_project_2020.2/SoCora/SoCora.gen/sources_1/bd/design_1/ip/design_1_processing_system7_0_0/design_1_processing_system7_0_0/design_1_processing_system7_0_0_in_context.xdc, line 130).
Applied set_property CLOCK_BUFFER_TYPE = NONE for DDR_dq[7]. (constraint file  /mnt/isaac_sbay0/lbo-ws/Projects/DVR-008-002/Base_Design_Project/Reference_design_project_2020.2/SoCora/SoCora.gen/sources_1/bd/design_1/ip/design_1_processing_system7_0_0/design_1_processing_system7_0_0/design_1_processing_system7_0_0_in_context.xdc, line 131).
Applied set_property IO_BUFFER_TYPE = NONE for DDR_dq[8]. (constraint file  /mnt/isaac_sbay0/lbo-ws/Projects/DVR-008-002/Base_Design_Project/Reference_design_project_2020.2/SoCora/SoCora.gen/sources_1/bd/design_1/ip/design_1_processing_system7_0_0/design_1_processing_system7_0_0/design_1_processing_system7_0_0_in_context.xdc, line 132).
Applied set_property CLOCK_BUFFER_TYPE = NONE for DDR_dq[8]. (constraint file  /mnt/isaac_sbay0/lbo-ws/Projects/DVR-008-002/Base_Design_Project/Reference_design_project_2020.2/SoCora/SoCora.gen/sources_1/bd/design_1/ip/design_1_processing_system7_0_0/design_1_processing_system7_0_0/design_1_processing_system7_0_0_in_context.xdc, line 133).
Applied set_property IO_BUFFER_TYPE = NONE for DDR_dq[9]. (constraint file  /mnt/isaac_sbay0/lbo-ws/Projects/DVR-008-002/Base_Design_Project/Reference_design_project_2020.2/SoCora/SoCora.gen/sources_1/bd/design_1/ip/design_1_processing_system7_0_0/design_1_processing_system7_0_0/design_1_processing_system7_0_0_in_context.xdc, line 134).
Applied set_property CLOCK_BUFFER_TYPE = NONE for DDR_dq[9]. (constraint file  /mnt/isaac_sbay0/lbo-ws/Projects/DVR-008-002/Base_Design_Project/Reference_design_project_2020.2/SoCora/SoCora.gen/sources_1/bd/design_1/ip/design_1_processing_system7_0_0/design_1_processing_system7_0_0/design_1_processing_system7_0_0_in_context.xdc, line 135).
Applied set_property IO_BUFFER_TYPE = NONE for DDR_reset_n. (constraint file  /mnt/isaac_sbay0/lbo-ws/Projects/DVR-008-002/Base_Design_Project/Reference_design_project_2020.2/SoCora/SoCora.gen/sources_1/bd/design_1/ip/design_1_processing_system7_0_0/design_1_processing_system7_0_0/design_1_processing_system7_0_0_in_context.xdc, line 136).
Applied set_property CLOCK_BUFFER_TYPE = NONE for DDR_reset_n. (constraint file  /mnt/isaac_sbay0/lbo-ws/Projects/DVR-008-002/Base_Design_Project/Reference_design_project_2020.2/SoCora/SoCora.gen/sources_1/bd/design_1/ip/design_1_processing_system7_0_0/design_1_processing_system7_0_0/design_1_processing_system7_0_0_in_context.xdc, line 137).
Applied set_property IO_BUFFER_TYPE = NONE for DDR_odt. (constraint file  /mnt/isaac_sbay0/lbo-ws/Projects/DVR-008-002/Base_Design_Project/Reference_design_project_2020.2/SoCora/SoCora.gen/sources_1/bd/design_1/ip/design_1_processing_system7_0_0/design_1_processing_system7_0_0/design_1_processing_system7_0_0_in_context.xdc, line 138).
Applied set_property CLOCK_BUFFER_TYPE = NONE for DDR_odt. (constraint file  /mnt/isaac_sbay0/lbo-ws/Projects/DVR-008-002/Base_Design_Project/Reference_design_project_2020.2/SoCora/SoCora.gen/sources_1/bd/design_1/ip/design_1_processing_system7_0_0/design_1_processing_system7_0_0/design_1_processing_system7_0_0_in_context.xdc, line 139).
Applied set_property IO_BUFFER_TYPE = NONE for DDR_ras_n. (constraint file  /mnt/isaac_sbay0/lbo-ws/Projects/DVR-008-002/Base_Design_Project/Reference_design_project_2020.2/SoCora/SoCora.gen/sources_1/bd/design_1/ip/design_1_processing_system7_0_0/design_1_processing_system7_0_0/design_1_processing_system7_0_0_in_context.xdc, line 140).
Applied set_property CLOCK_BUFFER_TYPE = NONE for DDR_ras_n. (constraint file  /mnt/isaac_sbay0/lbo-ws/Projects/DVR-008-002/Base_Design_Project/Reference_design_project_2020.2/SoCora/SoCora.gen/sources_1/bd/design_1/ip/design_1_processing_system7_0_0/design_1_processing_system7_0_0/design_1_processing_system7_0_0_in_context.xdc, line 141).
Applied set_property IO_BUFFER_TYPE = NONE for FIXED_IO_ddr_vrn. (constraint file  /mnt/isaac_sbay0/lbo-ws/Projects/DVR-008-002/Base_Design_Project/Reference_design_project_2020.2/SoCora/SoCora.gen/sources_1/bd/design_1/ip/design_1_processing_system7_0_0/design_1_processing_system7_0_0/design_1_processing_system7_0_0_in_context.xdc, line 142).
Applied set_property CLOCK_BUFFER_TYPE = NONE for FIXED_IO_ddr_vrn. (constraint file  /mnt/isaac_sbay0/lbo-ws/Projects/DVR-008-002/Base_Design_Project/Reference_design_project_2020.2/SoCora/SoCora.gen/sources_1/bd/design_1/ip/design_1_processing_system7_0_0/design_1_processing_system7_0_0/design_1_processing_system7_0_0_in_context.xdc, line 143).
Applied set_property IO_BUFFER_TYPE = NONE for FIXED_IO_ddr_vrp. (constraint file  /mnt/isaac_sbay0/lbo-ws/Projects/DVR-008-002/Base_Design_Project/Reference_design_project_2020.2/SoCora/SoCora.gen/sources_1/bd/design_1/ip/design_1_processing_system7_0_0/design_1_processing_system7_0_0/design_1_processing_system7_0_0_in_context.xdc, line 144).
Applied set_property CLOCK_BUFFER_TYPE = NONE for FIXED_IO_ddr_vrp. (constraint file  /mnt/isaac_sbay0/lbo-ws/Projects/DVR-008-002/Base_Design_Project/Reference_design_project_2020.2/SoCora/SoCora.gen/sources_1/bd/design_1/ip/design_1_processing_system7_0_0/design_1_processing_system7_0_0/design_1_processing_system7_0_0_in_context.xdc, line 145).
Applied set_property IO_BUFFER_TYPE = NONE for DDR_we_n. (constraint file  /mnt/isaac_sbay0/lbo-ws/Projects/DVR-008-002/Base_Design_Project/Reference_design_project_2020.2/SoCora/SoCora.gen/sources_1/bd/design_1/ip/design_1_processing_system7_0_0/design_1_processing_system7_0_0/design_1_processing_system7_0_0_in_context.xdc, line 146).
Applied set_property CLOCK_BUFFER_TYPE = NONE for DDR_we_n. (constraint file  /mnt/isaac_sbay0/lbo-ws/Projects/DVR-008-002/Base_Design_Project/Reference_design_project_2020.2/SoCora/SoCora.gen/sources_1/bd/design_1/ip/design_1_processing_system7_0_0/design_1_processing_system7_0_0/design_1_processing_system7_0_0_in_context.xdc, line 147).
Applied set_property IO_BUFFER_TYPE = NONE for FIXED_IO_mio[0]. (constraint file  /mnt/isaac_sbay0/lbo-ws/Projects/DVR-008-002/Base_Design_Project/Reference_design_project_2020.2/SoCora/SoCora.gen/sources_1/bd/design_1/ip/design_1_processing_system7_0_0/design_1_processing_system7_0_0/design_1_processing_system7_0_0_in_context.xdc, line 148).
Applied set_property CLOCK_BUFFER_TYPE = NONE for FIXED_IO_mio[0]. (constraint file  /mnt/isaac_sbay0/lbo-ws/Projects/DVR-008-002/Base_Design_Project/Reference_design_project_2020.2/SoCora/SoCora.gen/sources_1/bd/design_1/ip/design_1_processing_system7_0_0/design_1_processing_system7_0_0/design_1_processing_system7_0_0_in_context.xdc, line 149).
Applied set_property IO_BUFFER_TYPE = NONE for FIXED_IO_mio[10]. (constraint file  /mnt/isaac_sbay0/lbo-ws/Projects/DVR-008-002/Base_Design_Project/Reference_design_project_2020.2/SoCora/SoCora.gen/sources_1/bd/design_1/ip/design_1_processing_system7_0_0/design_1_processing_system7_0_0/design_1_processing_system7_0_0_in_context.xdc, line 150).
Applied set_property CLOCK_BUFFER_TYPE = NONE for FIXED_IO_mio[10]. (constraint file  /mnt/isaac_sbay0/lbo-ws/Projects/DVR-008-002/Base_Design_Project/Reference_design_project_2020.2/SoCora/SoCora.gen/sources_1/bd/design_1/ip/design_1_processing_system7_0_0/design_1_processing_system7_0_0/design_1_processing_system7_0_0_in_context.xdc, line 151).
Applied set_property IO_BUFFER_TYPE = NONE for FIXED_IO_mio[11]. (constraint file  /mnt/isaac_sbay0/lbo-ws/Projects/DVR-008-002/Base_Design_Project/Reference_design_project_2020.2/SoCora/SoCora.gen/sources_1/bd/design_1/ip/design_1_processing_system7_0_0/design_1_processing_system7_0_0/design_1_processing_system7_0_0_in_context.xdc, line 152).
Applied set_property CLOCK_BUFFER_TYPE = NONE for FIXED_IO_mio[11]. (constraint file  /mnt/isaac_sbay0/lbo-ws/Projects/DVR-008-002/Base_Design_Project/Reference_design_project_2020.2/SoCora/SoCora.gen/sources_1/bd/design_1/ip/design_1_processing_system7_0_0/design_1_processing_system7_0_0/design_1_processing_system7_0_0_in_context.xdc, line 153).
Applied set_property IO_BUFFER_TYPE = NONE for FIXED_IO_mio[12]. (constraint file  /mnt/isaac_sbay0/lbo-ws/Projects/DVR-008-002/Base_Design_Project/Reference_design_project_2020.2/SoCora/SoCora.gen/sources_1/bd/design_1/ip/design_1_processing_system7_0_0/design_1_processing_system7_0_0/design_1_processing_system7_0_0_in_context.xdc, line 154).
Applied set_property CLOCK_BUFFER_TYPE = NONE for FIXED_IO_mio[12]. (constraint file  /mnt/isaac_sbay0/lbo-ws/Projects/DVR-008-002/Base_Design_Project/Reference_design_project_2020.2/SoCora/SoCora.gen/sources_1/bd/design_1/ip/design_1_processing_system7_0_0/design_1_processing_system7_0_0/design_1_processing_system7_0_0_in_context.xdc, line 155).
Applied set_property IO_BUFFER_TYPE = NONE for FIXED_IO_mio[13]. (constraint file  /mnt/isaac_sbay0/lbo-ws/Projects/DVR-008-002/Base_Design_Project/Reference_design_project_2020.2/SoCora/SoCora.gen/sources_1/bd/design_1/ip/design_1_processing_system7_0_0/design_1_processing_system7_0_0/design_1_processing_system7_0_0_in_context.xdc, line 156).
Applied set_property CLOCK_BUFFER_TYPE = NONE for FIXED_IO_mio[13]. (constraint file  /mnt/isaac_sbay0/lbo-ws/Projects/DVR-008-002/Base_Design_Project/Reference_design_project_2020.2/SoCora/SoCora.gen/sources_1/bd/design_1/ip/design_1_processing_system7_0_0/design_1_processing_system7_0_0/design_1_processing_system7_0_0_in_context.xdc, line 157).
Applied set_property IO_BUFFER_TYPE = NONE for FIXED_IO_mio[14]. (constraint file  /mnt/isaac_sbay0/lbo-ws/Projects/DVR-008-002/Base_Design_Project/Reference_design_project_2020.2/SoCora/SoCora.gen/sources_1/bd/design_1/ip/design_1_processing_system7_0_0/design_1_processing_system7_0_0/design_1_processing_system7_0_0_in_context.xdc, line 158).
Applied set_property CLOCK_BUFFER_TYPE = NONE for FIXED_IO_mio[14]. (constraint file  /mnt/isaac_sbay0/lbo-ws/Projects/DVR-008-002/Base_Design_Project/Reference_design_project_2020.2/SoCora/SoCora.gen/sources_1/bd/design_1/ip/design_1_processing_system7_0_0/design_1_processing_system7_0_0/design_1_processing_system7_0_0_in_context.xdc, line 159).
Applied set_property IO_BUFFER_TYPE = NONE for FIXED_IO_mio[15]. (constraint file  /mnt/isaac_sbay0/lbo-ws/Projects/DVR-008-002/Base_Design_Project/Reference_design_project_2020.2/SoCora/SoCora.gen/sources_1/bd/design_1/ip/design_1_processing_system7_0_0/design_1_processing_system7_0_0/design_1_processing_system7_0_0_in_context.xdc, line 160).
Applied set_property CLOCK_BUFFER_TYPE = NONE for FIXED_IO_mio[15]. (constraint file  /mnt/isaac_sbay0/lbo-ws/Projects/DVR-008-002/Base_Design_Project/Reference_design_project_2020.2/SoCora/SoCora.gen/sources_1/bd/design_1/ip/design_1_processing_system7_0_0/design_1_processing_system7_0_0/design_1_processing_system7_0_0_in_context.xdc, line 161).
Applied set_property IO_BUFFER_TYPE = NONE for FIXED_IO_mio[16]. (constraint file  /mnt/isaac_sbay0/lbo-ws/Projects/DVR-008-002/Base_Design_Project/Reference_design_project_2020.2/SoCora/SoCora.gen/sources_1/bd/design_1/ip/design_1_processing_system7_0_0/design_1_processing_system7_0_0/design_1_processing_system7_0_0_in_context.xdc, line 162).
Applied set_property CLOCK_BUFFER_TYPE = NONE for FIXED_IO_mio[16]. (constraint file  /mnt/isaac_sbay0/lbo-ws/Projects/DVR-008-002/Base_Design_Project/Reference_design_project_2020.2/SoCora/SoCora.gen/sources_1/bd/design_1/ip/design_1_processing_system7_0_0/design_1_processing_system7_0_0/design_1_processing_system7_0_0_in_context.xdc, line 163).
Applied set_property IO_BUFFER_TYPE = NONE for FIXED_IO_mio[17]. (constraint file  /mnt/isaac_sbay0/lbo-ws/Projects/DVR-008-002/Base_Design_Project/Reference_design_project_2020.2/SoCora/SoCora.gen/sources_1/bd/design_1/ip/design_1_processing_system7_0_0/design_1_processing_system7_0_0/design_1_processing_system7_0_0_in_context.xdc, line 164).
Applied set_property CLOCK_BUFFER_TYPE = NONE for FIXED_IO_mio[17]. (constraint file  /mnt/isaac_sbay0/lbo-ws/Projects/DVR-008-002/Base_Design_Project/Reference_design_project_2020.2/SoCora/SoCora.gen/sources_1/bd/design_1/ip/design_1_processing_system7_0_0/design_1_processing_system7_0_0/design_1_processing_system7_0_0_in_context.xdc, line 165).
Applied set_property IO_BUFFER_TYPE = NONE for FIXED_IO_mio[18]. (constraint file  /mnt/isaac_sbay0/lbo-ws/Projects/DVR-008-002/Base_Design_Project/Reference_design_project_2020.2/SoCora/SoCora.gen/sources_1/bd/design_1/ip/design_1_processing_system7_0_0/design_1_processing_system7_0_0/design_1_processing_system7_0_0_in_context.xdc, line 166).
Applied set_property CLOCK_BUFFER_TYPE = NONE for FIXED_IO_mio[18]. (constraint file  /mnt/isaac_sbay0/lbo-ws/Projects/DVR-008-002/Base_Design_Project/Reference_design_project_2020.2/SoCora/SoCora.gen/sources_1/bd/design_1/ip/design_1_processing_system7_0_0/design_1_processing_system7_0_0/design_1_processing_system7_0_0_in_context.xdc, line 167).
Applied set_property IO_BUFFER_TYPE = NONE for FIXED_IO_mio[19]. (constraint file  /mnt/isaac_sbay0/lbo-ws/Projects/DVR-008-002/Base_Design_Project/Reference_design_project_2020.2/SoCora/SoCora.gen/sources_1/bd/design_1/ip/design_1_processing_system7_0_0/design_1_processing_system7_0_0/design_1_processing_system7_0_0_in_context.xdc, line 168).
Applied set_property CLOCK_BUFFER_TYPE = NONE for FIXED_IO_mio[19]. (constraint file  /mnt/isaac_sbay0/lbo-ws/Projects/DVR-008-002/Base_Design_Project/Reference_design_project_2020.2/SoCora/SoCora.gen/sources_1/bd/design_1/ip/design_1_processing_system7_0_0/design_1_processing_system7_0_0/design_1_processing_system7_0_0_in_context.xdc, line 169).
Applied set_property IO_BUFFER_TYPE = NONE for FIXED_IO_mio[1]. (constraint file  /mnt/isaac_sbay0/lbo-ws/Projects/DVR-008-002/Base_Design_Project/Reference_design_project_2020.2/SoCora/SoCora.gen/sources_1/bd/design_1/ip/design_1_processing_system7_0_0/design_1_processing_system7_0_0/design_1_processing_system7_0_0_in_context.xdc, line 170).
Applied set_property CLOCK_BUFFER_TYPE = NONE for FIXED_IO_mio[1]. (constraint file  /mnt/isaac_sbay0/lbo-ws/Projects/DVR-008-002/Base_Design_Project/Reference_design_project_2020.2/SoCora/SoCora.gen/sources_1/bd/design_1/ip/design_1_processing_system7_0_0/design_1_processing_system7_0_0/design_1_processing_system7_0_0_in_context.xdc, line 171).
Applied set_property IO_BUFFER_TYPE = NONE for FIXED_IO_mio[20]. (constraint file  /mnt/isaac_sbay0/lbo-ws/Projects/DVR-008-002/Base_Design_Project/Reference_design_project_2020.2/SoCora/SoCora.gen/sources_1/bd/design_1/ip/design_1_processing_system7_0_0/design_1_processing_system7_0_0/design_1_processing_system7_0_0_in_context.xdc, line 172).
Applied set_property CLOCK_BUFFER_TYPE = NONE for FIXED_IO_mio[20]. (constraint file  /mnt/isaac_sbay0/lbo-ws/Projects/DVR-008-002/Base_Design_Project/Reference_design_project_2020.2/SoCora/SoCora.gen/sources_1/bd/design_1/ip/design_1_processing_system7_0_0/design_1_processing_system7_0_0/design_1_processing_system7_0_0_in_context.xdc, line 173).
Applied set_property IO_BUFFER_TYPE = NONE for FIXED_IO_mio[21]. (constraint file  /mnt/isaac_sbay0/lbo-ws/Projects/DVR-008-002/Base_Design_Project/Reference_design_project_2020.2/SoCora/SoCora.gen/sources_1/bd/design_1/ip/design_1_processing_system7_0_0/design_1_processing_system7_0_0/design_1_processing_system7_0_0_in_context.xdc, line 174).
Applied set_property CLOCK_BUFFER_TYPE = NONE for FIXED_IO_mio[21]. (constraint file  /mnt/isaac_sbay0/lbo-ws/Projects/DVR-008-002/Base_Design_Project/Reference_design_project_2020.2/SoCora/SoCora.gen/sources_1/bd/design_1/ip/design_1_processing_system7_0_0/design_1_processing_system7_0_0/design_1_processing_system7_0_0_in_context.xdc, line 175).
Applied set_property IO_BUFFER_TYPE = NONE for FIXED_IO_mio[22]. (constraint file  /mnt/isaac_sbay0/lbo-ws/Projects/DVR-008-002/Base_Design_Project/Reference_design_project_2020.2/SoCora/SoCora.gen/sources_1/bd/design_1/ip/design_1_processing_system7_0_0/design_1_processing_system7_0_0/design_1_processing_system7_0_0_in_context.xdc, line 176).
Applied set_property CLOCK_BUFFER_TYPE = NONE for FIXED_IO_mio[22]. (constraint file  /mnt/isaac_sbay0/lbo-ws/Projects/DVR-008-002/Base_Design_Project/Reference_design_project_2020.2/SoCora/SoCora.gen/sources_1/bd/design_1/ip/design_1_processing_system7_0_0/design_1_processing_system7_0_0/design_1_processing_system7_0_0_in_context.xdc, line 177).
Applied set_property IO_BUFFER_TYPE = NONE for FIXED_IO_mio[23]. (constraint file  /mnt/isaac_sbay0/lbo-ws/Projects/DVR-008-002/Base_Design_Project/Reference_design_project_2020.2/SoCora/SoCora.gen/sources_1/bd/design_1/ip/design_1_processing_system7_0_0/design_1_processing_system7_0_0/design_1_processing_system7_0_0_in_context.xdc, line 178).
Applied set_property CLOCK_BUFFER_TYPE = NONE for FIXED_IO_mio[23]. (constraint file  /mnt/isaac_sbay0/lbo-ws/Projects/DVR-008-002/Base_Design_Project/Reference_design_project_2020.2/SoCora/SoCora.gen/sources_1/bd/design_1/ip/design_1_processing_system7_0_0/design_1_processing_system7_0_0/design_1_processing_system7_0_0_in_context.xdc, line 179).
Applied set_property IO_BUFFER_TYPE = NONE for FIXED_IO_mio[24]. (constraint file  /mnt/isaac_sbay0/lbo-ws/Projects/DVR-008-002/Base_Design_Project/Reference_design_project_2020.2/SoCora/SoCora.gen/sources_1/bd/design_1/ip/design_1_processing_system7_0_0/design_1_processing_system7_0_0/design_1_processing_system7_0_0_in_context.xdc, line 180).
Applied set_property CLOCK_BUFFER_TYPE = NONE for FIXED_IO_mio[24]. (constraint file  /mnt/isaac_sbay0/lbo-ws/Projects/DVR-008-002/Base_Design_Project/Reference_design_project_2020.2/SoCora/SoCora.gen/sources_1/bd/design_1/ip/design_1_processing_system7_0_0/design_1_processing_system7_0_0/design_1_processing_system7_0_0_in_context.xdc, line 181).
Applied set_property IO_BUFFER_TYPE = NONE for FIXED_IO_mio[25]. (constraint file  /mnt/isaac_sbay0/lbo-ws/Projects/DVR-008-002/Base_Design_Project/Reference_design_project_2020.2/SoCora/SoCora.gen/sources_1/bd/design_1/ip/design_1_processing_system7_0_0/design_1_processing_system7_0_0/design_1_processing_system7_0_0_in_context.xdc, line 182).
Applied set_property CLOCK_BUFFER_TYPE = NONE for FIXED_IO_mio[25]. (constraint file  /mnt/isaac_sbay0/lbo-ws/Projects/DVR-008-002/Base_Design_Project/Reference_design_project_2020.2/SoCora/SoCora.gen/sources_1/bd/design_1/ip/design_1_processing_system7_0_0/design_1_processing_system7_0_0/design_1_processing_system7_0_0_in_context.xdc, line 183).
Applied set_property IO_BUFFER_TYPE = NONE for FIXED_IO_mio[26]. (constraint file  /mnt/isaac_sbay0/lbo-ws/Projects/DVR-008-002/Base_Design_Project/Reference_design_project_2020.2/SoCora/SoCora.gen/sources_1/bd/design_1/ip/design_1_processing_system7_0_0/design_1_processing_system7_0_0/design_1_processing_system7_0_0_in_context.xdc, line 184).
Applied set_property CLOCK_BUFFER_TYPE = NONE for FIXED_IO_mio[26]. (constraint file  /mnt/isaac_sbay0/lbo-ws/Projects/DVR-008-002/Base_Design_Project/Reference_design_project_2020.2/SoCora/SoCora.gen/sources_1/bd/design_1/ip/design_1_processing_system7_0_0/design_1_processing_system7_0_0/design_1_processing_system7_0_0_in_context.xdc, line 185).
Applied set_property IO_BUFFER_TYPE = NONE for FIXED_IO_mio[27]. (constraint file  /mnt/isaac_sbay0/lbo-ws/Projects/DVR-008-002/Base_Design_Project/Reference_design_project_2020.2/SoCora/SoCora.gen/sources_1/bd/design_1/ip/design_1_processing_system7_0_0/design_1_processing_system7_0_0/design_1_processing_system7_0_0_in_context.xdc, line 186).
Applied set_property CLOCK_BUFFER_TYPE = NONE for FIXED_IO_mio[27]. (constraint file  /mnt/isaac_sbay0/lbo-ws/Projects/DVR-008-002/Base_Design_Project/Reference_design_project_2020.2/SoCora/SoCora.gen/sources_1/bd/design_1/ip/design_1_processing_system7_0_0/design_1_processing_system7_0_0/design_1_processing_system7_0_0_in_context.xdc, line 187).
Applied set_property IO_BUFFER_TYPE = NONE for FIXED_IO_mio[28]. (constraint file  /mnt/isaac_sbay0/lbo-ws/Projects/DVR-008-002/Base_Design_Project/Reference_design_project_2020.2/SoCora/SoCora.gen/sources_1/bd/design_1/ip/design_1_processing_system7_0_0/design_1_processing_system7_0_0/design_1_processing_system7_0_0_in_context.xdc, line 188).
Applied set_property CLOCK_BUFFER_TYPE = NONE for FIXED_IO_mio[28]. (constraint file  /mnt/isaac_sbay0/lbo-ws/Projects/DVR-008-002/Base_Design_Project/Reference_design_project_2020.2/SoCora/SoCora.gen/sources_1/bd/design_1/ip/design_1_processing_system7_0_0/design_1_processing_system7_0_0/design_1_processing_system7_0_0_in_context.xdc, line 189).
Applied set_property IO_BUFFER_TYPE = NONE for FIXED_IO_mio[29]. (constraint file  /mnt/isaac_sbay0/lbo-ws/Projects/DVR-008-002/Base_Design_Project/Reference_design_project_2020.2/SoCora/SoCora.gen/sources_1/bd/design_1/ip/design_1_processing_system7_0_0/design_1_processing_system7_0_0/design_1_processing_system7_0_0_in_context.xdc, line 190).
Applied set_property CLOCK_BUFFER_TYPE = NONE for FIXED_IO_mio[29]. (constraint file  /mnt/isaac_sbay0/lbo-ws/Projects/DVR-008-002/Base_Design_Project/Reference_design_project_2020.2/SoCora/SoCora.gen/sources_1/bd/design_1/ip/design_1_processing_system7_0_0/design_1_processing_system7_0_0/design_1_processing_system7_0_0_in_context.xdc, line 191).
Applied set_property IO_BUFFER_TYPE = NONE for FIXED_IO_mio[2]. (constraint file  /mnt/isaac_sbay0/lbo-ws/Projects/DVR-008-002/Base_Design_Project/Reference_design_project_2020.2/SoCora/SoCora.gen/sources_1/bd/design_1/ip/design_1_processing_system7_0_0/design_1_processing_system7_0_0/design_1_processing_system7_0_0_in_context.xdc, line 192).
Applied set_property CLOCK_BUFFER_TYPE = NONE for FIXED_IO_mio[2]. (constraint file  /mnt/isaac_sbay0/lbo-ws/Projects/DVR-008-002/Base_Design_Project/Reference_design_project_2020.2/SoCora/SoCora.gen/sources_1/bd/design_1/ip/design_1_processing_system7_0_0/design_1_processing_system7_0_0/design_1_processing_system7_0_0_in_context.xdc, line 193).
Applied set_property IO_BUFFER_TYPE = NONE for FIXED_IO_mio[30]. (constraint file  /mnt/isaac_sbay0/lbo-ws/Projects/DVR-008-002/Base_Design_Project/Reference_design_project_2020.2/SoCora/SoCora.gen/sources_1/bd/design_1/ip/design_1_processing_system7_0_0/design_1_processing_system7_0_0/design_1_processing_system7_0_0_in_context.xdc, line 194).
Applied set_property CLOCK_BUFFER_TYPE = NONE for FIXED_IO_mio[30]. (constraint file  /mnt/isaac_sbay0/lbo-ws/Projects/DVR-008-002/Base_Design_Project/Reference_design_project_2020.2/SoCora/SoCora.gen/sources_1/bd/design_1/ip/design_1_processing_system7_0_0/design_1_processing_system7_0_0/design_1_processing_system7_0_0_in_context.xdc, line 195).
Applied set_property IO_BUFFER_TYPE = NONE for FIXED_IO_mio[31]. (constraint file  /mnt/isaac_sbay0/lbo-ws/Projects/DVR-008-002/Base_Design_Project/Reference_design_project_2020.2/SoCora/SoCora.gen/sources_1/bd/design_1/ip/design_1_processing_system7_0_0/design_1_processing_system7_0_0/design_1_processing_system7_0_0_in_context.xdc, line 196).
Applied set_property CLOCK_BUFFER_TYPE = NONE for FIXED_IO_mio[31]. (constraint file  /mnt/isaac_sbay0/lbo-ws/Projects/DVR-008-002/Base_Design_Project/Reference_design_project_2020.2/SoCora/SoCora.gen/sources_1/bd/design_1/ip/design_1_processing_system7_0_0/design_1_processing_system7_0_0/design_1_processing_system7_0_0_in_context.xdc, line 197).
Applied set_property IO_BUFFER_TYPE = NONE for FIXED_IO_mio[32]. (constraint file  /mnt/isaac_sbay0/lbo-ws/Projects/DVR-008-002/Base_Design_Project/Reference_design_project_2020.2/SoCora/SoCora.gen/sources_1/bd/design_1/ip/design_1_processing_system7_0_0/design_1_processing_system7_0_0/design_1_processing_system7_0_0_in_context.xdc, line 198).
Applied set_property CLOCK_BUFFER_TYPE = NONE for FIXED_IO_mio[32]. (constraint file  /mnt/isaac_sbay0/lbo-ws/Projects/DVR-008-002/Base_Design_Project/Reference_design_project_2020.2/SoCora/SoCora.gen/sources_1/bd/design_1/ip/design_1_processing_system7_0_0/design_1_processing_system7_0_0/design_1_processing_system7_0_0_in_context.xdc, line 199).
Applied set_property IO_BUFFER_TYPE = NONE for FIXED_IO_mio[33]. (constraint file  /mnt/isaac_sbay0/lbo-ws/Projects/DVR-008-002/Base_Design_Project/Reference_design_project_2020.2/SoCora/SoCora.gen/sources_1/bd/design_1/ip/design_1_processing_system7_0_0/design_1_processing_system7_0_0/design_1_processing_system7_0_0_in_context.xdc, line 200).
Applied set_property CLOCK_BUFFER_TYPE = NONE for FIXED_IO_mio[33]. (constraint file  /mnt/isaac_sbay0/lbo-ws/Projects/DVR-008-002/Base_Design_Project/Reference_design_project_2020.2/SoCora/SoCora.gen/sources_1/bd/design_1/ip/design_1_processing_system7_0_0/design_1_processing_system7_0_0/design_1_processing_system7_0_0_in_context.xdc, line 201).
Applied set_property IO_BUFFER_TYPE = NONE for FIXED_IO_mio[34]. (constraint file  /mnt/isaac_sbay0/lbo-ws/Projects/DVR-008-002/Base_Design_Project/Reference_design_project_2020.2/SoCora/SoCora.gen/sources_1/bd/design_1/ip/design_1_processing_system7_0_0/design_1_processing_system7_0_0/design_1_processing_system7_0_0_in_context.xdc, line 202).
Applied set_property CLOCK_BUFFER_TYPE = NONE for FIXED_IO_mio[34]. (constraint file  /mnt/isaac_sbay0/lbo-ws/Projects/DVR-008-002/Base_Design_Project/Reference_design_project_2020.2/SoCora/SoCora.gen/sources_1/bd/design_1/ip/design_1_processing_system7_0_0/design_1_processing_system7_0_0/design_1_processing_system7_0_0_in_context.xdc, line 203).
Applied set_property IO_BUFFER_TYPE = NONE for FIXED_IO_mio[35]. (constraint file  /mnt/isaac_sbay0/lbo-ws/Projects/DVR-008-002/Base_Design_Project/Reference_design_project_2020.2/SoCora/SoCora.gen/sources_1/bd/design_1/ip/design_1_processing_system7_0_0/design_1_processing_system7_0_0/design_1_processing_system7_0_0_in_context.xdc, line 204).
Applied set_property CLOCK_BUFFER_TYPE = NONE for FIXED_IO_mio[35]. (constraint file  /mnt/isaac_sbay0/lbo-ws/Projects/DVR-008-002/Base_Design_Project/Reference_design_project_2020.2/SoCora/SoCora.gen/sources_1/bd/design_1/ip/design_1_processing_system7_0_0/design_1_processing_system7_0_0/design_1_processing_system7_0_0_in_context.xdc, line 205).
Applied set_property IO_BUFFER_TYPE = NONE for FIXED_IO_mio[36]. (constraint file  /mnt/isaac_sbay0/lbo-ws/Projects/DVR-008-002/Base_Design_Project/Reference_design_project_2020.2/SoCora/SoCora.gen/sources_1/bd/design_1/ip/design_1_processing_system7_0_0/design_1_processing_system7_0_0/design_1_processing_system7_0_0_in_context.xdc, line 206).
Applied set_property CLOCK_BUFFER_TYPE = NONE for FIXED_IO_mio[36]. (constraint file  /mnt/isaac_sbay0/lbo-ws/Projects/DVR-008-002/Base_Design_Project/Reference_design_project_2020.2/SoCora/SoCora.gen/sources_1/bd/design_1/ip/design_1_processing_system7_0_0/design_1_processing_system7_0_0/design_1_processing_system7_0_0_in_context.xdc, line 207).
Applied set_property IO_BUFFER_TYPE = NONE for FIXED_IO_mio[37]. (constraint file  /mnt/isaac_sbay0/lbo-ws/Projects/DVR-008-002/Base_Design_Project/Reference_design_project_2020.2/SoCora/SoCora.gen/sources_1/bd/design_1/ip/design_1_processing_system7_0_0/design_1_processing_system7_0_0/design_1_processing_system7_0_0_in_context.xdc, line 208).
Applied set_property CLOCK_BUFFER_TYPE = NONE for FIXED_IO_mio[37]. (constraint file  /mnt/isaac_sbay0/lbo-ws/Projects/DVR-008-002/Base_Design_Project/Reference_design_project_2020.2/SoCora/SoCora.gen/sources_1/bd/design_1/ip/design_1_processing_system7_0_0/design_1_processing_system7_0_0/design_1_processing_system7_0_0_in_context.xdc, line 209).
Applied set_property IO_BUFFER_TYPE = NONE for FIXED_IO_mio[38]. (constraint file  /mnt/isaac_sbay0/lbo-ws/Projects/DVR-008-002/Base_Design_Project/Reference_design_project_2020.2/SoCora/SoCora.gen/sources_1/bd/design_1/ip/design_1_processing_system7_0_0/design_1_processing_system7_0_0/design_1_processing_system7_0_0_in_context.xdc, line 210).
Applied set_property CLOCK_BUFFER_TYPE = NONE for FIXED_IO_mio[38]. (constraint file  /mnt/isaac_sbay0/lbo-ws/Projects/DVR-008-002/Base_Design_Project/Reference_design_project_2020.2/SoCora/SoCora.gen/sources_1/bd/design_1/ip/design_1_processing_system7_0_0/design_1_processing_system7_0_0/design_1_processing_system7_0_0_in_context.xdc, line 211).
Applied set_property IO_BUFFER_TYPE = NONE for FIXED_IO_mio[39]. (constraint file  /mnt/isaac_sbay0/lbo-ws/Projects/DVR-008-002/Base_Design_Project/Reference_design_project_2020.2/SoCora/SoCora.gen/sources_1/bd/design_1/ip/design_1_processing_system7_0_0/design_1_processing_system7_0_0/design_1_processing_system7_0_0_in_context.xdc, line 212).
Applied set_property CLOCK_BUFFER_TYPE = NONE for FIXED_IO_mio[39]. (constraint file  /mnt/isaac_sbay0/lbo-ws/Projects/DVR-008-002/Base_Design_Project/Reference_design_project_2020.2/SoCora/SoCora.gen/sources_1/bd/design_1/ip/design_1_processing_system7_0_0/design_1_processing_system7_0_0/design_1_processing_system7_0_0_in_context.xdc, line 213).
Applied set_property IO_BUFFER_TYPE = NONE for FIXED_IO_mio[3]. (constraint file  /mnt/isaac_sbay0/lbo-ws/Projects/DVR-008-002/Base_Design_Project/Reference_design_project_2020.2/SoCora/SoCora.gen/sources_1/bd/design_1/ip/design_1_processing_system7_0_0/design_1_processing_system7_0_0/design_1_processing_system7_0_0_in_context.xdc, line 214).
Applied set_property CLOCK_BUFFER_TYPE = NONE for FIXED_IO_mio[3]. (constraint file  /mnt/isaac_sbay0/lbo-ws/Projects/DVR-008-002/Base_Design_Project/Reference_design_project_2020.2/SoCora/SoCora.gen/sources_1/bd/design_1/ip/design_1_processing_system7_0_0/design_1_processing_system7_0_0/design_1_processing_system7_0_0_in_context.xdc, line 215).
Applied set_property IO_BUFFER_TYPE = NONE for FIXED_IO_mio[40]. (constraint file  /mnt/isaac_sbay0/lbo-ws/Projects/DVR-008-002/Base_Design_Project/Reference_design_project_2020.2/SoCora/SoCora.gen/sources_1/bd/design_1/ip/design_1_processing_system7_0_0/design_1_processing_system7_0_0/design_1_processing_system7_0_0_in_context.xdc, line 216).
Applied set_property CLOCK_BUFFER_TYPE = NONE for FIXED_IO_mio[40]. (constraint file  /mnt/isaac_sbay0/lbo-ws/Projects/DVR-008-002/Base_Design_Project/Reference_design_project_2020.2/SoCora/SoCora.gen/sources_1/bd/design_1/ip/design_1_processing_system7_0_0/design_1_processing_system7_0_0/design_1_processing_system7_0_0_in_context.xdc, line 217).
Applied set_property IO_BUFFER_TYPE = NONE for FIXED_IO_mio[41]. (constraint file  /mnt/isaac_sbay0/lbo-ws/Projects/DVR-008-002/Base_Design_Project/Reference_design_project_2020.2/SoCora/SoCora.gen/sources_1/bd/design_1/ip/design_1_processing_system7_0_0/design_1_processing_system7_0_0/design_1_processing_system7_0_0_in_context.xdc, line 218).
Applied set_property CLOCK_BUFFER_TYPE = NONE for FIXED_IO_mio[41]. (constraint file  /mnt/isaac_sbay0/lbo-ws/Projects/DVR-008-002/Base_Design_Project/Reference_design_project_2020.2/SoCora/SoCora.gen/sources_1/bd/design_1/ip/design_1_processing_system7_0_0/design_1_processing_system7_0_0/design_1_processing_system7_0_0_in_context.xdc, line 219).
Applied set_property IO_BUFFER_TYPE = NONE for FIXED_IO_mio[42]. (constraint file  /mnt/isaac_sbay0/lbo-ws/Projects/DVR-008-002/Base_Design_Project/Reference_design_project_2020.2/SoCora/SoCora.gen/sources_1/bd/design_1/ip/design_1_processing_system7_0_0/design_1_processing_system7_0_0/design_1_processing_system7_0_0_in_context.xdc, line 220).
Applied set_property CLOCK_BUFFER_TYPE = NONE for FIXED_IO_mio[42]. (constraint file  /mnt/isaac_sbay0/lbo-ws/Projects/DVR-008-002/Base_Design_Project/Reference_design_project_2020.2/SoCora/SoCora.gen/sources_1/bd/design_1/ip/design_1_processing_system7_0_0/design_1_processing_system7_0_0/design_1_processing_system7_0_0_in_context.xdc, line 221).
Applied set_property IO_BUFFER_TYPE = NONE for FIXED_IO_mio[43]. (constraint file  /mnt/isaac_sbay0/lbo-ws/Projects/DVR-008-002/Base_Design_Project/Reference_design_project_2020.2/SoCora/SoCora.gen/sources_1/bd/design_1/ip/design_1_processing_system7_0_0/design_1_processing_system7_0_0/design_1_processing_system7_0_0_in_context.xdc, line 222).
Applied set_property CLOCK_BUFFER_TYPE = NONE for FIXED_IO_mio[43]. (constraint file  /mnt/isaac_sbay0/lbo-ws/Projects/DVR-008-002/Base_Design_Project/Reference_design_project_2020.2/SoCora/SoCora.gen/sources_1/bd/design_1/ip/design_1_processing_system7_0_0/design_1_processing_system7_0_0/design_1_processing_system7_0_0_in_context.xdc, line 223).
Applied set_property IO_BUFFER_TYPE = NONE for FIXED_IO_mio[44]. (constraint file  /mnt/isaac_sbay0/lbo-ws/Projects/DVR-008-002/Base_Design_Project/Reference_design_project_2020.2/SoCora/SoCora.gen/sources_1/bd/design_1/ip/design_1_processing_system7_0_0/design_1_processing_system7_0_0/design_1_processing_system7_0_0_in_context.xdc, line 224).
Applied set_property CLOCK_BUFFER_TYPE = NONE for FIXED_IO_mio[44]. (constraint file  /mnt/isaac_sbay0/lbo-ws/Projects/DVR-008-002/Base_Design_Project/Reference_design_project_2020.2/SoCora/SoCora.gen/sources_1/bd/design_1/ip/design_1_processing_system7_0_0/design_1_processing_system7_0_0/design_1_processing_system7_0_0_in_context.xdc, line 225).
Applied set_property IO_BUFFER_TYPE = NONE for FIXED_IO_mio[45]. (constraint file  /mnt/isaac_sbay0/lbo-ws/Projects/DVR-008-002/Base_Design_Project/Reference_design_project_2020.2/SoCora/SoCora.gen/sources_1/bd/design_1/ip/design_1_processing_system7_0_0/design_1_processing_system7_0_0/design_1_processing_system7_0_0_in_context.xdc, line 226).
Applied set_property CLOCK_BUFFER_TYPE = NONE for FIXED_IO_mio[45]. (constraint file  /mnt/isaac_sbay0/lbo-ws/Projects/DVR-008-002/Base_Design_Project/Reference_design_project_2020.2/SoCora/SoCora.gen/sources_1/bd/design_1/ip/design_1_processing_system7_0_0/design_1_processing_system7_0_0/design_1_processing_system7_0_0_in_context.xdc, line 227).
Applied set_property IO_BUFFER_TYPE = NONE for FIXED_IO_mio[46]. (constraint file  /mnt/isaac_sbay0/lbo-ws/Projects/DVR-008-002/Base_Design_Project/Reference_design_project_2020.2/SoCora/SoCora.gen/sources_1/bd/design_1/ip/design_1_processing_system7_0_0/design_1_processing_system7_0_0/design_1_processing_system7_0_0_in_context.xdc, line 228).
Applied set_property CLOCK_BUFFER_TYPE = NONE for FIXED_IO_mio[46]. (constraint file  /mnt/isaac_sbay0/lbo-ws/Projects/DVR-008-002/Base_Design_Project/Reference_design_project_2020.2/SoCora/SoCora.gen/sources_1/bd/design_1/ip/design_1_processing_system7_0_0/design_1_processing_system7_0_0/design_1_processing_system7_0_0_in_context.xdc, line 229).
Applied set_property IO_BUFFER_TYPE = NONE for FIXED_IO_mio[47]. (constraint file  /mnt/isaac_sbay0/lbo-ws/Projects/DVR-008-002/Base_Design_Project/Reference_design_project_2020.2/SoCora/SoCora.gen/sources_1/bd/design_1/ip/design_1_processing_system7_0_0/design_1_processing_system7_0_0/design_1_processing_system7_0_0_in_context.xdc, line 230).
Applied set_property CLOCK_BUFFER_TYPE = NONE for FIXED_IO_mio[47]. (constraint file  /mnt/isaac_sbay0/lbo-ws/Projects/DVR-008-002/Base_Design_Project/Reference_design_project_2020.2/SoCora/SoCora.gen/sources_1/bd/design_1/ip/design_1_processing_system7_0_0/design_1_processing_system7_0_0/design_1_processing_system7_0_0_in_context.xdc, line 231).
Applied set_property IO_BUFFER_TYPE = NONE for FIXED_IO_mio[48]. (constraint file  /mnt/isaac_sbay0/lbo-ws/Projects/DVR-008-002/Base_Design_Project/Reference_design_project_2020.2/SoCora/SoCora.gen/sources_1/bd/design_1/ip/design_1_processing_system7_0_0/design_1_processing_system7_0_0/design_1_processing_system7_0_0_in_context.xdc, line 232).
Applied set_property CLOCK_BUFFER_TYPE = NONE for FIXED_IO_mio[48]. (constraint file  /mnt/isaac_sbay0/lbo-ws/Projects/DVR-008-002/Base_Design_Project/Reference_design_project_2020.2/SoCora/SoCora.gen/sources_1/bd/design_1/ip/design_1_processing_system7_0_0/design_1_processing_system7_0_0/design_1_processing_system7_0_0_in_context.xdc, line 233).
Applied set_property IO_BUFFER_TYPE = NONE for FIXED_IO_mio[49]. (constraint file  /mnt/isaac_sbay0/lbo-ws/Projects/DVR-008-002/Base_Design_Project/Reference_design_project_2020.2/SoCora/SoCora.gen/sources_1/bd/design_1/ip/design_1_processing_system7_0_0/design_1_processing_system7_0_0/design_1_processing_system7_0_0_in_context.xdc, line 234).
Applied set_property CLOCK_BUFFER_TYPE = NONE for FIXED_IO_mio[49]. (constraint file  /mnt/isaac_sbay0/lbo-ws/Projects/DVR-008-002/Base_Design_Project/Reference_design_project_2020.2/SoCora/SoCora.gen/sources_1/bd/design_1/ip/design_1_processing_system7_0_0/design_1_processing_system7_0_0/design_1_processing_system7_0_0_in_context.xdc, line 235).
Applied set_property IO_BUFFER_TYPE = NONE for FIXED_IO_mio[4]. (constraint file  /mnt/isaac_sbay0/lbo-ws/Projects/DVR-008-002/Base_Design_Project/Reference_design_project_2020.2/SoCora/SoCora.gen/sources_1/bd/design_1/ip/design_1_processing_system7_0_0/design_1_processing_system7_0_0/design_1_processing_system7_0_0_in_context.xdc, line 236).
Applied set_property CLOCK_BUFFER_TYPE = NONE for FIXED_IO_mio[4]. (constraint file  /mnt/isaac_sbay0/lbo-ws/Projects/DVR-008-002/Base_Design_Project/Reference_design_project_2020.2/SoCora/SoCora.gen/sources_1/bd/design_1/ip/design_1_processing_system7_0_0/design_1_processing_system7_0_0/design_1_processing_system7_0_0_in_context.xdc, line 237).
Applied set_property IO_BUFFER_TYPE = NONE for FIXED_IO_mio[50]. (constraint file  /mnt/isaac_sbay0/lbo-ws/Projects/DVR-008-002/Base_Design_Project/Reference_design_project_2020.2/SoCora/SoCora.gen/sources_1/bd/design_1/ip/design_1_processing_system7_0_0/design_1_processing_system7_0_0/design_1_processing_system7_0_0_in_context.xdc, line 238).
Applied set_property CLOCK_BUFFER_TYPE = NONE for FIXED_IO_mio[50]. (constraint file  /mnt/isaac_sbay0/lbo-ws/Projects/DVR-008-002/Base_Design_Project/Reference_design_project_2020.2/SoCora/SoCora.gen/sources_1/bd/design_1/ip/design_1_processing_system7_0_0/design_1_processing_system7_0_0/design_1_processing_system7_0_0_in_context.xdc, line 239).
Applied set_property IO_BUFFER_TYPE = NONE for FIXED_IO_mio[51]. (constraint file  /mnt/isaac_sbay0/lbo-ws/Projects/DVR-008-002/Base_Design_Project/Reference_design_project_2020.2/SoCora/SoCora.gen/sources_1/bd/design_1/ip/design_1_processing_system7_0_0/design_1_processing_system7_0_0/design_1_processing_system7_0_0_in_context.xdc, line 240).
Applied set_property CLOCK_BUFFER_TYPE = NONE for FIXED_IO_mio[51]. (constraint file  /mnt/isaac_sbay0/lbo-ws/Projects/DVR-008-002/Base_Design_Project/Reference_design_project_2020.2/SoCora/SoCora.gen/sources_1/bd/design_1/ip/design_1_processing_system7_0_0/design_1_processing_system7_0_0/design_1_processing_system7_0_0_in_context.xdc, line 241).
Applied set_property IO_BUFFER_TYPE = NONE for FIXED_IO_mio[52]. (constraint file  /mnt/isaac_sbay0/lbo-ws/Projects/DVR-008-002/Base_Design_Project/Reference_design_project_2020.2/SoCora/SoCora.gen/sources_1/bd/design_1/ip/design_1_processing_system7_0_0/design_1_processing_system7_0_0/design_1_processing_system7_0_0_in_context.xdc, line 242).
Applied set_property CLOCK_BUFFER_TYPE = NONE for FIXED_IO_mio[52]. (constraint file  /mnt/isaac_sbay0/lbo-ws/Projects/DVR-008-002/Base_Design_Project/Reference_design_project_2020.2/SoCora/SoCora.gen/sources_1/bd/design_1/ip/design_1_processing_system7_0_0/design_1_processing_system7_0_0/design_1_processing_system7_0_0_in_context.xdc, line 243).
Applied set_property IO_BUFFER_TYPE = NONE for FIXED_IO_mio[53]. (constraint file  /mnt/isaac_sbay0/lbo-ws/Projects/DVR-008-002/Base_Design_Project/Reference_design_project_2020.2/SoCora/SoCora.gen/sources_1/bd/design_1/ip/design_1_processing_system7_0_0/design_1_processing_system7_0_0/design_1_processing_system7_0_0_in_context.xdc, line 244).
Applied set_property CLOCK_BUFFER_TYPE = NONE for FIXED_IO_mio[53]. (constraint file  /mnt/isaac_sbay0/lbo-ws/Projects/DVR-008-002/Base_Design_Project/Reference_design_project_2020.2/SoCora/SoCora.gen/sources_1/bd/design_1/ip/design_1_processing_system7_0_0/design_1_processing_system7_0_0/design_1_processing_system7_0_0_in_context.xdc, line 245).
Applied set_property IO_BUFFER_TYPE = NONE for FIXED_IO_mio[5]. (constraint file  /mnt/isaac_sbay0/lbo-ws/Projects/DVR-008-002/Base_Design_Project/Reference_design_project_2020.2/SoCora/SoCora.gen/sources_1/bd/design_1/ip/design_1_processing_system7_0_0/design_1_processing_system7_0_0/design_1_processing_system7_0_0_in_context.xdc, line 246).
Applied set_property CLOCK_BUFFER_TYPE = NONE for FIXED_IO_mio[5]. (constraint file  /mnt/isaac_sbay0/lbo-ws/Projects/DVR-008-002/Base_Design_Project/Reference_design_project_2020.2/SoCora/SoCora.gen/sources_1/bd/design_1/ip/design_1_processing_system7_0_0/design_1_processing_system7_0_0/design_1_processing_system7_0_0_in_context.xdc, line 247).
Applied set_property IO_BUFFER_TYPE = NONE for FIXED_IO_mio[6]. (constraint file  /mnt/isaac_sbay0/lbo-ws/Projects/DVR-008-002/Base_Design_Project/Reference_design_project_2020.2/SoCora/SoCora.gen/sources_1/bd/design_1/ip/design_1_processing_system7_0_0/design_1_processing_system7_0_0/design_1_processing_system7_0_0_in_context.xdc, line 248).
Applied set_property CLOCK_BUFFER_TYPE = NONE for FIXED_IO_mio[6]. (constraint file  /mnt/isaac_sbay0/lbo-ws/Projects/DVR-008-002/Base_Design_Project/Reference_design_project_2020.2/SoCora/SoCora.gen/sources_1/bd/design_1/ip/design_1_processing_system7_0_0/design_1_processing_system7_0_0/design_1_processing_system7_0_0_in_context.xdc, line 249).
Applied set_property IO_BUFFER_TYPE = NONE for FIXED_IO_mio[7]. (constraint file  /mnt/isaac_sbay0/lbo-ws/Projects/DVR-008-002/Base_Design_Project/Reference_design_project_2020.2/SoCora/SoCora.gen/sources_1/bd/design_1/ip/design_1_processing_system7_0_0/design_1_processing_system7_0_0/design_1_processing_system7_0_0_in_context.xdc, line 250).
Applied set_property CLOCK_BUFFER_TYPE = NONE for FIXED_IO_mio[7]. (constraint file  /mnt/isaac_sbay0/lbo-ws/Projects/DVR-008-002/Base_Design_Project/Reference_design_project_2020.2/SoCora/SoCora.gen/sources_1/bd/design_1/ip/design_1_processing_system7_0_0/design_1_processing_system7_0_0/design_1_processing_system7_0_0_in_context.xdc, line 251).
Applied set_property IO_BUFFER_TYPE = NONE for FIXED_IO_mio[8]. (constraint file  /mnt/isaac_sbay0/lbo-ws/Projects/DVR-008-002/Base_Design_Project/Reference_design_project_2020.2/SoCora/SoCora.gen/sources_1/bd/design_1/ip/design_1_processing_system7_0_0/design_1_processing_system7_0_0/design_1_processing_system7_0_0_in_context.xdc, line 252).
Applied set_property CLOCK_BUFFER_TYPE = NONE for FIXED_IO_mio[8]. (constraint file  /mnt/isaac_sbay0/lbo-ws/Projects/DVR-008-002/Base_Design_Project/Reference_design_project_2020.2/SoCora/SoCora.gen/sources_1/bd/design_1/ip/design_1_processing_system7_0_0/design_1_processing_system7_0_0/design_1_processing_system7_0_0_in_context.xdc, line 253).
Applied set_property IO_BUFFER_TYPE = NONE for FIXED_IO_mio[9]. (constraint file  /mnt/isaac_sbay0/lbo-ws/Projects/DVR-008-002/Base_Design_Project/Reference_design_project_2020.2/SoCora/SoCora.gen/sources_1/bd/design_1/ip/design_1_processing_system7_0_0/design_1_processing_system7_0_0/design_1_processing_system7_0_0_in_context.xdc, line 254).
Applied set_property CLOCK_BUFFER_TYPE = NONE for FIXED_IO_mio[9]. (constraint file  /mnt/isaac_sbay0/lbo-ws/Projects/DVR-008-002/Base_Design_Project/Reference_design_project_2020.2/SoCora/SoCora.gen/sources_1/bd/design_1/ip/design_1_processing_system7_0_0/design_1_processing_system7_0_0/design_1_processing_system7_0_0_in_context.xdc, line 255).
Applied set_property IO_BUFFER_TYPE = NONE for FIXED_IO_ps_clk. (constraint file  /mnt/isaac_sbay0/lbo-ws/Projects/DVR-008-002/Base_Design_Project/Reference_design_project_2020.2/SoCora/SoCora.gen/sources_1/bd/design_1/ip/design_1_processing_system7_0_0/design_1_processing_system7_0_0/design_1_processing_system7_0_0_in_context.xdc, line 256).
Applied set_property CLOCK_BUFFER_TYPE = NONE for FIXED_IO_ps_clk. (constraint file  /mnt/isaac_sbay0/lbo-ws/Projects/DVR-008-002/Base_Design_Project/Reference_design_project_2020.2/SoCora/SoCora.gen/sources_1/bd/design_1/ip/design_1_processing_system7_0_0/design_1_processing_system7_0_0/design_1_processing_system7_0_0_in_context.xdc, line 257).
Applied set_property IO_BUFFER_TYPE = NONE for FIXED_IO_ps_porb. (constraint file  /mnt/isaac_sbay0/lbo-ws/Projects/DVR-008-002/Base_Design_Project/Reference_design_project_2020.2/SoCora/SoCora.gen/sources_1/bd/design_1/ip/design_1_processing_system7_0_0/design_1_processing_system7_0_0/design_1_processing_system7_0_0_in_context.xdc, line 258).
Applied set_property CLOCK_BUFFER_TYPE = NONE for FIXED_IO_ps_porb. (constraint file  /mnt/isaac_sbay0/lbo-ws/Projects/DVR-008-002/Base_Design_Project/Reference_design_project_2020.2/SoCora/SoCora.gen/sources_1/bd/design_1/ip/design_1_processing_system7_0_0/design_1_processing_system7_0_0/design_1_processing_system7_0_0_in_context.xdc, line 259).
Applied set_property IO_BUFFER_TYPE = NONE for FIXED_IO_ps_srstb. (constraint file  /mnt/isaac_sbay0/lbo-ws/Projects/DVR-008-002/Base_Design_Project/Reference_design_project_2020.2/SoCora/SoCora.gen/sources_1/bd/design_1/ip/design_1_processing_system7_0_0/design_1_processing_system7_0_0/design_1_processing_system7_0_0_in_context.xdc, line 260).
Applied set_property CLOCK_BUFFER_TYPE = NONE for FIXED_IO_ps_srstb. (constraint file  /mnt/isaac_sbay0/lbo-ws/Projects/DVR-008-002/Base_Design_Project/Reference_design_project_2020.2/SoCora/SoCora.gen/sources_1/bd/design_1/ip/design_1_processing_system7_0_0/design_1_processing_system7_0_0/design_1_processing_system7_0_0_in_context.xdc, line 261).
Applied set_property KEEP_HIERARCHY = SOFT for design_1_i. (constraint file  auto generated constraint).
Applied set_property KEEP_HIERARCHY = SOFT for design_1_i/processing_system7_0. (constraint file  auto generated constraint).
Applied set_property KEEP_HIERARCHY = SOFT for design_1_i/axi_gpio_0. (constraint file  auto generated constraint).
Applied set_property KEEP_HIERARCHY = SOFT for design_1_i/axi_gpio_1. (constraint file  auto generated constraint).
Applied set_property KEEP_HIERARCHY = SOFT for design_1_i/rst_ps7_0_50M. (constraint file  auto generated constraint).
Applied set_property KEEP_HIERARCHY = SOFT for design_1_i/ps7_0_axi_periph/xbar. (constraint file  auto generated constraint).
Applied set_property KEEP_HIERARCHY = SOFT for design_1_i/ps7_0_axi_periph/s00_couplers/auto_pc. (constraint file  auto generated constraint).
Applied set_property KEEP_HIERARCHY = SOFT for design_1_i/ps7_0_axi_periph. (constraint file  auto generated constraint).
---------------------------------------------------------------------------------
Finished applying 'set_property' XDC Constraints : Time (s): cpu = 00:00:04 ; elapsed = 00:00:05 . Memory (MB): peak = 2509.543 ; gain = 63.785 ; free physical = 13492 ; free virtual = 50465
---------------------------------------------------------------------------------
---------------------------------------------------------------------------------
Finished RTL Optimization Phase 2 : Time (s): cpu = 00:00:04 ; elapsed = 00:00:05 . Memory (MB): peak = 2509.543 ; gain = 63.785 ; free physical = 13490 ; free virtual = 50464
---------------------------------------------------------------------------------
---------------------------------------------------------------------------------
Start RTL Component Statistics 
---------------------------------------------------------------------------------
Detailed RTL Component Info : 
---------------------------------------------------------------------------------
Finished RTL Component Statistics 
---------------------------------------------------------------------------------
---------------------------------------------------------------------------------
Start Part Resource Summary
---------------------------------------------------------------------------------
Part Resources:
DSPs: 80 (col length:40)
BRAMs: 120 (col length: RAMB18 40 RAMB36 20)
---------------------------------------------------------------------------------
Finished Part Resource Summary
---------------------------------------------------------------------------------
---------------------------------------------------------------------------------
Start Cross Boundary and Area Optimization
---------------------------------------------------------------------------------
---------------------------------------------------------------------------------
Finished Cross Boundary and Area Optimization : Time (s): cpu = 00:00:04 ; elapsed = 00:00:05 . Memory (MB): peak = 2509.543 ; gain = 63.785 ; free physical = 13441 ; free virtual = 50418
---------------------------------------------------------------------------------
---------------------------------------------------------------------------------
Start Applying XDC Timing Constraints
---------------------------------------------------------------------------------
---------------------------------------------------------------------------------
Finished Applying XDC Timing Constraints : Time (s): cpu = 00:00:06 ; elapsed = 00:00:07 . Memory (MB): peak = 2509.543 ; gain = 63.785 ; free physical = 12693 ; free virtual = 49670
---------------------------------------------------------------------------------
---------------------------------------------------------------------------------
Start Timing Optimization
---------------------------------------------------------------------------------
---------------------------------------------------------------------------------
Finished Timing Optimization : Time (s): cpu = 00:00:06 ; elapsed = 00:00:07 . Memory (MB): peak = 2509.543 ; gain = 63.785 ; free physical = 12692 ; free virtual = 49669
---------------------------------------------------------------------------------
---------------------------------------------------------------------------------
Start Technology Mapping
---------------------------------------------------------------------------------
---------------------------------------------------------------------------------
Finished Technology Mapping : Time (s): cpu = 00:00:06 ; elapsed = 00:00:07 . Memory (MB): peak = 2509.543 ; gain = 63.785 ; free physical = 12682 ; free virtual = 49660
---------------------------------------------------------------------------------
---------------------------------------------------------------------------------
Start IO Insertion
---------------------------------------------------------------------------------
---------------------------------------------------------------------------------
Start Flattening Before IO Insertion
---------------------------------------------------------------------------------
---------------------------------------------------------------------------------
Finished Flattening Before IO Insertion
---------------------------------------------------------------------------------
---------------------------------------------------------------------------------
Start Final Netlist Cleanup
---------------------------------------------------------------------------------
---------------------------------------------------------------------------------
Finished Final Netlist Cleanup
---------------------------------------------------------------------------------
---------------------------------------------------------------------------------
Finished IO Insertion : Time (s): cpu = 00:00:07 ; elapsed = 00:00:08 . Memory (MB): peak = 2509.543 ; gain = 63.785 ; free physical = 12573 ; free virtual = 49550
---------------------------------------------------------------------------------
---------------------------------------------------------------------------------
Start Renaming Generated Instances
---------------------------------------------------------------------------------
---------------------------------------------------------------------------------
Finished Renaming Generated Instances : Time (s): cpu = 00:00:07 ; elapsed = 00:00:08 . Memory (MB): peak = 2509.543 ; gain = 63.785 ; free physical = 12573 ; free virtual = 49550
---------------------------------------------------------------------------------
---------------------------------------------------------------------------------
Start Rebuilding User Hierarchy
---------------------------------------------------------------------------------
---------------------------------------------------------------------------------
Finished Rebuilding User Hierarchy : Time (s): cpu = 00:00:07 ; elapsed = 00:00:08 . Memory (MB): peak = 2509.543 ; gain = 63.785 ; free physical = 12573 ; free virtual = 49550
---------------------------------------------------------------------------------
---------------------------------------------------------------------------------
Start Renaming Generated Ports
---------------------------------------------------------------------------------
---------------------------------------------------------------------------------
Finished Renaming Generated Ports : Time (s): cpu = 00:00:07 ; elapsed = 00:00:08 . Memory (MB): peak = 2509.543 ; gain = 63.785 ; free physical = 12573 ; free virtual = 49550
---------------------------------------------------------------------------------
---------------------------------------------------------------------------------
Start Handling Custom Attributes
---------------------------------------------------------------------------------
---------------------------------------------------------------------------------
Finished Handling Custom Attributes : Time (s): cpu = 00:00:07 ; elapsed = 00:00:08 . Memory (MB): peak = 2509.543 ; gain = 63.785 ; free physical = 12573 ; free virtual = 49550
---------------------------------------------------------------------------------
---------------------------------------------------------------------------------
Start Renaming Generated Nets
---------------------------------------------------------------------------------
---------------------------------------------------------------------------------
Finished Renaming Generated Nets : Time (s): cpu = 00:00:07 ; elapsed = 00:00:08 . Memory (MB): peak = 2509.543 ; gain = 63.785 ; free physical = 12573 ; free virtual = 49550
---------------------------------------------------------------------------------
---------------------------------------------------------------------------------
Start Writing Synthesis Report
---------------------------------------------------------------------------------

Report BlackBoxes: 
+------+--------------------------------+----------+
|      |BlackBox name                   |Instances |
+------+--------------------------------+----------+
|1     |design_1_xbar_0                 |         1|
|2     |design_1_auto_pc_0              |         1|
|3     |design_1_axi_gpio_0_0           |         1|
|4     |design_1_axi_gpio_1_0           |         1|
|5     |design_1_processing_system7_0_0 |         1|
|6     |design_1_rst_ps7_0_50M_0        |         1|
+------+--------------------------------+----------+

Report Cell Usage: 
+------+-------------------------------------+------+
|      |Cell                                 |Count |
+------+-------------------------------------+------+
|1     |design_1_auto_pc_0_bbox              |     1|
|2     |design_1_axi_gpio_0_0_bbox           |     1|
|3     |design_1_axi_gpio_1_0_bbox           |     1|
|4     |design_1_processing_system7_0_0_bbox |     1|
|5     |design_1_rst_ps7_0_50M_0_bbox        |     1|
|6     |design_1_xbar_0_bbox                 |     1|
|7     |OBUF                                 |     6|
+------+-------------------------------------+------+
---------------------------------------------------------------------------------
Finished Writing Synthesis Report : Time (s): cpu = 00:00:07 ; elapsed = 00:00:08 . Memory (MB): peak = 2509.543 ; gain = 63.785 ; free physical = 12572 ; free virtual = 49549
---------------------------------------------------------------------------------
Synthesis finished with 0 errors, 0 critical warnings and 0 warnings.
Synthesis Optimization Runtime : Time (s): cpu = 00:00:07 ; elapsed = 00:00:07 . Memory (MB): peak = 2509.543 ; gain = 0.000 ; free physical = 12625 ; free virtual = 49603
Synthesis Optimization Complete : Time (s): cpu = 00:00:07 ; elapsed = 00:00:08 . Memory (MB): peak = 2509.543 ; gain = 63.785 ; free physical = 12625 ; free virtual = 49603
INFO: [Project 1-571] Translating synthesized netlist
Netlist sorting complete. Time (s): cpu = 00:00:00 ; elapsed = 00:00:00.01 . Memory (MB): peak = 2509.543 ; gain = 0.000 ; free physical = 12709 ; free virtual = 49687
INFO: [Project 1-570] Preparing netlist for logic optimization
INFO: [Opt 31-138] Pushed 0 inverter(s) to 0 load pin(s).
Netlist sorting complete. Time (s): cpu = 00:00:00 ; elapsed = 00:00:00 . Memory (MB): peak = 2509.543 ; gain = 0.000 ; free physical = 12651 ; free virtual = 49628
INFO: [Project 1-111] Unisim Transformation Summary:
No Unisim elements were transformed.

INFO: [Common 17-83] Releasing license: Synthesis
41 Infos, 21 Warnings, 0 Critical Warnings and 0 Errors encountered.
synth_design completed successfully
synth_design: Time (s): cpu = 00:00:11 ; elapsed = 00:00:10 . Memory (MB): peak = 2509.543 ; gain = 64.031 ; free physical = 12786 ; free virtual = 49763
INFO: [Common 17-1381] The checkpoint '/mnt/isaac_sbay0/lbo-ws/Projects/DVR-008-002/Base_Design_Project/Reference_design_project_2020.2/SoCora/SoCora.runs/synth_1/design_1_wrapper.dcp' has been generated.
INFO: [runtcl-4] Executing : report_utilization -file design_1_wrapper_utilization_synth.rpt -pb design_1_wrapper_utilization_synth.pb
INFO: [Common 17-206] Exiting Vivado at Tue Sep  1 14:28:38 2026...
[Tue Sep  1 14:28:41 2026] synth_1 finished
wait_on_run: Time (s): cpu = 00:02:04 ; elapsed = 00:00:45 . Memory (MB): peak = 2611.535 ; gain = 0.000 ; free physical = 13594 ; free virtual = 50567
INFO : synth_1 -> synth_design Complete! (100%)
[Tue Sep  1 14:28:42 2026] Launched impl_1...
Run output will be captured here: /mnt/isaac_sbay0/lbo-ws/Projects/DVR-008-002/Base_Design_Project/Reference_design_project_2020.2/SoCora/SoCora.runs/impl_1/runme.log
[Tue Sep  1 14:28:42 2026] Waiting for impl_1 to finish...

*** Running vivado
    with args -log design_1_wrapper.vdi -applog -m64 -product Vivado -messageDb vivado.pb -mode batch -source design_1_wrapper.tcl -notrace


****** Vivado v2020.2 (64-bit)
  **** SW Build 3064766 on Wed Nov 18 09:12:47 MST 2020
  **** IP Build 3064653 on Wed Nov 18 14:17:31 MST 2020
    ** Copyright 1986-2020 Xilinx, Inc. All Rights Reserved.

source design_1_wrapper.tcl -notrace
INFO: [IP_Flow 19-234] Refreshing IP repositories
INFO: [IP_Flow 19-1704] No user IP repositories specified
INFO: [IP_Flow 19-2313] Loaded Vivado IP repository '/tools/xilinx/Vivado/2020.2/data/ip'.
Command: link_design -top design_1_wrapper -part xc7z010clg400-1
Design is defaulting to srcset: sources_1
Design is defaulting to constrset: constrs_1
INFO: [Device 21-403] Loading part xc7z010clg400-1
INFO: [Project 1-454] Reading design checkpoint '/mnt/isaac_sbay0/lbo-ws/Projects/DVR-008-002/Base_Design_Project/Reference_design_project_2020.2/SoCora/SoCora.gen/sources_1/bd/design_1/ip/design_1_axi_gpio_0_0/design_1_axi_gpio_0_0.dcp' for cell 'design_1_i/axi_gpio_0'
INFO: [Project 1-454] Reading design checkpoint '/mnt/isaac_sbay0/lbo-ws/Projects/DVR-008-002/Base_Design_Project/Reference_design_project_2020.2/SoCora/SoCora.gen/sources_1/bd/design_1/ip/design_1_axi_gpio_1_0/design_1_axi_gpio_1_0.dcp' for cell 'design_1_i/axi_gpio_1'
INFO: [Project 1-454] Reading design checkpoint '/mnt/isaac_sbay0/lbo-ws/Projects/DVR-008-002/Base_Design_Project/Reference_design_project_2020.2/SoCora/SoCora.gen/sources_1/bd/design_1/ip/design_1_processing_system7_0_0/design_1_processing_system7_0_0.dcp' for cell 'design_1_i/processing_system7_0'
INFO: [Project 1-454] Reading design checkpoint '/mnt/isaac_sbay0/lbo-ws/Projects/DVR-008-002/Base_Design_Project/Reference_design_project_2020.2/SoCora/SoCora.gen/sources_1/bd/design_1/ip/design_1_rst_ps7_0_50M_0/design_1_rst_ps7_0_50M_0.dcp' for cell 'design_1_i/rst_ps7_0_50M'
INFO: [Project 1-454] Reading design checkpoint '/mnt/isaac_sbay0/lbo-ws/Projects/DVR-008-002/Base_Design_Project/Reference_design_project_2020.2/SoCora/SoCora.gen/sources_1/bd/design_1/ip/design_1_xbar_0/design_1_xbar_0.dcp' for cell 'design_1_i/ps7_0_axi_periph/xbar'
INFO: [Project 1-454] Reading design checkpoint '/mnt/isaac_sbay0/lbo-ws/Projects/DVR-008-002/Base_Design_Project/Reference_design_project_2020.2/SoCora/SoCora.gen/sources_1/bd/design_1/ip/design_1_auto_pc_0/design_1_auto_pc_0.dcp' for cell 'design_1_i/ps7_0_axi_periph/s00_couplers/auto_pc'
Netlist sorting complete. Time (s): cpu = 00:00:00.01 ; elapsed = 00:00:00.02 . Memory (MB): peak = 2450.699 ; gain = 0.000 ; free physical = 12830 ; free virtual = 49803
INFO: [Netlist 29-17] Analyzing 18 Unisim elements for replacement
INFO: [Netlist 29-28] Unisim Transformation completed in 0 CPU seconds
INFO: [Project 1-479] Netlist was created with Vivado 2020.2
INFO: [Project 1-570] Preparing netlist for logic optimization
Parsing XDC File [/mnt/isaac_sbay0/lbo-ws/Projects/DVR-008-002/Base_Design_Project/Reference_design_project_2020.2/SoCora/SoCora.gen/sources_1/bd/design_1/ip/design_1_processing_system7_0_0/design_1_processing_system7_0_0.xdc] for cell 'design_1_i/processing_system7_0/inst'
Finished Parsing XDC File [/mnt/isaac_sbay0/lbo-ws/Projects/DVR-008-002/Base_Design_Project/Reference_design_project_2020.2/SoCora/SoCora.gen/sources_1/bd/design_1/ip/design_1_processing_system7_0_0/design_1_processing_system7_0_0.xdc] for cell 'design_1_i/processing_system7_0/inst'
Parsing XDC File [/mnt/isaac_sbay0/lbo-ws/Projects/DVR-008-002/Base_Design_Project/Reference_design_project_2020.2/SoCora/SoCora.gen/sources_1/bd/design_1/ip/design_1_axi_gpio_0_0/design_1_axi_gpio_0_0_board.xdc] for cell 'design_1_i/axi_gpio_0/U0'
Finished Parsing XDC File [/mnt/isaac_sbay0/lbo-ws/Projects/DVR-008-002/Base_Design_Project/Reference_design_project_2020.2/SoCora/SoCora.gen/sources_1/bd/design_1/ip/design_1_axi_gpio_0_0/design_1_axi_gpio_0_0_board.xdc] for cell 'design_1_i/axi_gpio_0/U0'
Parsing XDC File [/mnt/isaac_sbay0/lbo-ws/Projects/DVR-008-002/Base_Design_Project/Reference_design_project_2020.2/SoCora/SoCora.gen/sources_1/bd/design_1/ip/design_1_axi_gpio_0_0/design_1_axi_gpio_0_0.xdc] for cell 'design_1_i/axi_gpio_0/U0'
Finished Parsing XDC File [/mnt/isaac_sbay0/lbo-ws/Projects/DVR-008-002/Base_Design_Project/Reference_design_project_2020.2/SoCora/SoCora.gen/sources_1/bd/design_1/ip/design_1_axi_gpio_0_0/design_1_axi_gpio_0_0.xdc] for cell 'design_1_i/axi_gpio_0/U0'
Parsing XDC File [/mnt/isaac_sbay0/lbo-ws/Projects/DVR-008-002/Base_Design_Project/Reference_design_project_2020.2/SoCora/SoCora.gen/sources_1/bd/design_1/ip/design_1_axi_gpio_1_0/design_1_axi_gpio_1_0_board.xdc] for cell 'design_1_i/axi_gpio_1/U0'
Finished Parsing XDC File [/mnt/isaac_sbay0/lbo-ws/Projects/DVR-008-002/Base_Design_Project/Reference_design_project_2020.2/SoCora/SoCora.gen/sources_1/bd/design_1/ip/design_1_axi_gpio_1_0/design_1_axi_gpio_1_0_board.xdc] for cell 'design_1_i/axi_gpio_1/U0'
Parsing XDC File [/mnt/isaac_sbay0/lbo-ws/Projects/DVR-008-002/Base_Design_Project/Reference_design_project_2020.2/SoCora/SoCora.gen/sources_1/bd/design_1/ip/design_1_axi_gpio_1_0/design_1_axi_gpio_1_0.xdc] for cell 'design_1_i/axi_gpio_1/U0'
Finished Parsing XDC File [/mnt/isaac_sbay0/lbo-ws/Projects/DVR-008-002/Base_Design_Project/Reference_design_project_2020.2/SoCora/SoCora.gen/sources_1/bd/design_1/ip/design_1_axi_gpio_1_0/design_1_axi_gpio_1_0.xdc] for cell 'design_1_i/axi_gpio_1/U0'
Parsing XDC File [/mnt/isaac_sbay0/lbo-ws/Projects/DVR-008-002/Base_Design_Project/Reference_design_project_2020.2/SoCora/SoCora.gen/sources_1/bd/design_1/ip/design_1_rst_ps7_0_50M_0/design_1_rst_ps7_0_50M_0_board.xdc] for cell 'design_1_i/rst_ps7_0_50M/U0'
Finished Parsing XDC File [/mnt/isaac_sbay0/lbo-ws/Projects/DVR-008-002/Base_Design_Project/Reference_design_project_2020.2/SoCora/SoCora.gen/sources_1/bd/design_1/ip/design_1_rst_ps7_0_50M_0/design_1_rst_ps7_0_50M_0_board.xdc] for cell 'design_1_i/rst_ps7_0_50M/U0'
Parsing XDC File [/mnt/isaac_sbay0/lbo-ws/Projects/DVR-008-002/Base_Design_Project/Reference_design_project_2020.2/SoCora/SoCora.gen/sources_1/bd/design_1/ip/design_1_rst_ps7_0_50M_0/design_1_rst_ps7_0_50M_0.xdc] for cell 'design_1_i/rst_ps7_0_50M/U0'
Finished Parsing XDC File [/mnt/isaac_sbay0/lbo-ws/Projects/DVR-008-002/Base_Design_Project/Reference_design_project_2020.2/SoCora/SoCora.gen/sources_1/bd/design_1/ip/design_1_rst_ps7_0_50M_0/design_1_rst_ps7_0_50M_0.xdc] for cell 'design_1_i/rst_ps7_0_50M/U0'
Parsing XDC File [/mnt/isaac_sbay0/lbo-ws/Projects/DVR-008-002/Base_Design_Project/Reference_design_project_2020.2/src/constraints/Cora-Z7-10-Master.xdc]
WARNING: [Vivado 12-584] No ports matched 'Vp_Vn_0_v_p'. [/mnt/isaac_sbay0/lbo-ws/Projects/DVR-008-002/Base_Design_Project/Reference_design_project_2020.2/src/constraints/Cora-Z7-10-Master.xdc:46]
CRITICAL WARNING: [Common 17-55] 'set_property' expects at least one object. [/mnt/isaac_sbay0/lbo-ws/Projects/DVR-008-002/Base_Design_Project/Reference_design_project_2020.2/src/constraints/Cora-Z7-10-Master.xdc:46]
Resolution: If [get_<value>] was used to populate the object, check to make sure this command returns at least one valid object.
WARNING: [Vivado 12-584] No ports matched 'Vp_Vn_0_v_n'. [/mnt/isaac_sbay0/lbo-ws/Projects/DVR-008-002/Base_Design_Project/Reference_design_project_2020.2/src/constraints/Cora-Z7-10-Master.xdc:47]
CRITICAL WARNING: [Common 17-55] 'set_property' expects at least one object. [/mnt/isaac_sbay0/lbo-ws/Projects/DVR-008-002/Base_Design_Project/Reference_design_project_2020.2/src/constraints/Cora-Z7-10-Master.xdc:47]
Resolution: If [get_<value>] was used to populate the object, check to make sure this command returns at least one valid object.
WARNING: [Vivado 12-584] No ports matched 'Vaux1_0_v_p'. [/mnt/isaac_sbay0/lbo-ws/Projects/DVR-008-002/Base_Design_Project/Reference_design_project_2020.2/src/constraints/Cora-Z7-10-Master.xdc:52]
CRITICAL WARNING: [Common 17-55] 'set_property' expects at least one object. [/mnt/isaac_sbay0/lbo-ws/Projects/DVR-008-002/Base_Design_Project/Reference_design_project_2020.2/src/constraints/Cora-Z7-10-Master.xdc:52]
Resolution: If [get_<value>] was used to populate the object, check to make sure this command returns at least one valid object.
WARNING: [Vivado 12-584] No ports matched 'Vaux1_0_v_n'. [/mnt/isaac_sbay0/lbo-ws/Projects/DVR-008-002/Base_Design_Project/Reference_design_project_2020.2/src/constraints/Cora-Z7-10-Master.xdc:53]
CRITICAL WARNING: [Common 17-55] 'set_property' expects at least one object. [/mnt/isaac_sbay0/lbo-ws/Projects/DVR-008-002/Base_Design_Project/Reference_design_project_2020.2/src/constraints/Cora-Z7-10-Master.xdc:53]
Resolution: If [get_<value>] was used to populate the object, check to make sure this command returns at least one valid object.
WARNING: [Vivado 12-584] No ports matched 'Vaux9_0_v_p'. [/mnt/isaac_sbay0/lbo-ws/Projects/DVR-008-002/Base_Design_Project/Reference_design_project_2020.2/src/constraints/Cora-Z7-10-Master.xdc:54]
CRITICAL WARNING: [Common 17-55] 'set_property' expects at least one object. [/mnt/isaac_sbay0/lbo-ws/Projects/DVR-008-002/Base_Design_Project/Reference_design_project_2020.2/src/constraints/Cora-Z7-10-Master.xdc:54]
Resolution: If [get_<value>] was used to populate the object, check to make sure this command returns at least one valid object.
WARNING: [Vivado 12-584] No ports matched 'Vaux9_0_v_n'. [/mnt/isaac_sbay0/lbo-ws/Projects/DVR-008-002/Base_Design_Project/Reference_design_project_2020.2/src/constraints/Cora-Z7-10-Master.xdc:55]
CRITICAL WARNING: [Common 17-55] 'set_property' expects at least one object. [/mnt/isaac_sbay0/lbo-ws/Projects/DVR-008-002/Base_Design_Project/Reference_design_project_2020.2/src/constraints/Cora-Z7-10-Master.xdc:55]
Resolution: If [get_<value>] was used to populate the object, check to make sure this command returns at least one valid object.
WARNING: [Vivado 12-584] No ports matched 'Vaux6_0_v_p'. [/mnt/isaac_sbay0/lbo-ws/Projects/DVR-008-002/Base_Design_Project/Reference_design_project_2020.2/src/constraints/Cora-Z7-10-Master.xdc:56]
CRITICAL WARNING: [Common 17-55] 'set_property' expects at least one object. [/mnt/isaac_sbay0/lbo-ws/Projects/DVR-008-002/Base_Design_Project/Reference_design_project_2020.2/src/constraints/Cora-Z7-10-Master.xdc:56]
Resolution: If [get_<value>] was used to populate the object, check to make sure this command returns at least one valid object.
WARNING: [Vivado 12-584] No ports matched 'Vaux6_0_v_n'. [/mnt/isaac_sbay0/lbo-ws/Projects/DVR-008-002/Base_Design_Project/Reference_design_project_2020.2/src/constraints/Cora-Z7-10-Master.xdc:57]
CRITICAL WARNING: [Common 17-55] 'set_property' expects at least one object. [/mnt/isaac_sbay0/lbo-ws/Projects/DVR-008-002/Base_Design_Project/Reference_design_project_2020.2/src/constraints/Cora-Z7-10-Master.xdc:57]
Resolution: If [get_<value>] was used to populate the object, check to make sure this command returns at least one valid object.
WARNING: [Vivado 12-584] No ports matched 'Vaux15_0_v_p'. [/mnt/isaac_sbay0/lbo-ws/Projects/DVR-008-002/Base_Design_Project/Reference_design_project_2020.2/src/constraints/Cora-Z7-10-Master.xdc:58]
CRITICAL WARNING: [Common 17-55] 'set_property' expects at least one object. [/mnt/isaac_sbay0/lbo-ws/Projects/DVR-008-002/Base_Design_Project/Reference_design_project_2020.2/src/constraints/Cora-Z7-10-Master.xdc:58]
Resolution: If [get_<value>] was used to populate the object, check to make sure this command returns at least one valid object.
WARNING: [Vivado 12-584] No ports matched 'Vaux15_0_v_n'. [/mnt/isaac_sbay0/lbo-ws/Projects/DVR-008-002/Base_Design_Project/Reference_design_project_2020.2/src/constraints/Cora-Z7-10-Master.xdc:59]
CRITICAL WARNING: [Common 17-55] 'set_property' expects at least one object. [/mnt/isaac_sbay0/lbo-ws/Projects/DVR-008-002/Base_Design_Project/Reference_design_project_2020.2/src/constraints/Cora-Z7-10-Master.xdc:59]
Resolution: If [get_<value>] was used to populate the object, check to make sure this command returns at least one valid object.
WARNING: [Vivado 12-584] No ports matched 'Vaux5_0_v_p'. [/mnt/isaac_sbay0/lbo-ws/Projects/DVR-008-002/Base_Design_Project/Reference_design_project_2020.2/src/constraints/Cora-Z7-10-Master.xdc:60]
CRITICAL WARNING: [Common 17-55] 'set_property' expects at least one object. [/mnt/isaac_sbay0/lbo-ws/Projects/DVR-008-002/Base_Design_Project/Reference_design_project_2020.2/src/constraints/Cora-Z7-10-Master.xdc:60]
Resolution: If [get_<value>] was used to populate the object, check to make sure this command returns at least one valid object.
WARNING: [Vivado 12-584] No ports matched 'Vaux5_0_v_n'. [/mnt/isaac_sbay0/lbo-ws/Projects/DVR-008-002/Base_Design_Project/Reference_design_project_2020.2/src/constraints/Cora-Z7-10-Master.xdc:61]
CRITICAL WARNING: [Common 17-55] 'set_property' expects at least one object. [/mnt/isaac_sbay0/lbo-ws/Projects/DVR-008-002/Base_Design_Project/Reference_design_project_2020.2/src/constraints/Cora-Z7-10-Master.xdc:61]
Resolution: If [get_<value>] was used to populate the object, check to make sure this command returns at least one valid object.
WARNING: [Vivado 12-584] No ports matched 'Vaux13_0_v_p'. [/mnt/isaac_sbay0/lbo-ws/Projects/DVR-008-002/Base_Design_Project/Reference_design_project_2020.2/src/constraints/Cora-Z7-10-Master.xdc:62]
CRITICAL WARNING: [Common 17-55] 'set_property' expects at least one object. [/mnt/isaac_sbay0/lbo-ws/Projects/DVR-008-002/Base_Design_Project/Reference_design_project_2020.2/src/constraints/Cora-Z7-10-Master.xdc:62]
Resolution: If [get_<value>] was used to populate the object, check to make sure this command returns at least one valid object.
WARNING: [Vivado 12-584] No ports matched 'Vaux13_0_v_n'. [/mnt/isaac_sbay0/lbo-ws/Projects/DVR-008-002/Base_Design_Project/Reference_design_project_2020.2/src/constraints/Cora-Z7-10-Master.xdc:63]
CRITICAL WARNING: [Common 17-55] 'set_property' expects at least one object. [/mnt/isaac_sbay0/lbo-ws/Projects/DVR-008-002/Base_Design_Project/Reference_design_project_2020.2/src/constraints/Cora-Z7-10-Master.xdc:63]
Resolution: If [get_<value>] was used to populate the object, check to make sure this command returns at least one valid object.
WARNING: [Vivado 12-584] No ports matched 'Vaux0_0_v_p'. [/mnt/isaac_sbay0/lbo-ws/Projects/DVR-008-002/Base_Design_Project/Reference_design_project_2020.2/src/constraints/Cora-Z7-10-Master.xdc:76]
CRITICAL WARNING: [Common 17-55] 'set_property' expects at least one object. [/mnt/isaac_sbay0/lbo-ws/Projects/DVR-008-002/Base_Design_Project/Reference_design_project_2020.2/src/constraints/Cora-Z7-10-Master.xdc:76]
Resolution: If [get_<value>] was used to populate the object, check to make sure this command returns at least one valid object.
WARNING: [Vivado 12-584] No ports matched 'Vaux0_0_v_n'. [/mnt/isaac_sbay0/lbo-ws/Projects/DVR-008-002/Base_Design_Project/Reference_design_project_2020.2/src/constraints/Cora-Z7-10-Master.xdc:77]
CRITICAL WARNING: [Common 17-55] 'set_property' expects at least one object. [/mnt/isaac_sbay0/lbo-ws/Projects/DVR-008-002/Base_Design_Project/Reference_design_project_2020.2/src/constraints/Cora-Z7-10-Master.xdc:77]
Resolution: If [get_<value>] was used to populate the object, check to make sure this command returns at least one valid object.
WARNING: [Vivado 12-584] No ports matched 'Vaux12_0_v_p'. [/mnt/isaac_sbay0/lbo-ws/Projects/DVR-008-002/Base_Design_Project/Reference_design_project_2020.2/src/constraints/Cora-Z7-10-Master.xdc:78]
CRITICAL WARNING: [Common 17-55] 'set_property' expects at least one object. [/mnt/isaac_sbay0/lbo-ws/Projects/DVR-008-002/Base_Design_Project/Reference_design_project_2020.2/src/constraints/Cora-Z7-10-Master.xdc:78]
Resolution: If [get_<value>] was used to populate the object, check to make sure this command returns at least one valid object.
WARNING: [Vivado 12-584] No ports matched 'Vaux12_0_v_n'. [/mnt/isaac_sbay0/lbo-ws/Projects/DVR-008-002/Base_Design_Project/Reference_design_project_2020.2/src/constraints/Cora-Z7-10-Master.xdc:79]
CRITICAL WARNING: [Common 17-55] 'set_property' expects at least one object. [/mnt/isaac_sbay0/lbo-ws/Projects/DVR-008-002/Base_Design_Project/Reference_design_project_2020.2/src/constraints/Cora-Z7-10-Master.xdc:79]
Resolution: If [get_<value>] was used to populate the object, check to make sure this command returns at least one valid object.
WARNING: [Vivado 12-584] No ports matched 'Vaux8_0_v_p'. [/mnt/isaac_sbay0/lbo-ws/Projects/DVR-008-002/Base_Design_Project/Reference_design_project_2020.2/src/constraints/Cora-Z7-10-Master.xdc:80]
CRITICAL WARNING: [Common 17-55] 'set_property' expects at least one object. [/mnt/isaac_sbay0/lbo-ws/Projects/DVR-008-002/Base_Design_Project/Reference_design_project_2020.2/src/constraints/Cora-Z7-10-Master.xdc:80]
Resolution: If [get_<value>] was used to populate the object, check to make sure this command returns at least one valid object.
WARNING: [Vivado 12-584] No ports matched 'Vaux8_0_v_n'. [/mnt/isaac_sbay0/lbo-ws/Projects/DVR-008-002/Base_Design_Project/Reference_design_project_2020.2/src/constraints/Cora-Z7-10-Master.xdc:81]
CRITICAL WARNING: [Common 17-55] 'set_property' expects at least one object. [/mnt/isaac_sbay0/lbo-ws/Projects/DVR-008-002/Base_Design_Project/Reference_design_project_2020.2/src/constraints/Cora-Z7-10-Master.xdc:81]
Resolution: If [get_<value>] was used to populate the object, check to make sure this command returns at least one valid object.
Finished Parsing XDC File [/mnt/isaac_sbay0/lbo-ws/Projects/DVR-008-002/Base_Design_Project/Reference_design_project_2020.2/src/constraints/Cora-Z7-10-Master.xdc]
INFO: [Opt 31-138] Pushed 0 inverter(s) to 0 load pin(s).
Netlist sorting complete. Time (s): cpu = 00:00:00 ; elapsed = 00:00:00 . Memory (MB): peak = 2634.543 ; gain = 0.000 ; free physical = 12724 ; free virtual = 49698
INFO: [Project 1-111] Unisim Transformation Summary:
No Unisim elements were transformed.

16 Infos, 20 Warnings, 20 Critical Warnings and 0 Errors encountered.
link_design completed successfully
Command: opt_design
Attempting to get a license for feature 'Implementation' and/or device 'xc7z010'
INFO: [Common 17-349] Got license for feature 'Implementation' and/or device 'xc7z010'
Running DRC as a precondition to command opt_design

Starting DRC Task
INFO: [DRC 23-27] Running DRC with 8 threads
INFO: [Project 1-461] DRC finished with 0 Errors
INFO: [Project 1-462] Please refer to the DRC report (report_drc) for more information.

Time (s): cpu = 00:00:00.75 ; elapsed = 00:00:00.40 . Memory (MB): peak = 2634.543 ; gain = 0.000 ; free physical = 12720 ; free virtual = 49694

Starting Cache Timing Information Task
INFO: [Timing 38-35] Done setting XDC timing constraints.
Ending Cache Timing Information Task | Checksum: 150df2388

Time (s): cpu = 00:00:02 ; elapsed = 00:00:02 . Memory (MB): peak = 2808.465 ; gain = 173.922 ; free physical = 12341 ; free virtual = 49328

Starting Logic Optimization Task

Phase 1 Retarget
INFO: [Opt 31-138] Pushed 0 inverter(s) to 0 load pin(s).
INFO: [Opt 31-49] Retargeted 0 cell(s).
Phase 1 Retarget | Checksum: 18e091077

Time (s): cpu = 00:00:00.06 ; elapsed = 00:00:00.03 . Memory (MB): peak = 2979.402 ; gain = 0.000 ; free physical = 12170 ; free virtual = 49158
INFO: [Opt 31-389] Phase Retarget created 6 cells and removed 38 cells

Phase 2 Constant propagation
INFO: [Opt 31-138] Pushed 0 inverter(s) to 0 load pin(s).
Phase 2 Constant propagation | Checksum: 18e091077

Time (s): cpu = 00:00:00.11 ; elapsed = 00:00:00.04 . Memory (MB): peak = 2979.402 ; gain = 0.000 ; free physical = 12175 ; free virtual = 49163
INFO: [Opt 31-389] Phase Constant propagation created 0 cells and removed 0 cells

Phase 3 Sweep
Phase 3 Sweep | Checksum: 197ee1bcc

Time (s): cpu = 00:00:00.16 ; elapsed = 00:00:00.09 . Memory (MB): peak = 2979.402 ; gain = 0.000 ; free physical = 12173 ; free virtual = 49161
INFO: [Opt 31-389] Phase Sweep created 0 cells and removed 103 cells

Phase 4 BUFG optimization
Phase 4 BUFG optimization | Checksum: 197ee1bcc

Time (s): cpu = 00:00:00.17 ; elapsed = 00:00:00.09 . Memory (MB): peak = 2979.402 ; gain = 0.000 ; free physical = 12170 ; free virtual = 49158
INFO: [Opt 31-662] Phase BUFG optimization created 0 cells of which 0 are BUFGs and removed 0 cells.

Phase 5 Shift Register Optimization
INFO: [Opt 31-1064] SRL Remap converted 0 SRLs to 0 registers and converted 0 registers of register chains to 0 SRLs
Phase 5 Shift Register Optimization | Checksum: 197ee1bcc

Time (s): cpu = 00:00:00.17 ; elapsed = 00:00:00.10 . Memory (MB): peak = 2979.402 ; gain = 0.000 ; free physical = 12170 ; free virtual = 49158
INFO: [Opt 31-389] Phase Shift Register Optimization created 0 cells and removed 0 cells

Phase 6 Post Processing Netlist
Phase 6 Post Processing Netlist | Checksum: 197ee1bcc

Time (s): cpu = 00:00:00.17 ; elapsed = 00:00:00.10 . Memory (MB): peak = 2979.402 ; gain = 0.000 ; free physical = 12168 ; free virtual = 49156
INFO: [Opt 31-389] Phase Post Processing Netlist created 0 cells and removed 0 cells
Opt_design Change Summary
=========================


-------------------------------------------------------------------------------------------------------------------------
|  Phase                        |  #Cells created  |  #Cells Removed  |  #Constrained objects preventing optimizations  |
-------------------------------------------------------------------------------------------------------------------------
|  Retarget                     |               6  |              38  |                                              0  |
|  Constant propagation         |               0  |               0  |                                              0  |
|  Sweep                        |               0  |             103  |                                              0  |
|  BUFG optimization            |               0  |               0  |                                              0  |
|  Shift Register Optimization  |               0  |               0  |                                              0  |
|  Post Processing Netlist      |               0  |               0  |                                              0  |
-------------------------------------------------------------------------------------------------------------------------



Starting Connectivity Check Task

Time (s): cpu = 00:00:00.02 ; elapsed = 00:00:00 . Memory (MB): peak = 2979.402 ; gain = 0.000 ; free physical = 12166 ; free virtual = 49154
Ending Logic Optimization Task | Checksum: 17ca60b7a

Time (s): cpu = 00:00:00.21 ; elapsed = 00:00:00.12 . Memory (MB): peak = 2979.402 ; gain = 0.000 ; free physical = 12166 ; free virtual = 49154

Starting Power Optimization Task
INFO: [Pwropt 34-132] Skipping clock gating for clocks with a period < 2.00 ns.
Ending Power Optimization Task | Checksum: 17ca60b7a

Time (s): cpu = 00:00:00.03 ; elapsed = 00:00:00.01 . Memory (MB): peak = 2979.402 ; gain = 0.000 ; free physical = 12166 ; free virtual = 49154

Starting Final Cleanup Task
Ending Final Cleanup Task | Checksum: 17ca60b7a

Time (s): cpu = 00:00:00 ; elapsed = 00:00:00 . Memory (MB): peak = 2979.402 ; gain = 0.000 ; free physical = 12166 ; free virtual = 49154

Starting Netlist Obfuscation Task
Netlist sorting complete. Time (s): cpu = 00:00:00.01 ; elapsed = 00:00:00 . Memory (MB): peak = 2979.402 ; gain = 0.000 ; free physical = 12166 ; free virtual = 49154
Ending Netlist Obfuscation Task | Checksum: 17ca60b7a

Time (s): cpu = 00:00:00.01 ; elapsed = 00:00:00 . Memory (MB): peak = 2979.402 ; gain = 0.000 ; free physical = 12166 ; free virtual = 49154
INFO: [Common 17-83] Releasing license: Implementation
33 Infos, 20 Warnings, 20 Critical Warnings and 0 Errors encountered.
opt_design completed successfully
INFO: [Timing 38-480] Writing timing data to binary archive.
Writing placer database...
Writing XDEF routing.
Writing XDEF routing logical nets.
Writing XDEF routing special nets.
Write XDEF Complete: Time (s): cpu = 00:00:00.06 ; elapsed = 00:00:00.01 . Memory (MB): peak = 3019.422 ; gain = 0.000 ; free physical = 12155 ; free virtual = 49145
INFO: [Common 17-1381] The checkpoint '/mnt/isaac_sbay0/lbo-ws/Projects/DVR-008-002/Base_Design_Project/Reference_design_project_2020.2/SoCora/SoCora.runs/impl_1/design_1_wrapper_opt.dcp' has been generated.
INFO: [runtcl-4] Executing : report_drc -file design_1_wrapper_drc_opted.rpt -pb design_1_wrapper_drc_opted.pb -rpx design_1_wrapper_drc_opted.rpx
Command: report_drc -file design_1_wrapper_drc_opted.rpt -pb design_1_wrapper_drc_opted.pb -rpx design_1_wrapper_drc_opted.rpx
INFO: [IP_Flow 19-1839] IP Catalog is up to date.
INFO: [Timing 38-35] Done setting XDC timing constraints.
INFO: [DRC 23-27] Running DRC with 8 threads
INFO: [Coretcl 2-168] The results of DRC are in file /mnt/isaac_sbay0/lbo-ws/Projects/DVR-008-002/Base_Design_Project/Reference_design_project_2020.2/SoCora/SoCora.runs/impl_1/design_1_wrapper_drc_opted.rpt.
report_drc completed successfully
Command: place_design
Attempting to get a license for feature 'Implementation' and/or device 'xc7z010'
INFO: [Common 17-349] Got license for feature 'Implementation' and/or device 'xc7z010'
INFO: [DRC 23-27] Running DRC with 8 threads
INFO: [Vivado_Tcl 4-198] DRC finished with 0 Errors
INFO: [Vivado_Tcl 4-199] Please refer to the DRC report (report_drc) for more information.
Running DRC as a precondition to command place_design
INFO: [DRC 23-27] Running DRC with 8 threads
INFO: [Vivado_Tcl 4-198] DRC finished with 0 Errors
INFO: [Vivado_Tcl 4-199] Please refer to the DRC report (report_drc) for more information.

Starting Placer Task
INFO: [Place 30-611] Multithreading enabled for place_design using a maximum of 8 CPUs

Phase 1 Placer Initialization

Phase 1.1 Placer Initialization Netlist Sorting
Netlist sorting complete. Time (s): cpu = 00:00:00 ; elapsed = 00:00:00 . Memory (MB): peak = 3203.445 ; gain = 0.000 ; free physical = 14536 ; free virtual = 51534
Phase 1.1 Placer Initialization Netlist Sorting | Checksum: 11dba79cc

Time (s): cpu = 00:00:00.01 ; elapsed = 00:00:00.03 . Memory (MB): peak = 3203.445 ; gain = 0.000 ; free physical = 14536 ; free virtual = 51534
Netlist sorting complete. Time (s): cpu = 00:00:00 ; elapsed = 00:00:00 . Memory (MB): peak = 3203.445 ; gain = 0.000 ; free physical = 14535 ; free virtual = 51533

Phase 1.2 IO Placement/ Clock Placement/ Build Placer Device
Phase 1.2 IO Placement/ Clock Placement/ Build Placer Device | Checksum: 5a000560

Time (s): cpu = 00:00:00.35 ; elapsed = 00:00:00.22 . Memory (MB): peak = 3203.445 ; gain = 0.000 ; free physical = 14535 ; free virtual = 51533

Phase 1.3 Build Placer Netlist Model
Phase 1.3 Build Placer Netlist Model | Checksum: ce745616

Time (s): cpu = 00:00:00.66 ; elapsed = 00:00:00.30 . Memory (MB): peak = 3203.445 ; gain = 0.000 ; free physical = 14523 ; free virtual = 51522

Phase 1.4 Constrain Clocks/Macros
Phase 1.4 Constrain Clocks/Macros | Checksum: ce745616

Time (s): cpu = 00:00:00.66 ; elapsed = 00:00:00.30 . Memory (MB): peak = 3203.445 ; gain = 0.000 ; free physical = 14523 ; free virtual = 51521
Phase 1 Placer Initialization | Checksum: ce745616

Time (s): cpu = 00:00:00.67 ; elapsed = 00:00:00.31 . Memory (MB): peak = 3203.445 ; gain = 0.000 ; free physical = 14523 ; free virtual = 51521

Phase 2 Global Placement

Phase 2.1 Floorplanning
Phase 2.1 Floorplanning | Checksum: b191ef9c

Time (s): cpu = 00:00:00.85 ; elapsed = 00:00:00.34 . Memory (MB): peak = 3203.445 ; gain = 0.000 ; free physical = 14507 ; free virtual = 51505

Phase 2.2 Update Timing before SLR Path Opt
Phase 2.2 Update Timing before SLR Path Opt | Checksum: 10dcc7564

Time (s): cpu = 00:00:00.95 ; elapsed = 00:00:00.37 . Memory (MB): peak = 3203.445 ; gain = 0.000 ; free physical = 14509 ; free virtual = 51508

Phase 2.3 Global Placement Core

Phase 2.3.1 Physical Synthesis In Placer
INFO: [Physopt 32-1035] Found 0 LUTNM shape to break, 30 LUT instances to create LUTNM shape
INFO: [Physopt 32-1044] Break lutnm for timing: one critical 0, two critical 0, total 0, new lutff created 0
INFO: [Physopt 32-775] End 1 Pass. Optimized 12 nets or cells. Created 0 new cell, deleted 12 existing cells and moved 0 existing cell
INFO: [Physopt 32-65] No nets found for high-fanout optimization.
INFO: [Physopt 32-232] Optimized 0 net. Created 0 new instance.
INFO: [Physopt 32-775] End 1 Pass. Optimized 0 net or cell. Created 0 new cell, deleted 0 existing cell and moved 0 existing cell
INFO: [Physopt 32-670] No setup violation found.  DSP Register Optimization was not performed.
INFO: [Physopt 32-670] No setup violation found.  Shift Register to Pipeline Optimization was not performed.
INFO: [Physopt 32-670] No setup violation found.  Shift Register Optimization was not performed.
INFO: [Physopt 32-670] No setup violation found.  BRAM Register Optimization was not performed.
INFO: [Physopt 32-670] No setup violation found.  URAM Register Optimization was not performed.
INFO: [Physopt 32-949] No candidate nets found for dynamic/static region interface net replication
INFO: [Physopt 32-775] End 1 Pass. Optimized 0 net or cell. Created 0 new cell, deleted 0 existing cell and moved 0 existing cell
Netlist sorting complete. Time (s): cpu = 00:00:00 ; elapsed = 00:00:00 . Memory (MB): peak = 3203.445 ; gain = 0.000 ; free physical = 14467 ; free virtual = 51466

Summary of Physical Synthesis Optimizations
============================================


-----------------------------------------------------------------------------------------------------------------------------------------------------------
|  Optimization                                     |  Added Cells  |  Removed Cells  |  Optimized Cells/Nets  |  Dont Touch  |  Iterations  |  Elapsed   |
-----------------------------------------------------------------------------------------------------------------------------------------------------------
|  LUT Combining                                    |            0  |             12  |                    12  |           0  |           1  |  00:00:00  |
|  Very High Fanout                                 |            0  |              0  |                     0  |           0  |           1  |  00:00:00  |
|  DSP Register                                     |            0  |              0  |                     0  |           0  |           0  |  00:00:00  |
|  Shift Register to Pipeline                       |            0  |              0  |                     0  |           0  |           0  |  00:00:00  |
|  Shift Register                                   |            0  |              0  |                     0  |           0  |           0  |  00:00:00  |
|  BRAM Register                                    |            0  |              0  |                     0  |           0  |           0  |  00:00:00  |
|  URAM Register                                    |            0  |              0  |                     0  |           0  |           0  |  00:00:00  |
|  Dynamic/Static Region Interface Net Replication  |            0  |              0  |                     0  |           0  |           1  |  00:00:00  |
|  Total                                            |            0  |             12  |                    12  |           0  |           3  |  00:00:00  |
-----------------------------------------------------------------------------------------------------------------------------------------------------------


Phase 2.3.1 Physical Synthesis In Placer | Checksum: 19733d71a

Time (s): cpu = 00:00:03 ; elapsed = 00:00:00.93 . Memory (MB): peak = 3203.445 ; gain = 0.000 ; free physical = 14464 ; free virtual = 51463
Phase 2.3 Global Placement Core | Checksum: d268feab

Time (s): cpu = 00:00:03 ; elapsed = 00:00:00.94 . Memory (MB): peak = 3203.445 ; gain = 0.000 ; free physical = 14464 ; free virtual = 51463
Phase 2 Global Placement | Checksum: d268feab

Time (s): cpu = 00:00:04 ; elapsed = 00:00:00.94 . Memory (MB): peak = 3203.445 ; gain = 0.000 ; free physical = 14464 ; free virtual = 51463

Phase 3 Detail Placement

Phase 3.1 Commit Multi Column Macros
Phase 3.1 Commit Multi Column Macros | Checksum: 1547d9702

Time (s): cpu = 00:00:04 ; elapsed = 00:00:00.98 . Memory (MB): peak = 3203.445 ; gain = 0.000 ; free physical = 14461 ; free virtual = 51460

Phase 3.2 Commit Most Macros & LUTRAMs
Phase 3.2 Commit Most Macros & LUTRAMs | Checksum: 1d1fadc09

Time (s): cpu = 00:00:04 ; elapsed = 00:00:01 . Memory (MB): peak = 3203.445 ; gain = 0.000 ; free physical = 14455 ; free virtual = 51454

Phase 3.3 Area Swap Optimization
Phase 3.3 Area Swap Optimization | Checksum: 1d97a9474

Time (s): cpu = 00:00:04 ; elapsed = 00:00:01 . Memory (MB): peak = 3203.445 ; gain = 0.000 ; free physical = 14455 ; free virtual = 51454

Phase 3.4 Pipeline Register Optimization
Phase 3.4 Pipeline Register Optimization | Checksum: 13ed35943

Time (s): cpu = 00:00:04 ; elapsed = 00:00:01 . Memory (MB): peak = 3203.445 ; gain = 0.000 ; free physical = 14455 ; free virtual = 51454

Phase 3.5 Small Shape Detail Placement
Phase 3.5 Small Shape Detail Placement | Checksum: 1c599a8b0

Time (s): cpu = 00:00:04 ; elapsed = 00:00:01 . Memory (MB): peak = 3203.445 ; gain = 0.000 ; free physical = 14450 ; free virtual = 51449

Phase 3.6 Re-assign LUT pins
Phase 3.6 Re-assign LUT pins | Checksum: f20d88db

Time (s): cpu = 00:00:04 ; elapsed = 00:00:01 . Memory (MB): peak = 3203.445 ; gain = 0.000 ; free physical = 14447 ; free virtual = 51446

Phase 3.7 Pipeline Register Optimization
Phase 3.7 Pipeline Register Optimization | Checksum: 19728c528

Time (s): cpu = 00:00:04 ; elapsed = 00:00:01 . Memory (MB): peak = 3203.445 ; gain = 0.000 ; free physical = 14446 ; free virtual = 51445
Phase 3 Detail Placement | Checksum: 19728c528

Time (s): cpu = 00:00:04 ; elapsed = 00:00:01 . Memory (MB): peak = 3203.445 ; gain = 0.000 ; free physical = 14446 ; free virtual = 51444

Phase 4 Post Placement Optimization and Clean-Up

Phase 4.1 Post Commit Optimization
INFO: [Timing 38-35] Done setting XDC timing constraints.

Phase 4.1.1 Post Placement Optimization
Post Placement Optimization Initialization | Checksum: fb235ca4

Phase 4.1.1.1 BUFG Insertion

Starting Physical Synthesis Task

Phase 1 Physical Synthesis Initialization
INFO: [Physopt 32-721] Multithreading enabled for phys_opt_design using a maximum of 8 CPUs
INFO: [Physopt 32-619] Estimated Timing Summary | WNS=11.991 | TNS=0.000 |
Phase 1 Physical Synthesis Initialization | Checksum: 15847e20d

Time (s): cpu = 00:00:00.08 ; elapsed = 00:00:00.01 . Memory (MB): peak = 3203.445 ; gain = 0.000 ; free physical = 14417 ; free virtual = 51416
INFO: [Place 46-56] BUFG insertion identified 0 candidate nets. Inserted BUFG: 0, Replicated BUFG Driver: 0, Skipped due to Placement/Routing Conflicts: 0, Skipped due to Timing Degradation: 0, Skipped due to Illegal Netlist: 0.
Ending Physical Synthesis Task | Checksum: 669a1fab

Time (s): cpu = 00:00:00.08 ; elapsed = 00:00:00.01 . Memory (MB): peak = 3203.445 ; gain = 0.000 ; free physical = 14416 ; free virtual = 51415
Phase 4.1.1.1 BUFG Insertion | Checksum: fb235ca4

Time (s): cpu = 00:00:05 ; elapsed = 00:00:01 . Memory (MB): peak = 3203.445 ; gain = 0.000 ; free physical = 14416 ; free virtual = 51414
INFO: [Place 30-746] Post Placement Timing Summary WNS=11.991. For the most accurate timing information please run report_timing.

Time (s): cpu = 00:00:05 ; elapsed = 00:00:01 . Memory (MB): peak = 3203.445 ; gain = 0.000 ; free physical = 14415 ; free virtual = 51414
Phase 4.1 Post Commit Optimization | Checksum: 4fdee485

Time (s): cpu = 00:00:05 ; elapsed = 00:00:01 . Memory (MB): peak = 3203.445 ; gain = 0.000 ; free physical = 14414 ; free virtual = 51413

Phase 4.2 Post Placement Cleanup
Phase 4.2 Post Placement Cleanup | Checksum: 4fdee485

Time (s): cpu = 00:00:05 ; elapsed = 00:00:01 . Memory (MB): peak = 3203.445 ; gain = 0.000 ; free physical = 14413 ; free virtual = 51412

Phase 4.3 Placer Reporting

Phase 4.3.1 Print Estimated Congestion
INFO: [Place 30-612] Post-Placement Estimated Congestion 
 ____________________________________________________
|           | Global Congestion | Short Congestion  |
| Direction | Region Size       | Region Size       |
|___________|___________________|___________________|
|      North|                1x1|                1x1|
|___________|___________________|___________________|
|      South|                1x1|                1x1|
|___________|___________________|___________________|
|       East|                1x1|                1x1|
|___________|___________________|___________________|
|       West|                1x1|                1x1|
|___________|___________________|___________________|

Phase 4.3.1 Print Estimated Congestion | Checksum: 4fdee485

Time (s): cpu = 00:00:05 ; elapsed = 00:00:01 . Memory (MB): peak = 3203.445 ; gain = 0.000 ; free physical = 14412 ; free virtual = 51411
Phase 4.3 Placer Reporting | Checksum: 4fdee485

Time (s): cpu = 00:00:05 ; elapsed = 00:00:01 . Memory (MB): peak = 3203.445 ; gain = 0.000 ; free physical = 14411 ; free virtual = 51410

Phase 4.4 Final Placement Cleanup
Netlist sorting complete. Time (s): cpu = 00:00:00 ; elapsed = 00:00:00 . Memory (MB): peak = 3203.445 ; gain = 0.000 ; free physical = 14411 ; free virtual = 51410

Time (s): cpu = 00:00:05 ; elapsed = 00:00:01 . Memory (MB): peak = 3203.445 ; gain = 0.000 ; free physical = 14411 ; free virtual = 51410
Phase 4 Post Placement Optimization and Clean-Up | Checksum: cf26c015

Time (s): cpu = 00:00:05 ; elapsed = 00:00:01 . Memory (MB): peak = 3203.445 ; gain = 0.000 ; free physical = 14410 ; free virtual = 51409
Ending Placer Task | Checksum: 86f6698d

Time (s): cpu = 00:00:05 ; elapsed = 00:00:01 . Memory (MB): peak = 3203.445 ; gain = 0.000 ; free physical = 14410 ; free virtual = 51409
INFO: [Common 17-83] Releasing license: Implementation
68 Infos, 20 Warnings, 20 Critical Warnings and 0 Errors encountered.
place_design completed successfully
INFO: [Timing 38-480] Writing timing data to binary archive.
Writing placer database...
Writing XDEF routing.
Writing XDEF routing logical nets.
Writing XDEF routing special nets.
Write XDEF Complete: Time (s): cpu = 00:00:00.23 ; elapsed = 00:00:00.07 . Memory (MB): peak = 3203.445 ; gain = 0.000 ; free physical = 14388 ; free virtual = 51391
INFO: [Common 17-1381] The checkpoint '/mnt/isaac_sbay0/lbo-ws/Projects/DVR-008-002/Base_Design_Project/Reference_design_project_2020.2/SoCora/SoCora.runs/impl_1/design_1_wrapper_placed.dcp' has been generated.
INFO: [runtcl-4] Executing : report_io -file design_1_wrapper_io_placed.rpt
report_io: Time (s): cpu = 00:00:00.06 ; elapsed = 00:00:00.10 . Memory (MB): peak = 3203.445 ; gain = 0.000 ; free physical = 14350 ; free virtual = 51351
INFO: [runtcl-4] Executing : report_utilization -file design_1_wrapper_utilization_placed.rpt -pb design_1_wrapper_utilization_placed.pb
INFO: [runtcl-4] Executing : report_control_sets -verbose -file design_1_wrapper_control_sets_placed.rpt
report_control_sets: Time (s): cpu = 00:00:00.04 ; elapsed = 00:00:00.07 . Memory (MB): peak = 3203.445 ; gain = 0.000 ; free physical = 14344 ; free virtual = 51360
Command: phys_opt_design
Attempting to get a license for feature 'Implementation' and/or device 'xc7z010'
INFO: [Common 17-349] Got license for feature 'Implementation' and/or device 'xc7z010'
INFO: [Vivado_Tcl 4-383] Design worst setup slack (WNS) is greater than or equal to 0.000 ns. Skipping all physical synthesis optimizations.
INFO: [Vivado_Tcl 4-232] No setup violation found. The netlist was not modified.
INFO: [Common 17-83] Releasing license: Implementation
77 Infos, 20 Warnings, 20 Critical Warnings and 0 Errors encountered.
phys_opt_design completed successfully
INFO: [Timing 38-480] Writing timing data to binary archive.
Writing placer database...
Writing XDEF routing.
Writing XDEF routing logical nets.
Writing XDEF routing special nets.
Write XDEF Complete: Time (s): cpu = 00:00:00.22 ; elapsed = 00:00:00.06 . Memory (MB): peak = 3203.445 ; gain = 0.000 ; free physical = 14959 ; free virtual = 51980
INFO: [Common 17-1381] The checkpoint '/mnt/isaac_sbay0/lbo-ws/Projects/DVR-008-002/Base_Design_Project/Reference_design_project_2020.2/SoCora/SoCora.runs/impl_1/design_1_wrapper_physopt.dcp' has been generated.
Command: route_design
Attempting to get a license for feature 'Implementation' and/or device 'xc7z010'
INFO: [Common 17-349] Got license for feature 'Implementation' and/or device 'xc7z010'
Running DRC as a precondition to command route_design
INFO: [DRC 23-27] Running DRC with 8 threads
INFO: [Vivado_Tcl 4-198] DRC finished with 0 Errors
INFO: [Vivado_Tcl 4-199] Please refer to the DRC report (report_drc) for more information.


Starting Routing Task
INFO: [Route 35-254] Multithreading enabled for route_design using a maximum of 8 CPUs
Checksum: PlaceDB: 1c70c45 ConstDB: 0 ShapeSum: 852f5d48 RouteDB: 0

Phase 1 Build RT Design
Phase 1 Build RT Design | Checksum: 14b29dcad

Time (s): cpu = 00:00:03 ; elapsed = 00:00:02 . Memory (MB): peak = 3203.445 ; gain = 0.000 ; free physical = 14878 ; free virtual = 51876
Post Restoration Checksum: NetGraph: dad66801 NumContArr: 705374ac Constraints: 0 Timing: 0

Phase 2 Router Initialization

Phase 2.1 Create Timer
Phase 2.1 Create Timer | Checksum: 14b29dcad

Time (s): cpu = 00:00:03 ; elapsed = 00:00:02 . Memory (MB): peak = 3203.445 ; gain = 0.000 ; free physical = 14880 ; free virtual = 51878

Phase 2.2 Fix Topology Constraints
Phase 2.2 Fix Topology Constraints | Checksum: 14b29dcad

Time (s): cpu = 00:00:03 ; elapsed = 00:00:02 . Memory (MB): peak = 3203.445 ; gain = 0.000 ; free physical = 14847 ; free virtual = 51845

Phase 2.3 Pre Route Cleanup
Phase 2.3 Pre Route Cleanup | Checksum: 14b29dcad

Time (s): cpu = 00:00:03 ; elapsed = 00:00:03 . Memory (MB): peak = 3203.445 ; gain = 0.000 ; free physical = 14847 ; free virtual = 51845
 Number of Nodes with overlaps = 0

Phase 2.4 Update Timing
Phase 2.4 Update Timing | Checksum: 1a3196b67

Time (s): cpu = 00:00:04 ; elapsed = 00:00:03 . Memory (MB): peak = 3203.445 ; gain = 0.000 ; free physical = 14838 ; free virtual = 51836
INFO: [Route 35-416] Intermediate Timing Summary | WNS=12.062 | TNS=0.000  | WHS=-0.173 | THS=-19.104|

Phase 2 Router Initialization | Checksum: 1df30e105

Time (s): cpu = 00:00:04 ; elapsed = 00:00:03 . Memory (MB): peak = 3203.445 ; gain = 0.000 ; free physical = 14838 ; free virtual = 51837

Router Utilization Summary
  Global Vertical Routing Utilization    = 0 %
  Global Horizontal Routing Utilization  = 0 %
  Routable Net Status*
  *Does not include unroutable nets such as driverless and loadless.
  Run report_route_status for detailed report.
  Number of Failed Nets               = 1391
    (Failed Nets is the sum of unrouted and partially routed nets)
  Number of Unrouted Nets             = 1391
  Number of Partially Routed Nets     = 0
  Number of Node Overlaps             = 0


Phase 3 Initial Routing

Phase 3.1 Global Routing
Phase 3.1 Global Routing | Checksum: 1df30e105

Time (s): cpu = 00:00:04 ; elapsed = 00:00:03 . Memory (MB): peak = 3203.445 ; gain = 0.000 ; free physical = 14836 ; free virtual = 51834
Phase 3 Initial Routing | Checksum: 114cc7b84

Time (s): cpu = 00:00:04 ; elapsed = 00:00:03 . Memory (MB): peak = 3203.445 ; gain = 0.000 ; free physical = 14837 ; free virtual = 51835

Phase 4 Rip-up And Reroute

Phase 4.1 Global Iteration 0
 Number of Nodes with overlaps = 75
 Number of Nodes with overlaps = 0
INFO: [Route 35-416] Intermediate Timing Summary | WNS=11.886 | TNS=0.000  | WHS=N/A    | THS=N/A    |

Phase 4.1 Global Iteration 0 | Checksum: 1819a82c7

Time (s): cpu = 00:00:04 ; elapsed = 00:00:03 . Memory (MB): peak = 3203.445 ; gain = 0.000 ; free physical = 14838 ; free virtual = 51836

Phase 4.2 Global Iteration 1
 Number of Nodes with overlaps = 2
 Number of Nodes with overlaps = 0
INFO: [Route 35-416] Intermediate Timing Summary | WNS=11.886 | TNS=0.000  | WHS=N/A    | THS=N/A    |

Phase 4.2 Global Iteration 1 | Checksum: 1b6b75325

Time (s): cpu = 00:00:04 ; elapsed = 00:00:03 . Memory (MB): peak = 3203.445 ; gain = 0.000 ; free physical = 14838 ; free virtual = 51836
Phase 4 Rip-up And Reroute | Checksum: 1b6b75325

Time (s): cpu = 00:00:04 ; elapsed = 00:00:03 . Memory (MB): peak = 3203.445 ; gain = 0.000 ; free physical = 14838 ; free virtual = 51836

Phase 5 Delay and Skew Optimization

Phase 5.1 Delay CleanUp
Phase 5.1 Delay CleanUp | Checksum: 1b6b75325

Time (s): cpu = 00:00:04 ; elapsed = 00:00:03 . Memory (MB): peak = 3203.445 ; gain = 0.000 ; free physical = 14838 ; free virtual = 51836

Phase 5.2 Clock Skew Optimization
Phase 5.2 Clock Skew Optimization | Checksum: 1b6b75325

Time (s): cpu = 00:00:04 ; elapsed = 00:00:03 . Memory (MB): peak = 3203.445 ; gain = 0.000 ; free physical = 14838 ; free virtual = 51836
Phase 5 Delay and Skew Optimization | Checksum: 1b6b75325

Time (s): cpu = 00:00:04 ; elapsed = 00:00:03 . Memory (MB): peak = 3203.445 ; gain = 0.000 ; free physical = 14838 ; free virtual = 51836

Phase 6 Post Hold Fix

Phase 6.1 Hold Fix Iter

Phase 6.1.1 Update Timing
Phase 6.1.1 Update Timing | Checksum: 1f59adee8

Time (s): cpu = 00:00:04 ; elapsed = 00:00:03 . Memory (MB): peak = 3203.445 ; gain = 0.000 ; free physical = 14838 ; free virtual = 51835
INFO: [Route 35-416] Intermediate Timing Summary | WNS=12.001 | TNS=0.000  | WHS=0.025  | THS=0.000  |

Phase 6.1 Hold Fix Iter | Checksum: 1800c6bd3

Time (s): cpu = 00:00:04 ; elapsed = 00:00:03 . Memory (MB): peak = 3203.445 ; gain = 0.000 ; free physical = 14838 ; free virtual = 51835
Phase 6 Post Hold Fix | Checksum: 1800c6bd3

Time (s): cpu = 00:00:04 ; elapsed = 00:00:03 . Memory (MB): peak = 3203.445 ; gain = 0.000 ; free physical = 14838 ; free virtual = 51835

Phase 7 Route finalize

Router Utilization Summary
  Global Vertical Routing Utilization    = 0.401323 %
  Global Horizontal Routing Utilization  = 0.618336 %
  Routable Net Status*
  *Does not include unroutable nets such as driverless and loadless.
  Run report_route_status for detailed report.
  Number of Failed Nets               = 0
    (Failed Nets is the sum of unrouted and partially routed nets)
  Number of Unrouted Nets             = 0
  Number of Partially Routed Nets     = 0
  Number of Node Overlaps             = 0

Phase 7 Route finalize | Checksum: 1e0a676bc

Time (s): cpu = 00:00:04 ; elapsed = 00:00:03 . Memory (MB): peak = 3203.445 ; gain = 0.000 ; free physical = 14838 ; free virtual = 51836

Phase 8 Verifying routed nets

 Verification completed successfully
Phase 8 Verifying routed nets | Checksum: 1e0a676bc

Time (s): cpu = 00:00:04 ; elapsed = 00:00:03 . Memory (MB): peak = 3203.445 ; gain = 0.000 ; free physical = 14836 ; free virtual = 51834

Phase 9 Depositing Routes
Phase 9 Depositing Routes | Checksum: 1f77291f2

Time (s): cpu = 00:00:05 ; elapsed = 00:00:03 . Memory (MB): peak = 3203.445 ; gain = 0.000 ; free physical = 14836 ; free virtual = 51834

Phase 10 Post Router Timing
INFO: [Route 35-57] Estimated Timing Summary | WNS=12.001 | TNS=0.000  | WHS=0.025  | THS=0.000  |

INFO: [Route 35-327] The final timing numbers are based on the router estimated timing analysis. For a complete and accurate timing signoff, please run report_timing_summary.
Phase 10 Post Router Timing | Checksum: 1f77291f2

Time (s): cpu = 00:00:05 ; elapsed = 00:00:03 . Memory (MB): peak = 3203.445 ; gain = 0.000 ; free physical = 14837 ; free virtual = 51834
INFO: [Route 35-16] Router Completed Successfully

Time (s): cpu = 00:00:05 ; elapsed = 00:00:03 . Memory (MB): peak = 3203.445 ; gain = 0.000 ; free physical = 14870 ; free virtual = 51867

Routing Is Done.
INFO: [Common 17-83] Releasing license: Implementation
92 Infos, 20 Warnings, 20 Critical Warnings and 0 Errors encountered.
route_design completed successfully
INFO: [Timing 38-480] Writing timing data to binary archive.
Writing placer database...
Writing XDEF routing.
Writing XDEF routing logical nets.
Writing XDEF routing special nets.
Write XDEF Complete: Time (s): cpu = 00:00:00.25 ; elapsed = 00:00:00.07 . Memory (MB): peak = 3203.445 ; gain = 0.000 ; free physical = 14859 ; free virtual = 51860
INFO: [Common 17-1381] The checkpoint '/mnt/isaac_sbay0/lbo-ws/Projects/DVR-008-002/Base_Design_Project/Reference_design_project_2020.2/SoCora/SoCora.runs/impl_1/design_1_wrapper_routed.dcp' has been generated.
INFO: [runtcl-4] Executing : report_drc -file design_1_wrapper_drc_routed.rpt -pb design_1_wrapper_drc_routed.pb -rpx design_1_wrapper_drc_routed.rpx
Command: report_drc -file design_1_wrapper_drc_routed.rpt -pb design_1_wrapper_drc_routed.pb -rpx design_1_wrapper_drc_routed.rpx
INFO: [IP_Flow 19-1839] IP Catalog is up to date.
INFO: [DRC 23-27] Running DRC with 8 threads
INFO: [Coretcl 2-168] The results of DRC are in file /mnt/isaac_sbay0/lbo-ws/Projects/DVR-008-002/Base_Design_Project/Reference_design_project_2020.2/SoCora/SoCora.runs/impl_1/design_1_wrapper_drc_routed.rpt.
report_drc completed successfully
INFO: [runtcl-4] Executing : report_methodology -file design_1_wrapper_methodology_drc_routed.rpt -pb design_1_wrapper_methodology_drc_routed.pb -rpx design_1_wrapper_methodology_drc_routed.rpx
Command: report_methodology -file design_1_wrapper_methodology_drc_routed.rpt -pb design_1_wrapper_methodology_drc_routed.pb -rpx design_1_wrapper_methodology_drc_routed.rpx
INFO: [Timing 38-35] Done setting XDC timing constraints.
INFO: [DRC 23-133] Running Methodology with 8 threads
INFO: [Coretcl 2-1520] The results of Report Methodology are in file /mnt/isaac_sbay0/lbo-ws/Projects/DVR-008-002/Base_Design_Project/Reference_design_project_2020.2/SoCora/SoCora.runs/impl_1/design_1_wrapper_methodology_drc_routed.rpt.
report_methodology completed successfully
INFO: [runtcl-4] Executing : report_power -file design_1_wrapper_power_routed.rpt -pb design_1_wrapper_power_summary_routed.pb -rpx design_1_wrapper_power_routed.rpx
Command: report_power -file design_1_wrapper_power_routed.rpt -pb design_1_wrapper_power_summary_routed.pb -rpx design_1_wrapper_power_routed.rpx
INFO: [Timing 38-35] Done setting XDC timing constraints.
Running Vector-less Activity Propagation...

Finished Running Vector-less Activity Propagation
104 Infos, 20 Warnings, 20 Critical Warnings and 0 Errors encountered.
report_power completed successfully
INFO: [runtcl-4] Executing : report_route_status -file design_1_wrapper_route_status.rpt -pb design_1_wrapper_route_status.pb
INFO: [runtcl-4] Executing : report_timing_summary -max_paths 10 -file design_1_wrapper_timing_summary_routed.rpt -pb design_1_wrapper_timing_summary_routed.pb -rpx design_1_wrapper_timing_summary_routed.rpx -warn_on_violation 
INFO: [Timing 38-91] UpdateTimingParams: Speed grade: -1, Delay Type: min_max.
INFO: [Timing 38-191] Multithreading enabled for timing update using a maximum of 8 CPUs
INFO: [runtcl-4] Executing : report_incremental_reuse -file design_1_wrapper_incremental_reuse_routed.rpt
INFO: [Vivado_Tcl 4-1062] Incremental flow is disabled. No incremental reuse Info to report.
INFO: [runtcl-4] Executing : report_clock_utilization -file design_1_wrapper_clock_utilization_routed.rpt
INFO: [runtcl-4] Executing : report_bus_skew -warn_on_violation -file design_1_wrapper_bus_skew_routed.rpt -pb design_1_wrapper_bus_skew_routed.pb -rpx design_1_wrapper_bus_skew_routed.rpx
INFO: [Timing 38-91] UpdateTimingParams: Speed grade: -1, Delay Type: min_max.
INFO: [Timing 38-191] Multithreading enabled for timing update using a maximum of 8 CPUs
Command: write_bitstream -force design_1_wrapper.bit
Attempting to get a license for feature 'Implementation' and/or device 'xc7z010'
INFO: [Common 17-349] Got license for feature 'Implementation' and/or device 'xc7z010'
Running DRC as a precondition to command write_bitstream
INFO: [IP_Flow 19-1839] IP Catalog is up to date.
INFO: [DRC 23-27] Running DRC with 8 threads
INFO: [Vivado 12-3199] DRC finished with 0 Errors
INFO: [Vivado 12-3200] Please refer to the DRC report (report_drc) for more information.
INFO: [Designutils 20-2272] Running write_bitstream with 8 threads.
Loading data files...
Loading site data...
Loading route data...
Processing options...
Creating bitmap...
Creating bitstream...
Writing bitstream ./design_1_wrapper.bit...
INFO: [Vivado 12-1842] Bitgen Completed Successfully.
INFO: [Project 1-120] WebTalk data collection is mandatory when using a WebPACK part without a full Vivado license. To see the specific WebTalk data collected for your design, open the usage_statistics_webtalk.html or usage_statistics_webtalk.xml file in the implementation directory.
INFO: [Common 17-83] Releasing license: Implementation
12 Infos, 0 Warnings, 0 Critical Warnings and 0 Errors encountered.
write_bitstream completed successfully
write_bitstream: Time (s): cpu = 00:00:04 ; elapsed = 00:00:07 . Memory (MB): peak = 3522.984 ; gain = 215.316 ; free physical = 14823 ; free virtual = 51831
INFO: [Common 17-206] Exiting Vivado at Tue Sep  1 14:29:12 2026...
[Tue Sep  1 14:29:12 2026] impl_1 finished
wait_on_run: Time (s): cpu = 00:00:37 ; elapsed = 00:00:29 . Memory (MB): peak = 2619.539 ; gain = 0.000 ; free physical = 16379 ; free virtual = 53387
INFO : impl_1 -> write_bitstream Complete! (100%)
INFO: [Device 21-403] Loading part xc7z010clg400-1
Netlist sorting complete. Time (s): cpu = 00:00:00.02 ; elapsed = 00:00:00.02 . Memory (MB): peak = 2619.539 ; gain = 0.000 ; free physical = 16129 ; free virtual = 53137
INFO: [Netlist 29-17] Analyzing 18 Unisim elements for replacement
INFO: [Netlist 29-28] Unisim Transformation completed in 0 CPU seconds
INFO: [Project 1-479] Netlist was created with Vivado 2020.2
INFO: [Project 1-570] Preparing netlist for logic optimization
INFO: [Timing 38-478] Restoring timing data from binary archive.
INFO: [Timing 38-479] Binary timing data restore complete.
INFO: [Project 1-856] Restoring constraints from binary archive.
INFO: [Project 1-853] Binary constraint restore complete.
Reading XDEF placement.
Reading placer database...
Reading XDEF routing.
Read XDEF File: Time (s): cpu = 00:00:00.10 ; elapsed = 00:00:00.12 . Memory (MB): peak = 2743.375 ; gain = 5.938 ; free physical = 15602 ; free virtual = 52611
Restored from archive | CPU: 0.100000 secs | Memory: 2.864166 MB |
Finished XDEF File Restore: Time (s): cpu = 00:00:00.10 ; elapsed = 00:00:00.12 . Memory (MB): peak = 2743.375 ; gain = 5.938 ; free physical = 15602 ; free virtual = 52611
Netlist sorting complete. Time (s): cpu = 00:00:00.01 ; elapsed = 00:00:00 . Memory (MB): peak = 2743.375 ; gain = 0.000 ; free physical = 15602 ; free virtual = 52610
INFO: [Project 1-111] Unisim Transformation Summary:
No Unisim elements were transformed.

INFO : WNS = 0.024 ns
INFO: [Vivado 12-4895] Creating Hardware Platform: /mnt/isaac_sbay0/lbo-ws/Projects/DVR-008-002/Base_Design_Project/Reference_design_project_2020.2/SoCora/design_1_wrapper.xsa ...
INFO: [Hsi 55-2053] elapsed time for repository (/tools/xilinx/Vivado/2020.2/data/embeddedsw) loading 0 seconds
INFO: [Vivado 12-12467] The Hardware Platform can be used for Hardware
INFO: [Vivado 12-4896] Successfully created Hardware Platform: /mnt/isaac_sbay0/lbo-ws/Projects/DVR-008-002/Base_Design_Project/Reference_design_project_2020.2/SoCora/design_1_wrapper.xsa
INFO: [Vivado 12-12082] Found metadata file: xsa.json
INFO: [Vivado 12-6078] Validating platform properties...
INFO: [Vivado 12-6076] Validating fixed platform...
INFO: [Vivado 12-5958] Found a sysdef.xml file in the fixed Hardware Platform.
INFO: [Vivado 12-6077] Validating platform files...
INFO: [Vivado 12-6066] Finished running validate_hw_platform for file: '/mnt/isaac_sbay0/lbo-ws/Projects/DVR-008-002/Base_Design_Project/Reference_design_project_2020.2/SoCora/design_1_wrapper.xsa'
==============================================================
Bitstream : /mnt/isaac_sbay0/lbo-ws/Projects/DVR-008-002/Base_Design_Project/Reference_design_project_2020.2/SoCora/SoCora.runs/impl_1/design_1_wrapper.bit
XSA       : /mnt/isaac_sbay0/lbo-ws/Projects/DVR-008-002/Base_Design_Project/Reference_design_project_2020.2/SoCora/design_1_wrapper.xsa
WNS       : 0.024 ns
==============================================================
INFO: [Common 17-206] Exiting Vivado at Tue Sep  1 14:29:19 2026...
