TRACE::2026-09-01.14:36:17::SCWPlatform::Trying to open the hw design at /mnt/isaac_sbay0/lbo-ws/Projects/DVR-008-002/Base_Design_Project/Reference_design_project_2020.2/PSCora/SoCora/hw/design_1_wrapper.xsa
TRACE::2026-09-01.14:36:17::SCWPlatform::DSA given /mnt/isaac_sbay0/lbo-ws/Projects/DVR-008-002/Base_Design_Project/Reference_design_project_2020.2/PSCora/SoCora/hw/design_1_wrapper.xsa
TRACE::2026-09-01.14:36:17::SCWPlatform::DSA absoulate path /mnt/isaac_sbay0/lbo-ws/Projects/DVR-008-002/Base_Design_Project/Reference_design_project_2020.2/PSCora/SoCora/hw/design_1_wrapper.xsa
TRACE::2026-09-01.14:36:18::SCWPlatform::DSA directory /mnt/isaac_sbay0/lbo-ws/Projects/DVR-008-002/Base_Design_Project/Reference_design_project_2020.2/PSCora/SoCora/hw
TRACE::2026-09-01.14:36:18::SCWPlatform:: Platform Path /mnt/isaac_sbay0/lbo-ws/Projects/DVR-008-002/Base_Design_Project/Reference_design_project_2020.2/PSCora/SoCora/hw/design_1_wrapper.xsa
TRACE::2026-09-01.14:36:18::SCWPlatform:: Unique name xilinx:::0.0
TRACE::2026-09-01.14:36:18::SCWPlatform::Do not have an existing db opened. 
TRACE::2026-09-01.14:36:19::SCWPlatform::Opened new HwDB with name design_1_wrapper
TRACE::2026-09-01.14:36:19::SCWWriter::formatted JSON is {
	"platformName":	"SoCora",
	"sprVersion":	"2.0",
	"mode":	"cmd",
	"dsaType":	"Fixed",
	"platformDesc":	"SoCora",
	"platHandOff":	"/mnt/isaac_sbay0/lbo-ws/Projects/DVR-008-002/Base_Design_Project/Reference_design_project_2020.2/SoCora/design_1_wrapper.xsa",
	"platIntHandOff":	"<platformDir>/hw/design_1_wrapper.xsa",
	"deviceType":	"zynq",
	"platIsPrebuiltAutogen":	"false",
	"platIsNoBootBsp":	"false",
	"hasFsblMakeHasChanges":	"false",
	"hasPmufwMakeHasChanges":	"false",
	"platPreBuiltFlag":	false,
	"platformSamplesDir":	""
}
TRACE::2026-09-01.14:36:19::SCWWriter::formatted JSON is {
	"platformName":	"SoCora",
	"sprVersion":	"2.0",
	"mode":	"cmd",
	"dsaType":	"Fixed",
	"platformDesc":	"SoCora",
	"platHandOff":	"/mnt/isaac_sbay0/lbo-ws/Projects/DVR-008-002/Base_Design_Project/Reference_design_project_2020.2/SoCora/design_1_wrapper.xsa",
	"platIntHandOff":	"<platformDir>/hw/design_1_wrapper.xsa",
	"deviceType":	"zynq",
	"platIsPrebuiltAutogen":	"false",
	"platIsNoBootBsp":	"false",
	"hasFsblMakeHasChanges":	"false",
	"hasPmufwMakeHasChanges":	"false",
	"platPreBuiltFlag":	false,
	"platformSamplesDir":	"",
	"platActiveSys":	"SoCora",
	"systems":	[{
			"systemName":	"SoCora",
			"systemDesc":	"SoCora",
			"sysIsBootAutoGen":	"true",
			"systemDispName":	"SoCora"
		}]
}
TRACE::2026-09-01.14:36:19::SCWPlatform::Boot application domains not present, creating them
TRACE::2026-09-01.14:36:19::SCWDomain::checking for install qemu data   : 
TRACE::2026-09-01.14:36:19::SCWDomain:: Using the QEMU Data from install at  : /tools/xilinx/Vitis/2020.2/data/emulation/platforms/zynq/sw/a9_standalone/qemu/
TRACE::2026-09-01.14:36:19::SCWDomain:: Using the QEMU args  from install at  : /tools/xilinx/Vitis/2020.2/data/emulation/platforms/zynq/sw/a9_standalone/qemu/qemu_args.txt
TRACE::2026-09-01.14:36:19::SCWPlatform::Trying to open the hw design at /mnt/isaac_sbay0/lbo-ws/Projects/DVR-008-002/Base_Design_Project/Reference_design_project_2020.2/PSCora/SoCora/hw/design_1_wrapper.xsa
TRACE::2026-09-01.14:36:19::SCWPlatform::DSA given /mnt/isaac_sbay0/lbo-ws/Projects/DVR-008-002/Base_Design_Project/Reference_design_project_2020.2/PSCora/SoCora/hw/design_1_wrapper.xsa
TRACE::2026-09-01.14:36:19::SCWPlatform::DSA absoulate path /mnt/isaac_sbay0/lbo-ws/Projects/DVR-008-002/Base_Design_Project/Reference_design_project_2020.2/PSCora/SoCora/hw/design_1_wrapper.xsa
TRACE::2026-09-01.14:36:19::SCWPlatform::DSA directory /mnt/isaac_sbay0/lbo-ws/Projects/DVR-008-002/Base_Design_Project/Reference_design_project_2020.2/PSCora/SoCora/hw
TRACE::2026-09-01.14:36:19::SCWPlatform:: Platform Path /mnt/isaac_sbay0/lbo-ws/Projects/DVR-008-002/Base_Design_Project/Reference_design_project_2020.2/PSCora/SoCora/hw/design_1_wrapper.xsa
TRACE::2026-09-01.14:36:19::SCWPlatform:: Unique name xilinx:::0.0
TRACE::2026-09-01.14:36:19::SCWPlatform::Trying to set the existing hwdb with name design_1_wrapper
TRACE::2026-09-01.14:36:19::SCWPlatform::Opened existing hwdb design_1_wrapper
TRACE::2026-09-01.14:36:19::SCWPlatform::Found the Hw Db part of the input DSA
TRACE::2026-09-01.14:36:19::SCWPlatform::Trying to open the hw design at /mnt/isaac_sbay0/lbo-ws/Projects/DVR-008-002/Base_Design_Project/Reference_design_project_2020.2/PSCora/SoCora/hw/design_1_wrapper.xsa
TRACE::2026-09-01.14:36:19::SCWPlatform::DSA given /mnt/isaac_sbay0/lbo-ws/Projects/DVR-008-002/Base_Design_Project/Reference_design_project_2020.2/PSCora/SoCora/hw/design_1_wrapper.xsa
TRACE::2026-09-01.14:36:19::SCWPlatform::DSA absoulate path /mnt/isaac_sbay0/lbo-ws/Projects/DVR-008-002/Base_Design_Project/Reference_design_project_2020.2/PSCora/SoCora/hw/design_1_wrapper.xsa
TRACE::2026-09-01.14:36:19::SCWPlatform::DSA directory /mnt/isaac_sbay0/lbo-ws/Projects/DVR-008-002/Base_Design_Project/Reference_design_project_2020.2/PSCora/SoCora/hw
TRACE::2026-09-01.14:36:19::SCWPlatform:: Platform Path /mnt/isaac_sbay0/lbo-ws/Projects/DVR-008-002/Base_Design_Project/Reference_design_project_2020.2/PSCora/SoCora/hw/design_1_wrapper.xsa
TRACE::2026-09-01.14:36:19::SCWPlatform:: Unique name xilinx:::0.0
TRACE::2026-09-01.14:36:19::SCWPlatform::Trying to set the existing hwdb with name design_1_wrapper
TRACE::2026-09-01.14:36:19::SCWPlatform::Opened existing hwdb design_1_wrapper
TRACE::2026-09-01.14:36:19::SCWPlatform::Found the Hw Db part of the input DSA
TRACE::2026-09-01.14:36:19::SCWPlatform::Trying to open the hw design at /mnt/isaac_sbay0/lbo-ws/Projects/DVR-008-002/Base_Design_Project/Reference_design_project_2020.2/PSCora/SoCora/hw/design_1_wrapper.xsa
TRACE::2026-09-01.14:36:19::SCWPlatform::DSA given /mnt/isaac_sbay0/lbo-ws/Projects/DVR-008-002/Base_Design_Project/Reference_design_project_2020.2/PSCora/SoCora/hw/design_1_wrapper.xsa
TRACE::2026-09-01.14:36:19::SCWPlatform::DSA absoulate path /mnt/isaac_sbay0/lbo-ws/Projects/DVR-008-002/Base_Design_Project/Reference_design_project_2020.2/PSCora/SoCora/hw/design_1_wrapper.xsa
TRACE::2026-09-01.14:36:19::SCWPlatform::DSA directory /mnt/isaac_sbay0/lbo-ws/Projects/DVR-008-002/Base_Design_Project/Reference_design_project_2020.2/PSCora/SoCora/hw
TRACE::2026-09-01.14:36:19::SCWPlatform:: Platform Path /mnt/isaac_sbay0/lbo-ws/Projects/DVR-008-002/Base_Design_Project/Reference_design_project_2020.2/PSCora/SoCora/hw/design_1_wrapper.xsa
TRACE::2026-09-01.14:36:19::SCWPlatform:: Unique name xilinx:::0.0
TRACE::2026-09-01.14:36:19::SCWPlatform::Trying to set the existing hwdb with name design_1_wrapper
TRACE::2026-09-01.14:36:19::SCWPlatform::Opened existing hwdb design_1_wrapper
TRACE::2026-09-01.14:36:19::SCWPlatform::Found the Hw Db part of the input DSA
TRACE::2026-09-01.14:36:19::SCWPlatform::Boot application domain added for zynq_fsbl
TRACE::2026-09-01.14:36:19::SCWPlatform::Generating the sources  .
TRACE::2026-09-01.14:36:19::SCWBDomain::Generating boot domain sources.
TRACE::2026-09-01.14:36:19::SCWBDomain:: Generating the zynq_fsbl Application.
TRACE::2026-09-01.14:36:19::SCWPlatform::Trying to open the hw design at /mnt/isaac_sbay0/lbo-ws/Projects/DVR-008-002/Base_Design_Project/Reference_design_project_2020.2/PSCora/SoCora/hw/design_1_wrapper.xsa
TRACE::2026-09-01.14:36:19::SCWPlatform::DSA given /mnt/isaac_sbay0/lbo-ws/Projects/DVR-008-002/Base_Design_Project/Reference_design_project_2020.2/PSCora/SoCora/hw/design_1_wrapper.xsa
TRACE::2026-09-01.14:36:19::SCWPlatform::DSA absoulate path /mnt/isaac_sbay0/lbo-ws/Projects/DVR-008-002/Base_Design_Project/Reference_design_project_2020.2/PSCora/SoCora/hw/design_1_wrapper.xsa
TRACE::2026-09-01.14:36:19::SCWPlatform::DSA directory /mnt/isaac_sbay0/lbo-ws/Projects/DVR-008-002/Base_Design_Project/Reference_design_project_2020.2/PSCora/SoCora/hw
TRACE::2026-09-01.14:36:19::SCWPlatform:: Platform Path /mnt/isaac_sbay0/lbo-ws/Projects/DVR-008-002/Base_Design_Project/Reference_design_project_2020.2/PSCora/SoCora/hw/design_1_wrapper.xsa
TRACE::2026-09-01.14:36:19::SCWPlatform:: Unique name xilinx:::0.0
TRACE::2026-09-01.14:36:19::SCWPlatform::Trying to set the existing hwdb with name design_1_wrapper
TRACE::2026-09-01.14:36:19::SCWPlatform::Opened existing hwdb design_1_wrapper
TRACE::2026-09-01.14:36:19::SCWPlatform::Found the Hw Db part of the input DSA
TRACE::2026-09-01.14:36:19::SCWMssOS::Checking the sw design at  /mnt/isaac_sbay0/lbo-ws/Projects/DVR-008-002/Base_Design_Project/Reference_design_project_2020.2/PSCora/SoCora/zynq_fsbl/zynq_fsbl_bsp/system.mss
TRACE::2026-09-01.14:36:19::SCWMssOS::DEBUG:  swdes dump  
TRACE::2026-09-01.14:36:19::SCWMssOS::No sw design opened at  /mnt/isaac_sbay0/lbo-ws/Projects/DVR-008-002/Base_Design_Project/Reference_design_project_2020.2/PSCora/SoCora/zynq_fsbl/zynq_fsbl_bsp/system.mss
TRACE::2026-09-01.14:36:19::SCWMssOS::mss does not exists at /mnt/isaac_sbay0/lbo-ws/Projects/DVR-008-002/Base_Design_Project/Reference_design_project_2020.2/PSCora/SoCora/zynq_fsbl/zynq_fsbl_bsp/system.mss
TRACE::2026-09-01.14:36:19::SCWMssOS::Creating sw design at  /mnt/isaac_sbay0/lbo-ws/Projects/DVR-008-002/Base_Design_Project/Reference_design_project_2020.2/PSCora/SoCora/zynq_fsbl/zynq_fsbl_bsp/system.mss
TRACE::2026-09-01.14:36:19::SCWMssOS::Adding the swdes entry, created swdb /mnt/isaac_sbay0/lbo-ws/Projects/DVR-008-002/Base_Design_Project/Reference_design_project_2020.2/PSCora/SoCora/zynq_fsbl/zynq_fsbl_bsp/system.mss with des name /mnt/isaac_sbay0/lbo-ws/Projects/DVR-008-002/Base_Design_Project/Reference_design_project_2020.2/PSCora/SoCora/zynq_fsbl/zynq_fsbl_bsp/system.mss
TRACE::2026-09-01.14:36:19::SCWMssOS::updating the scw layer changes to swdes at   /mnt/isaac_sbay0/lbo-ws/Projects/DVR-008-002/Base_Design_Project/Reference_design_project_2020.2/PSCora/SoCora/zynq_fsbl/zynq_fsbl_bsp/system.mss
TRACE::2026-09-01.14:36:19::SCWMssOS::Writing mss at /mnt/isaac_sbay0/lbo-ws/Projects/DVR-008-002/Base_Design_Project/Reference_design_project_2020.2/PSCora/SoCora/zynq_fsbl/zynq_fsbl_bsp/system.mss
TRACE::2026-09-01.14:36:19::SCWMssOS::Completed writing the mss file at /mnt/isaac_sbay0/lbo-ws/Projects/DVR-008-002/Base_Design_Project/Reference_design_project_2020.2/PSCora/SoCora/zynq_fsbl/zynq_fsbl_bsp
TRACE::2026-09-01.14:36:19::SCWMssOS::Picking up changes from newly written mss file into SCW Layer. 
TRACE::2026-09-01.14:36:19::SCWMssOS::Updated the changes from newly written mss file into SCW Layer. 
TRACE::2026-09-01.14:36:19::SCWBDomain::Completed writing the mss file at /mnt/isaac_sbay0/lbo-ws/Projects/DVR-008-002/Base_Design_Project/Reference_design_project_2020.2/PSCora/SoCora/zynq_fsbl/zynq_fsbl_bsp
TRACE::2026-09-01.14:36:21::SCWPlatform::Generating sources Done.
TRACE::2026-09-01.14:36:21::SCWPlatform::Trying to open the hw design at /mnt/isaac_sbay0/lbo-ws/Projects/DVR-008-002/Base_Design_Project/Reference_design_project_2020.2/PSCora/SoCora/hw/design_1_wrapper.xsa
TRACE::2026-09-01.14:36:21::SCWPlatform::DSA given /mnt/isaac_sbay0/lbo-ws/Projects/DVR-008-002/Base_Design_Project/Reference_design_project_2020.2/PSCora/SoCora/hw/design_1_wrapper.xsa
TRACE::2026-09-01.14:36:21::SCWPlatform::DSA absoulate path /mnt/isaac_sbay0/lbo-ws/Projects/DVR-008-002/Base_Design_Project/Reference_design_project_2020.2/PSCora/SoCora/hw/design_1_wrapper.xsa
TRACE::2026-09-01.14:36:21::SCWPlatform::DSA directory /mnt/isaac_sbay0/lbo-ws/Projects/DVR-008-002/Base_Design_Project/Reference_design_project_2020.2/PSCora/SoCora/hw
TRACE::2026-09-01.14:36:21::SCWPlatform:: Platform Path /mnt/isaac_sbay0/lbo-ws/Projects/DVR-008-002/Base_Design_Project/Reference_design_project_2020.2/PSCora/SoCora/hw/design_1_wrapper.xsa
TRACE::2026-09-01.14:36:21::SCWPlatform:: Unique name xilinx:::0.0
TRACE::2026-09-01.14:36:21::SCWPlatform::Trying to set the existing hwdb with name design_1_wrapper
TRACE::2026-09-01.14:36:21::SCWPlatform::Opened existing hwdb design_1_wrapper
TRACE::2026-09-01.14:36:21::SCWPlatform::Found the Hw Db part of the input DSA
TRACE::2026-09-01.14:36:21::SCWMssOS::Checking the sw design at  /mnt/isaac_sbay0/lbo-ws/Projects/DVR-008-002/Base_Design_Project/Reference_design_project_2020.2/PSCora/SoCora/zynq_fsbl/zynq_fsbl_bsp/system.mss
TRACE::2026-09-01.14:36:21::SCWMssOS::DEBUG:  swdes dump  /mnt/isaac_sbay0/lbo-ws/Projects/DVR-008-002/Base_Design_Project/Reference_design_project_2020.2/PSCora/SoCora/zynq_fsbl/zynq_fsbl_bsp/system.mss|/mnt/isaac_sbay0/lbo-ws/Projects/DVR-008-002/Base_Design_Project/Reference_design_project_2020.2/PSCora/SoCora/zynq_fsbl/zynq_fsbl_bsp/system.mss||

KEYINFO::2026-09-01.14:36:21::SCWMssOS::Could not open the swdb for /mnt/isaac_sbay0/lbo-ws/Projects/DVR-008-002/Base_Design_Project/Reference_design_project_2020.2/PSCora/SoCora/zynq_fsbl/zynq_fsbl_bsp/system.mss
KEYINFO::2026-09-01.14:36:21::SCWMssOS::Could not open the sw design at  /mnt/isaac_sbay0/lbo-ws/Projects/DVR-008-002/Base_Design_Project/Reference_design_project_2020.2/PSCora/SoCora/zynq_fsbl/zynq_fsbl_bsp/system.mss
ERROR: [Hsi 55-1558] Software Design /mnt/isaac_sbay0/lbo-ws/Projects/DVR-008-002/Base_Design_Project/Reference_design_project_2020.2/PSCora/SoCora/zynq_fsbl/zynq_fsbl_bsp/system.mss is not found

TRACE::2026-09-01.14:36:21::SCWMssOS::Cleared the swdb table entry
TRACE::2026-09-01.14:36:21::SCWMssOS::No sw design opened at  /mnt/isaac_sbay0/lbo-ws/Projects/DVR-008-002/Base_Design_Project/Reference_design_project_2020.2/PSCora/SoCora/zynq_fsbl/zynq_fsbl_bsp/system.mss
TRACE::2026-09-01.14:36:21::SCWMssOS::mss exists loading the mss file  /mnt/isaac_sbay0/lbo-ws/Projects/DVR-008-002/Base_Design_Project/Reference_design_project_2020.2/PSCora/SoCora/zynq_fsbl/zynq_fsbl_bsp/system.mss
TRACE::2026-09-01.14:36:21::SCWMssOS::Opened the sw design from mss  /mnt/isaac_sbay0/lbo-ws/Projects/DVR-008-002/Base_Design_Project/Reference_design_project_2020.2/PSCora/SoCora/zynq_fsbl/zynq_fsbl_bsp/system.mss
TRACE::2026-09-01.14:36:21::SCWMssOS::Adding the swdes entry /mnt/isaac_sbay0/lbo-ws/Projects/DVR-008-002/Base_Design_Project/Reference_design_project_2020.2/PSCora/SoCora/zynq_fsbl/zynq_fsbl_bsp/system.mss with des name system
TRACE::2026-09-01.14:36:21::SCWMssOS::updating the scw layer about changes
TRACE::2026-09-01.14:36:21::SCWMssOS::Opened the sw design.  /mnt/isaac_sbay0/lbo-ws/Projects/DVR-008-002/Base_Design_Project/Reference_design_project_2020.2/PSCora/SoCora/zynq_fsbl/zynq_fsbl_bsp/system.mss
TRACE::2026-09-01.14:36:21::SCWMssOS::Saving the mss changes /mnt/isaac_sbay0/lbo-ws/Projects/DVR-008-002/Base_Design_Project/Reference_design_project_2020.2/PSCora/SoCora/zynq_fsbl/zynq_fsbl_bsp/system.mss
TRACE::2026-09-01.14:36:21::SCWMssOS::Found a swdesign opened with the mssfile.
TRACE::2026-09-01.14:36:21::SCWMssOS::Completed writemss as part of save.
TRACE::2026-09-01.14:36:21::SCWMssOS::Commit changes completed.
TRACE::2026-09-01.14:36:21::SCWPlatform::Trying to open the hw design at /mnt/isaac_sbay0/lbo-ws/Projects/DVR-008-002/Base_Design_Project/Reference_design_project_2020.2/PSCora/SoCora/hw/design_1_wrapper.xsa
TRACE::2026-09-01.14:36:21::SCWPlatform::DSA given /mnt/isaac_sbay0/lbo-ws/Projects/DVR-008-002/Base_Design_Project/Reference_design_project_2020.2/PSCora/SoCora/hw/design_1_wrapper.xsa
TRACE::2026-09-01.14:36:21::SCWPlatform::DSA absoulate path /mnt/isaac_sbay0/lbo-ws/Projects/DVR-008-002/Base_Design_Project/Reference_design_project_2020.2/PSCora/SoCora/hw/design_1_wrapper.xsa
TRACE::2026-09-01.14:36:21::SCWPlatform::DSA directory /mnt/isaac_sbay0/lbo-ws/Projects/DVR-008-002/Base_Design_Project/Reference_design_project_2020.2/PSCora/SoCora/hw
TRACE::2026-09-01.14:36:21::SCWPlatform:: Platform Path /mnt/isaac_sbay0/lbo-ws/Projects/DVR-008-002/Base_Design_Project/Reference_design_project_2020.2/PSCora/SoCora/hw/design_1_wrapper.xsa
TRACE::2026-09-01.14:36:21::SCWPlatform:: Unique name xilinx:::0.0
TRACE::2026-09-01.14:36:21::SCWPlatform::Trying to set the existing hwdb with name design_1_wrapper
TRACE::2026-09-01.14:36:21::SCWPlatform::Opened existing hwdb design_1_wrapper
TRACE::2026-09-01.14:36:21::SCWPlatform::Found the Hw Db part of the input DSA
TRACE::2026-09-01.14:36:21::SCWMssOS::Checking the sw design at  /mnt/isaac_sbay0/lbo-ws/Projects/DVR-008-002/Base_Design_Project/Reference_design_project_2020.2/PSCora/SoCora/zynq_fsbl/zynq_fsbl_bsp/system.mss
TRACE::2026-09-01.14:36:21::SCWMssOS::DEBUG:  swdes dump  /mnt/isaac_sbay0/lbo-ws/Projects/DVR-008-002/Base_Design_Project/Reference_design_project_2020.2/PSCora/SoCora/zynq_fsbl/zynq_fsbl_bsp/system.mss|system||

TRACE::2026-09-01.14:36:21::SCWMssOS::Sw design exists and opened at  /mnt/isaac_sbay0/lbo-ws/Projects/DVR-008-002/Base_Design_Project/Reference_design_project_2020.2/PSCora/SoCora/zynq_fsbl/zynq_fsbl_bsp/system.mss
TRACE::2026-09-01.14:36:21::SCWPlatform::Trying to open the hw design at /mnt/isaac_sbay0/lbo-ws/Projects/DVR-008-002/Base_Design_Project/Reference_design_project_2020.2/PSCora/SoCora/hw/design_1_wrapper.xsa
TRACE::2026-09-01.14:36:21::SCWPlatform::DSA given /mnt/isaac_sbay0/lbo-ws/Projects/DVR-008-002/Base_Design_Project/Reference_design_project_2020.2/PSCora/SoCora/hw/design_1_wrapper.xsa
TRACE::2026-09-01.14:36:21::SCWPlatform::DSA absoulate path /mnt/isaac_sbay0/lbo-ws/Projects/DVR-008-002/Base_Design_Project/Reference_design_project_2020.2/PSCora/SoCora/hw/design_1_wrapper.xsa
TRACE::2026-09-01.14:36:21::SCWPlatform::DSA directory /mnt/isaac_sbay0/lbo-ws/Projects/DVR-008-002/Base_Design_Project/Reference_design_project_2020.2/PSCora/SoCora/hw
TRACE::2026-09-01.14:36:21::SCWPlatform:: Platform Path /mnt/isaac_sbay0/lbo-ws/Projects/DVR-008-002/Base_Design_Project/Reference_design_project_2020.2/PSCora/SoCora/hw/design_1_wrapper.xsa
TRACE::2026-09-01.14:36:21::SCWPlatform:: Unique name xilinx:::0.0
TRACE::2026-09-01.14:36:21::SCWPlatform::Trying to set the existing hwdb with name design_1_wrapper
TRACE::2026-09-01.14:36:21::SCWPlatform::Opened existing hwdb design_1_wrapper
TRACE::2026-09-01.14:36:21::SCWPlatform::Found the Hw Db part of the input DSA
TRACE::2026-09-01.14:36:21::SCWMssOS::Checking the sw design at  /mnt/isaac_sbay0/lbo-ws/Projects/DVR-008-002/Base_Design_Project/Reference_design_project_2020.2/PSCora/SoCora/zynq_fsbl/zynq_fsbl_bsp/system.mss
TRACE::2026-09-01.14:36:21::SCWMssOS::DEBUG:  swdes dump  /mnt/isaac_sbay0/lbo-ws/Projects/DVR-008-002/Base_Design_Project/Reference_design_project_2020.2/PSCora/SoCora/zynq_fsbl/zynq_fsbl_bsp/system.mss|system||

TRACE::2026-09-01.14:36:21::SCWMssOS::Sw design exists and opened at  /mnt/isaac_sbay0/lbo-ws/Projects/DVR-008-002/Base_Design_Project/Reference_design_project_2020.2/PSCora/SoCora/zynq_fsbl/zynq_fsbl_bsp/system.mss
TRACE::2026-09-01.14:36:21::SCWPlatform::Trying to open the hw design at /mnt/isaac_sbay0/lbo-ws/Projects/DVR-008-002/Base_Design_Project/Reference_design_project_2020.2/PSCora/SoCora/hw/design_1_wrapper.xsa
TRACE::2026-09-01.14:36:21::SCWPlatform::DSA given /mnt/isaac_sbay0/lbo-ws/Projects/DVR-008-002/Base_Design_Project/Reference_design_project_2020.2/PSCora/SoCora/hw/design_1_wrapper.xsa
TRACE::2026-09-01.14:36:21::SCWPlatform::DSA absoulate path /mnt/isaac_sbay0/lbo-ws/Projects/DVR-008-002/Base_Design_Project/Reference_design_project_2020.2/PSCora/SoCora/hw/design_1_wrapper.xsa
TRACE::2026-09-01.14:36:21::SCWPlatform::DSA directory /mnt/isaac_sbay0/lbo-ws/Projects/DVR-008-002/Base_Design_Project/Reference_design_project_2020.2/PSCora/SoCora/hw
TRACE::2026-09-01.14:36:21::SCWPlatform:: Platform Path /mnt/isaac_sbay0/lbo-ws/Projects/DVR-008-002/Base_Design_Project/Reference_design_project_2020.2/PSCora/SoCora/hw/design_1_wrapper.xsa
TRACE::2026-09-01.14:36:21::SCWPlatform:: Unique name xilinx:::0.0
TRACE::2026-09-01.14:36:21::SCWPlatform::Trying to set the existing hwdb with name design_1_wrapper
TRACE::2026-09-01.14:36:21::SCWPlatform::Opened existing hwdb design_1_wrapper
TRACE::2026-09-01.14:36:21::SCWPlatform::Found the Hw Db part of the input DSA
TRACE::2026-09-01.14:36:21::SCWMssOS::Checking the sw design at  /mnt/isaac_sbay0/lbo-ws/Projects/DVR-008-002/Base_Design_Project/Reference_design_project_2020.2/PSCora/SoCora/zynq_fsbl/zynq_fsbl_bsp/system.mss
TRACE::2026-09-01.14:36:21::SCWMssOS::DEBUG:  swdes dump  /mnt/isaac_sbay0/lbo-ws/Projects/DVR-008-002/Base_Design_Project/Reference_design_project_2020.2/PSCora/SoCora/zynq_fsbl/zynq_fsbl_bsp/system.mss|system||

TRACE::2026-09-01.14:36:21::SCWMssOS::Sw design exists and opened at  /mnt/isaac_sbay0/lbo-ws/Projects/DVR-008-002/Base_Design_Project/Reference_design_project_2020.2/PSCora/SoCora/zynq_fsbl/zynq_fsbl_bsp/system.mss
TRACE::2026-09-01.14:36:21::SCWWriter::formatted JSON is {
	"platformName":	"SoCora",
	"sprVersion":	"2.0",
	"mode":	"cmd",
	"dsaType":	"Fixed",
	"platformDesc":	"SoCora",
	"platHandOff":	"/mnt/isaac_sbay0/lbo-ws/Projects/DVR-008-002/Base_Design_Project/Reference_design_project_2020.2/SoCora/design_1_wrapper.xsa",
	"platIntHandOff":	"<platformDir>/hw/design_1_wrapper.xsa",
	"deviceType":	"zynq",
	"platIsPrebuiltAutogen":	"false",
	"platIsNoBootBsp":	"false",
	"platFsblTarget":	"ps7_cortexa9_0",
	"hasFsblMakeHasChanges":	"false",
	"hasPmufwMakeHasChanges":	"false",
	"fsblExtraCompilerFlags":	"-MMD -MP       -mcpu=cortex-a9 -mfpu=vfpv3 -mfloat-abi=hard ",
	"platPreBuiltFlag":	false,
	"platformSamplesDir":	"",
	"platActiveSys":	"SoCora",
	"systems":	[{
			"systemName":	"SoCora",
			"systemDesc":	"SoCora",
			"sysIsBootAutoGen":	"true",
			"systemDispName":	"SoCora",
			"sysActiveDom":	"zynq_fsbl",
			"sysDefaultDom":	"",
			"domains":	[{
					"domainName":	"zynq_fsbl",
					"domainDispName":	"zynq_fsbl",
					"domainDesc":	"FSBL Application BSP - Auto Generated.",
					"processors":	"ps7_cortexa9_0",
					"os":	"standalone",
					"sdxOs":	"standalone",
					"debugEnable":	"",
					"domRuntimes":	["cpp"],
					"swRepo":	"",
					"mssOsVer":	"7.3",
					"mssFile":	"",
					"md5Digest":	"d6e5e7d1372224806e87c36e715390fd",
					"compatibleApp":	"zynq_fsbl",
					"domType":	"bootDomain",
					"arch":	"32-bit",
					"appSettings":	{
						"appCompilerFlags":	"",
						"appLinkerFlags":	""
					},
					"addedLibs":	["xilffs:4.4", "xilrsa:1.6"],
					"libOptions":	{
						"libsContainingOptions":	[]
					},
					"prebuiltLibs":	{
						"prebuiltIncPath":	[],
						"prebuiltLibPath":	[]
					},
					"isolation":	{
					}
				}]
		}]
}
TRACE::2026-09-01.14:36:24::SCWDomain::checking for install qemu data   : 
TRACE::2026-09-01.14:36:24::SCWDomain:: Using the QEMU Data from install at  : /tools/xilinx/Vitis/2020.2/data/emulation/platforms/zynq/sw/a9_standalone/qemu/
TRACE::2026-09-01.14:36:24::SCWDomain:: Using the QEMU args  from install at  : /tools/xilinx/Vitis/2020.2/data/emulation/platforms/zynq/sw/a9_standalone/qemu/qemu_args.txt
TRACE::2026-09-01.14:36:24::SCWPlatform::Trying to open the hw design at /mnt/isaac_sbay0/lbo-ws/Projects/DVR-008-002/Base_Design_Project/Reference_design_project_2020.2/PSCora/SoCora/hw/design_1_wrapper.xsa
TRACE::2026-09-01.14:36:24::SCWPlatform::DSA given /mnt/isaac_sbay0/lbo-ws/Projects/DVR-008-002/Base_Design_Project/Reference_design_project_2020.2/PSCora/SoCora/hw/design_1_wrapper.xsa
TRACE::2026-09-01.14:36:24::SCWPlatform::DSA absoulate path /mnt/isaac_sbay0/lbo-ws/Projects/DVR-008-002/Base_Design_Project/Reference_design_project_2020.2/PSCora/SoCora/hw/design_1_wrapper.xsa
TRACE::2026-09-01.14:36:24::SCWPlatform::DSA directory /mnt/isaac_sbay0/lbo-ws/Projects/DVR-008-002/Base_Design_Project/Reference_design_project_2020.2/PSCora/SoCora/hw
TRACE::2026-09-01.14:36:24::SCWPlatform:: Platform Path /mnt/isaac_sbay0/lbo-ws/Projects/DVR-008-002/Base_Design_Project/Reference_design_project_2020.2/PSCora/SoCora/hw/design_1_wrapper.xsa
TRACE::2026-09-01.14:36:24::SCWPlatform:: Unique name xilinx:::0.0
TRACE::2026-09-01.14:36:24::SCWPlatform::Trying to set the existing hwdb with name design_1_wrapper
TRACE::2026-09-01.14:36:24::SCWPlatform::Opened existing hwdb design_1_wrapper
TRACE::2026-09-01.14:36:24::SCWPlatform::Found the Hw Db part of the input DSA
TRACE::2026-09-01.14:36:24::SCWPlatform::Trying to open the hw design at /mnt/isaac_sbay0/lbo-ws/Projects/DVR-008-002/Base_Design_Project/Reference_design_project_2020.2/PSCora/SoCora/hw/design_1_wrapper.xsa
TRACE::2026-09-01.14:36:24::SCWPlatform::DSA given /mnt/isaac_sbay0/lbo-ws/Projects/DVR-008-002/Base_Design_Project/Reference_design_project_2020.2/PSCora/SoCora/hw/design_1_wrapper.xsa
TRACE::2026-09-01.14:36:24::SCWPlatform::DSA absoulate path /mnt/isaac_sbay0/lbo-ws/Projects/DVR-008-002/Base_Design_Project/Reference_design_project_2020.2/PSCora/SoCora/hw/design_1_wrapper.xsa
TRACE::2026-09-01.14:36:24::SCWPlatform::DSA directory /mnt/isaac_sbay0/lbo-ws/Projects/DVR-008-002/Base_Design_Project/Reference_design_project_2020.2/PSCora/SoCora/hw
TRACE::2026-09-01.14:36:24::SCWPlatform:: Platform Path /mnt/isaac_sbay0/lbo-ws/Projects/DVR-008-002/Base_Design_Project/Reference_design_project_2020.2/PSCora/SoCora/hw/design_1_wrapper.xsa
TRACE::2026-09-01.14:36:24::SCWPlatform:: Unique name xilinx:::0.0
TRACE::2026-09-01.14:36:24::SCWPlatform::Trying to set the existing hwdb with name design_1_wrapper
TRACE::2026-09-01.14:36:24::SCWPlatform::Opened existing hwdb design_1_wrapper
TRACE::2026-09-01.14:36:24::SCWPlatform::Found the Hw Db part of the input DSA
TRACE::2026-09-01.14:36:24::SCWPlatform::Trying to open the hw design at /mnt/isaac_sbay0/lbo-ws/Projects/DVR-008-002/Base_Design_Project/Reference_design_project_2020.2/PSCora/SoCora/hw/design_1_wrapper.xsa
TRACE::2026-09-01.14:36:24::SCWPlatform::DSA given /mnt/isaac_sbay0/lbo-ws/Projects/DVR-008-002/Base_Design_Project/Reference_design_project_2020.2/PSCora/SoCora/hw/design_1_wrapper.xsa
TRACE::2026-09-01.14:36:24::SCWPlatform::DSA absoulate path /mnt/isaac_sbay0/lbo-ws/Projects/DVR-008-002/Base_Design_Project/Reference_design_project_2020.2/PSCora/SoCora/hw/design_1_wrapper.xsa
TRACE::2026-09-01.14:36:24::SCWPlatform::DSA directory /mnt/isaac_sbay0/lbo-ws/Projects/DVR-008-002/Base_Design_Project/Reference_design_project_2020.2/PSCora/SoCora/hw
TRACE::2026-09-01.14:36:24::SCWPlatform:: Platform Path /mnt/isaac_sbay0/lbo-ws/Projects/DVR-008-002/Base_Design_Project/Reference_design_project_2020.2/PSCora/SoCora/hw/design_1_wrapper.xsa
TRACE::2026-09-01.14:36:24::SCWPlatform:: Unique name xilinx:::0.0
TRACE::2026-09-01.14:36:24::SCWPlatform::Trying to set the existing hwdb with name design_1_wrapper
TRACE::2026-09-01.14:36:24::SCWPlatform::Opened existing hwdb design_1_wrapper
TRACE::2026-09-01.14:36:24::SCWPlatform::Found the Hw Db part of the input DSA
TRACE::2026-09-01.14:36:24::SCWMssOS::Checking the sw design at  /mnt/isaac_sbay0/lbo-ws/Projects/DVR-008-002/Base_Design_Project/Reference_design_project_2020.2/PSCora/SoCora/ps7_cortexa9_0/standalone_domain/bsp/system.mss
TRACE::2026-09-01.14:36:24::SCWMssOS::DEBUG:  swdes dump  /mnt/isaac_sbay0/lbo-ws/Projects/DVR-008-002/Base_Design_Project/Reference_design_project_2020.2/PSCora/SoCora/zynq_fsbl/zynq_fsbl_bsp/system.mss|system||

TRACE::2026-09-01.14:36:24::SCWMssOS::No sw design opened at  /mnt/isaac_sbay0/lbo-ws/Projects/DVR-008-002/Base_Design_Project/Reference_design_project_2020.2/PSCora/SoCora/ps7_cortexa9_0/standalone_domain/bsp/system.mss
TRACE::2026-09-01.14:36:24::SCWMssOS::mss does not exists at /mnt/isaac_sbay0/lbo-ws/Projects/DVR-008-002/Base_Design_Project/Reference_design_project_2020.2/PSCora/SoCora/ps7_cortexa9_0/standalone_domain/bsp/system.mss
TRACE::2026-09-01.14:36:24::SCWMssOS::Creating sw design at  /mnt/isaac_sbay0/lbo-ws/Projects/DVR-008-002/Base_Design_Project/Reference_design_project_2020.2/PSCora/SoCora/ps7_cortexa9_0/standalone_domain/bsp/system.mss
TRACE::2026-09-01.14:36:24::SCWMssOS::Adding the swdes entry, created swdb /mnt/isaac_sbay0/lbo-ws/Projects/DVR-008-002/Base_Design_Project/Reference_design_project_2020.2/PSCora/SoCora/ps7_cortexa9_0/standalone_domain/bsp/system.mss with des name /mnt/isaac_sbay0/lbo-ws/Projects/DVR-008-002/Base_Design_Project/Reference_design_project_2020.2/PSCora/SoCora/ps7_cortexa9_0/standalone_domain/bsp/system.mss
TRACE::2026-09-01.14:36:24::SCWMssOS::updating the scw layer changes to swdes at   /mnt/isaac_sbay0/lbo-ws/Projects/DVR-008-002/Base_Design_Project/Reference_design_project_2020.2/PSCora/SoCora/ps7_cortexa9_0/standalone_domain/bsp/system.mss
TRACE::2026-09-01.14:36:24::SCWMssOS::Writing mss at /mnt/isaac_sbay0/lbo-ws/Projects/DVR-008-002/Base_Design_Project/Reference_design_project_2020.2/PSCora/SoCora/ps7_cortexa9_0/standalone_domain/bsp/system.mss
TRACE::2026-09-01.14:36:24::SCWMssOS::Completed writing the mss file at /mnt/isaac_sbay0/lbo-ws/Projects/DVR-008-002/Base_Design_Project/Reference_design_project_2020.2/PSCora/SoCora/ps7_cortexa9_0/standalone_domain/bsp
TRACE::2026-09-01.14:36:24::SCWMssOS::Picking up changes from newly written mss file into SCW Layer. 
TRACE::2026-09-01.14:36:24::SCWMssOS::Updated the changes from newly written mss file into SCW Layer. 
TRACE::2026-09-01.14:36:24::SCWMssOS::Completed writing the mss file at /mnt/isaac_sbay0/lbo-ws/Projects/DVR-008-002/Base_Design_Project/Reference_design_project_2020.2/PSCora/SoCora/ps7_cortexa9_0/standalone_domain/bsp
TRACE::2026-09-01.14:36:24::SCWMssOS::Forcing BSP Sources regeneration.
TRACE::2026-09-01.14:36:24::SCWMssOS::Saving the mss changes /mnt/isaac_sbay0/lbo-ws/Projects/DVR-008-002/Base_Design_Project/Reference_design_project_2020.2/PSCora/SoCora/zynq_fsbl/zynq_fsbl_bsp/system.mss
TRACE::2026-09-01.14:36:24::SCWMssOS::Found a swdesign opened with the mssfile.
TRACE::2026-09-01.14:36:24::SCWMssOS::Completed writemss as part of save.
TRACE::2026-09-01.14:36:24::SCWMssOS::Commit changes completed.
TRACE::2026-09-01.14:36:24::SCWMssOS::Saving the mss changes /mnt/isaac_sbay0/lbo-ws/Projects/DVR-008-002/Base_Design_Project/Reference_design_project_2020.2/PSCora/SoCora/ps7_cortexa9_0/standalone_domain/bsp/system.mss
TRACE::2026-09-01.14:36:24::SCWMssOS::Found a swdesign opened with the mssfile.
TRACE::2026-09-01.14:36:24::SCWMssOS::Running validate of swdbs.
KEYINFO::2026-09-01.14:36:24::SCWMssOS::Could not open the swdb for /mnt/isaac_sbay0/lbo-ws/Projects/DVR-008-002/Base_Design_Project/Reference_design_project_2020.2/PSCora/SoCora/ps7_cortexa9_0/standalone_domain/bsp/system.mss
KEYINFO::2026-09-01.14:36:24::SCWMssOS::Could not open the sw design at  /mnt/isaac_sbay0/lbo-ws/Projects/DVR-008-002/Base_Design_Project/Reference_design_project_2020.2/PSCora/SoCora/ps7_cortexa9_0/standalone_domain/bsp/system.mss
ERROR: [Hsi 55-1558] Software Design /mnt/isaac_sbay0/lbo-ws/Projects/DVR-008-002/Base_Design_Project/Reference_design_project_2020.2/PSCora/SoCora/ps7_cortexa9_0/standalone_domain/bsp/system.mss is not found

TRACE::2026-09-01.14:36:24::SCWMssOS::Cleared the swdb table entry
TRACE::2026-09-01.14:36:24::SCWMssOS::Adding the swdes entry, mss present, able to open swdb /mnt/isaac_sbay0/lbo-ws/Projects/DVR-008-002/Base_Design_Project/Reference_design_project_2020.2/PSCora/SoCora/ps7_cortexa9_0/standalone_domain/bsp/system.mss with des name system_0
TRACE::2026-09-01.14:36:24::SCWMssOS::Writing the mss file completed /mnt/isaac_sbay0/lbo-ws/Projects/DVR-008-002/Base_Design_Project/Reference_design_project_2020.2/PSCora/SoCora/ps7_cortexa9_0/standalone_domain/bsp/system.mss
TRACE::2026-09-01.14:36:24::SCWMssOS::Commit changes completed.
TRACE::2026-09-01.14:36:24::SCWPlatform::Trying to open the hw design at /mnt/isaac_sbay0/lbo-ws/Projects/DVR-008-002/Base_Design_Project/Reference_design_project_2020.2/PSCora/SoCora/hw/design_1_wrapper.xsa
TRACE::2026-09-01.14:36:24::SCWPlatform::DSA given /mnt/isaac_sbay0/lbo-ws/Projects/DVR-008-002/Base_Design_Project/Reference_design_project_2020.2/PSCora/SoCora/hw/design_1_wrapper.xsa
TRACE::2026-09-01.14:36:24::SCWPlatform::DSA absoulate path /mnt/isaac_sbay0/lbo-ws/Projects/DVR-008-002/Base_Design_Project/Reference_design_project_2020.2/PSCora/SoCora/hw/design_1_wrapper.xsa
TRACE::2026-09-01.14:36:24::SCWPlatform::DSA directory /mnt/isaac_sbay0/lbo-ws/Projects/DVR-008-002/Base_Design_Project/Reference_design_project_2020.2/PSCora/SoCora/hw
TRACE::2026-09-01.14:36:24::SCWPlatform:: Platform Path /mnt/isaac_sbay0/lbo-ws/Projects/DVR-008-002/Base_Design_Project/Reference_design_project_2020.2/PSCora/SoCora/hw/design_1_wrapper.xsa
TRACE::2026-09-01.14:36:24::SCWPlatform:: Unique name xilinx:::0.0
TRACE::2026-09-01.14:36:24::SCWPlatform::Trying to set the existing hwdb with name design_1_wrapper
TRACE::2026-09-01.14:36:24::SCWPlatform::Opened existing hwdb design_1_wrapper
TRACE::2026-09-01.14:36:24::SCWPlatform::Found the Hw Db part of the input DSA
TRACE::2026-09-01.14:36:24::SCWMssOS::Checking the sw design at  /mnt/isaac_sbay0/lbo-ws/Projects/DVR-008-002/Base_Design_Project/Reference_design_project_2020.2/PSCora/SoCora/zynq_fsbl/zynq_fsbl_bsp/system.mss
TRACE::2026-09-01.14:36:24::SCWMssOS::DEBUG:  swdes dump  /mnt/isaac_sbay0/lbo-ws/Projects/DVR-008-002/Base_Design_Project/Reference_design_project_2020.2/PSCora/SoCora/ps7_cortexa9_0/standalone_domain/bsp/system.mss|system_0||
/mnt/isaac_sbay0/lbo-ws/Projects/DVR-008-002/Base_Design_Project/Reference_design_project_2020.2/PSCora/SoCora/zynq_fsbl/zynq_fsbl_bsp/system.mss|system||

TRACE::2026-09-01.14:36:24::SCWMssOS::Sw design exists and opened at  /mnt/isaac_sbay0/lbo-ws/Projects/DVR-008-002/Base_Design_Project/Reference_design_project_2020.2/PSCora/SoCora/zynq_fsbl/zynq_fsbl_bsp/system.mss
TRACE::2026-09-01.14:36:24::SCWPlatform::Trying to open the hw design at /mnt/isaac_sbay0/lbo-ws/Projects/DVR-008-002/Base_Design_Project/Reference_design_project_2020.2/PSCora/SoCora/hw/design_1_wrapper.xsa
TRACE::2026-09-01.14:36:24::SCWPlatform::DSA given /mnt/isaac_sbay0/lbo-ws/Projects/DVR-008-002/Base_Design_Project/Reference_design_project_2020.2/PSCora/SoCora/hw/design_1_wrapper.xsa
TRACE::2026-09-01.14:36:24::SCWPlatform::DSA absoulate path /mnt/isaac_sbay0/lbo-ws/Projects/DVR-008-002/Base_Design_Project/Reference_design_project_2020.2/PSCora/SoCora/hw/design_1_wrapper.xsa
TRACE::2026-09-01.14:36:24::SCWPlatform::DSA directory /mnt/isaac_sbay0/lbo-ws/Projects/DVR-008-002/Base_Design_Project/Reference_design_project_2020.2/PSCora/SoCora/hw
TRACE::2026-09-01.14:36:24::SCWPlatform:: Platform Path /mnt/isaac_sbay0/lbo-ws/Projects/DVR-008-002/Base_Design_Project/Reference_design_project_2020.2/PSCora/SoCora/hw/design_1_wrapper.xsa
TRACE::2026-09-01.14:36:24::SCWPlatform:: Unique name xilinx:::0.0
TRACE::2026-09-01.14:36:24::SCWPlatform::Trying to set the existing hwdb with name design_1_wrapper
TRACE::2026-09-01.14:36:24::SCWPlatform::Opened existing hwdb design_1_wrapper
TRACE::2026-09-01.14:36:24::SCWPlatform::Found the Hw Db part of the input DSA
TRACE::2026-09-01.14:36:24::SCWMssOS::Checking the sw design at  /mnt/isaac_sbay0/lbo-ws/Projects/DVR-008-002/Base_Design_Project/Reference_design_project_2020.2/PSCora/SoCora/zynq_fsbl/zynq_fsbl_bsp/system.mss
TRACE::2026-09-01.14:36:24::SCWMssOS::DEBUG:  swdes dump  /mnt/isaac_sbay0/lbo-ws/Projects/DVR-008-002/Base_Design_Project/Reference_design_project_2020.2/PSCora/SoCora/ps7_cortexa9_0/standalone_domain/bsp/system.mss|system_0||
/mnt/isaac_sbay0/lbo-ws/Projects/DVR-008-002/Base_Design_Project/Reference_design_project_2020.2/PSCora/SoCora/zynq_fsbl/zynq_fsbl_bsp/system.mss|system||

TRACE::2026-09-01.14:36:24::SCWMssOS::Sw design exists and opened at  /mnt/isaac_sbay0/lbo-ws/Projects/DVR-008-002/Base_Design_Project/Reference_design_project_2020.2/PSCora/SoCora/zynq_fsbl/zynq_fsbl_bsp/system.mss
TRACE::2026-09-01.14:36:24::SCWPlatform::Trying to open the hw design at /mnt/isaac_sbay0/lbo-ws/Projects/DVR-008-002/Base_Design_Project/Reference_design_project_2020.2/PSCora/SoCora/hw/design_1_wrapper.xsa
TRACE::2026-09-01.14:36:24::SCWPlatform::DSA given /mnt/isaac_sbay0/lbo-ws/Projects/DVR-008-002/Base_Design_Project/Reference_design_project_2020.2/PSCora/SoCora/hw/design_1_wrapper.xsa
TRACE::2026-09-01.14:36:24::SCWPlatform::DSA absoulate path /mnt/isaac_sbay0/lbo-ws/Projects/DVR-008-002/Base_Design_Project/Reference_design_project_2020.2/PSCora/SoCora/hw/design_1_wrapper.xsa
TRACE::2026-09-01.14:36:24::SCWPlatform::DSA directory /mnt/isaac_sbay0/lbo-ws/Projects/DVR-008-002/Base_Design_Project/Reference_design_project_2020.2/PSCora/SoCora/hw
TRACE::2026-09-01.14:36:24::SCWPlatform:: Platform Path /mnt/isaac_sbay0/lbo-ws/Projects/DVR-008-002/Base_Design_Project/Reference_design_project_2020.2/PSCora/SoCora/hw/design_1_wrapper.xsa
TRACE::2026-09-01.14:36:24::SCWPlatform:: Unique name xilinx:::0.0
TRACE::2026-09-01.14:36:24::SCWPlatform::Trying to set the existing hwdb with name design_1_wrapper
TRACE::2026-09-01.14:36:24::SCWPlatform::Opened existing hwdb design_1_wrapper
TRACE::2026-09-01.14:36:24::SCWPlatform::Found the Hw Db part of the input DSA
TRACE::2026-09-01.14:36:24::SCWMssOS::Checking the sw design at  /mnt/isaac_sbay0/lbo-ws/Projects/DVR-008-002/Base_Design_Project/Reference_design_project_2020.2/PSCora/SoCora/zynq_fsbl/zynq_fsbl_bsp/system.mss
TRACE::2026-09-01.14:36:24::SCWMssOS::DEBUG:  swdes dump  /mnt/isaac_sbay0/lbo-ws/Projects/DVR-008-002/Base_Design_Project/Reference_design_project_2020.2/PSCora/SoCora/ps7_cortexa9_0/standalone_domain/bsp/system.mss|system_0||
/mnt/isaac_sbay0/lbo-ws/Projects/DVR-008-002/Base_Design_Project/Reference_design_project_2020.2/PSCora/SoCora/zynq_fsbl/zynq_fsbl_bsp/system.mss|system||

TRACE::2026-09-01.14:36:24::SCWMssOS::Sw design exists and opened at  /mnt/isaac_sbay0/lbo-ws/Projects/DVR-008-002/Base_Design_Project/Reference_design_project_2020.2/PSCora/SoCora/zynq_fsbl/zynq_fsbl_bsp/system.mss
TRACE::2026-09-01.14:36:24::SCWPlatform::Trying to open the hw design at /mnt/isaac_sbay0/lbo-ws/Projects/DVR-008-002/Base_Design_Project/Reference_design_project_2020.2/PSCora/SoCora/hw/design_1_wrapper.xsa
TRACE::2026-09-01.14:36:24::SCWPlatform::DSA given /mnt/isaac_sbay0/lbo-ws/Projects/DVR-008-002/Base_Design_Project/Reference_design_project_2020.2/PSCora/SoCora/hw/design_1_wrapper.xsa
TRACE::2026-09-01.14:36:24::SCWPlatform::DSA absoulate path /mnt/isaac_sbay0/lbo-ws/Projects/DVR-008-002/Base_Design_Project/Reference_design_project_2020.2/PSCora/SoCora/hw/design_1_wrapper.xsa
TRACE::2026-09-01.14:36:24::SCWPlatform::DSA directory /mnt/isaac_sbay0/lbo-ws/Projects/DVR-008-002/Base_Design_Project/Reference_design_project_2020.2/PSCora/SoCora/hw
TRACE::2026-09-01.14:36:24::SCWPlatform:: Platform Path /mnt/isaac_sbay0/lbo-ws/Projects/DVR-008-002/Base_Design_Project/Reference_design_project_2020.2/PSCora/SoCora/hw/design_1_wrapper.xsa
TRACE::2026-09-01.14:36:24::SCWPlatform:: Unique name xilinx:::0.0
TRACE::2026-09-01.14:36:24::SCWPlatform::Trying to set the existing hwdb with name design_1_wrapper
TRACE::2026-09-01.14:36:24::SCWPlatform::Opened existing hwdb design_1_wrapper
TRACE::2026-09-01.14:36:24::SCWPlatform::Found the Hw Db part of the input DSA
TRACE::2026-09-01.14:36:24::SCWMssOS::Checking the sw design at  /mnt/isaac_sbay0/lbo-ws/Projects/DVR-008-002/Base_Design_Project/Reference_design_project_2020.2/PSCora/SoCora/ps7_cortexa9_0/standalone_domain/bsp/system.mss
TRACE::2026-09-01.14:36:24::SCWMssOS::DEBUG:  swdes dump  /mnt/isaac_sbay0/lbo-ws/Projects/DVR-008-002/Base_Design_Project/Reference_design_project_2020.2/PSCora/SoCora/ps7_cortexa9_0/standalone_domain/bsp/system.mss|system_0||
/mnt/isaac_sbay0/lbo-ws/Projects/DVR-008-002/Base_Design_Project/Reference_design_project_2020.2/PSCora/SoCora/zynq_fsbl/zynq_fsbl_bsp/system.mss|system||

TRACE::2026-09-01.14:36:24::SCWMssOS::Sw design exists and opened at  /mnt/isaac_sbay0/lbo-ws/Projects/DVR-008-002/Base_Design_Project/Reference_design_project_2020.2/PSCora/SoCora/ps7_cortexa9_0/standalone_domain/bsp/system.mss
TRACE::2026-09-01.14:36:24::SCWPlatform::Trying to open the hw design at /mnt/isaac_sbay0/lbo-ws/Projects/DVR-008-002/Base_Design_Project/Reference_design_project_2020.2/PSCora/SoCora/hw/design_1_wrapper.xsa
TRACE::2026-09-01.14:36:24::SCWPlatform::DSA given /mnt/isaac_sbay0/lbo-ws/Projects/DVR-008-002/Base_Design_Project/Reference_design_project_2020.2/PSCora/SoCora/hw/design_1_wrapper.xsa
TRACE::2026-09-01.14:36:24::SCWPlatform::DSA absoulate path /mnt/isaac_sbay0/lbo-ws/Projects/DVR-008-002/Base_Design_Project/Reference_design_project_2020.2/PSCora/SoCora/hw/design_1_wrapper.xsa
TRACE::2026-09-01.14:36:24::SCWPlatform::DSA directory /mnt/isaac_sbay0/lbo-ws/Projects/DVR-008-002/Base_Design_Project/Reference_design_project_2020.2/PSCora/SoCora/hw
TRACE::2026-09-01.14:36:24::SCWPlatform:: Platform Path /mnt/isaac_sbay0/lbo-ws/Projects/DVR-008-002/Base_Design_Project/Reference_design_project_2020.2/PSCora/SoCora/hw/design_1_wrapper.xsa
TRACE::2026-09-01.14:36:24::SCWPlatform:: Unique name xilinx:::0.0
TRACE::2026-09-01.14:36:24::SCWPlatform::Trying to set the existing hwdb with name design_1_wrapper
TRACE::2026-09-01.14:36:24::SCWPlatform::Opened existing hwdb design_1_wrapper
TRACE::2026-09-01.14:36:24::SCWPlatform::Found the Hw Db part of the input DSA
TRACE::2026-09-01.14:36:24::SCWMssOS::Checking the sw design at  /mnt/isaac_sbay0/lbo-ws/Projects/DVR-008-002/Base_Design_Project/Reference_design_project_2020.2/PSCora/SoCora/ps7_cortexa9_0/standalone_domain/bsp/system.mss
TRACE::2026-09-01.14:36:24::SCWMssOS::DEBUG:  swdes dump  /mnt/isaac_sbay0/lbo-ws/Projects/DVR-008-002/Base_Design_Project/Reference_design_project_2020.2/PSCora/SoCora/ps7_cortexa9_0/standalone_domain/bsp/system.mss|system_0||
/mnt/isaac_sbay0/lbo-ws/Projects/DVR-008-002/Base_Design_Project/Reference_design_project_2020.2/PSCora/SoCora/zynq_fsbl/zynq_fsbl_bsp/system.mss|system||

TRACE::2026-09-01.14:36:24::SCWMssOS::Sw design exists and opened at  /mnt/isaac_sbay0/lbo-ws/Projects/DVR-008-002/Base_Design_Project/Reference_design_project_2020.2/PSCora/SoCora/ps7_cortexa9_0/standalone_domain/bsp/system.mss
TRACE::2026-09-01.14:36:24::SCWPlatform::Trying to open the hw design at /mnt/isaac_sbay0/lbo-ws/Projects/DVR-008-002/Base_Design_Project/Reference_design_project_2020.2/PSCora/SoCora/hw/design_1_wrapper.xsa
TRACE::2026-09-01.14:36:24::SCWPlatform::DSA given /mnt/isaac_sbay0/lbo-ws/Projects/DVR-008-002/Base_Design_Project/Reference_design_project_2020.2/PSCora/SoCora/hw/design_1_wrapper.xsa
TRACE::2026-09-01.14:36:24::SCWPlatform::DSA absoulate path /mnt/isaac_sbay0/lbo-ws/Projects/DVR-008-002/Base_Design_Project/Reference_design_project_2020.2/PSCora/SoCora/hw/design_1_wrapper.xsa
TRACE::2026-09-01.14:36:24::SCWPlatform::DSA directory /mnt/isaac_sbay0/lbo-ws/Projects/DVR-008-002/Base_Design_Project/Reference_design_project_2020.2/PSCora/SoCora/hw
TRACE::2026-09-01.14:36:24::SCWPlatform:: Platform Path /mnt/isaac_sbay0/lbo-ws/Projects/DVR-008-002/Base_Design_Project/Reference_design_project_2020.2/PSCora/SoCora/hw/design_1_wrapper.xsa
TRACE::2026-09-01.14:36:24::SCWPlatform:: Unique name xilinx:::0.0
TRACE::2026-09-01.14:36:24::SCWPlatform::Trying to set the existing hwdb with name design_1_wrapper
TRACE::2026-09-01.14:36:24::SCWPlatform::Opened existing hwdb design_1_wrapper
TRACE::2026-09-01.14:36:24::SCWPlatform::Found the Hw Db part of the input DSA
TRACE::2026-09-01.14:36:24::SCWMssOS::Checking the sw design at  /mnt/isaac_sbay0/lbo-ws/Projects/DVR-008-002/Base_Design_Project/Reference_design_project_2020.2/PSCora/SoCora/ps7_cortexa9_0/standalone_domain/bsp/system.mss
TRACE::2026-09-01.14:36:24::SCWMssOS::DEBUG:  swdes dump  /mnt/isaac_sbay0/lbo-ws/Projects/DVR-008-002/Base_Design_Project/Reference_design_project_2020.2/PSCora/SoCora/ps7_cortexa9_0/standalone_domain/bsp/system.mss|system_0||
/mnt/isaac_sbay0/lbo-ws/Projects/DVR-008-002/Base_Design_Project/Reference_design_project_2020.2/PSCora/SoCora/zynq_fsbl/zynq_fsbl_bsp/system.mss|system||

TRACE::2026-09-01.14:36:24::SCWMssOS::Sw design exists and opened at  /mnt/isaac_sbay0/lbo-ws/Projects/DVR-008-002/Base_Design_Project/Reference_design_project_2020.2/PSCora/SoCora/ps7_cortexa9_0/standalone_domain/bsp/system.mss
TRACE::2026-09-01.14:36:24::SCWWriter::formatted JSON is {
	"platformName":	"SoCora",
	"sprVersion":	"2.0",
	"mode":	"cmd",
	"dsaType":	"Fixed",
	"platformDesc":	"SoCora",
	"platHandOff":	"/mnt/isaac_sbay0/lbo-ws/Projects/DVR-008-002/Base_Design_Project/Reference_design_project_2020.2/SoCora/design_1_wrapper.xsa",
	"platIntHandOff":	"<platformDir>/hw/design_1_wrapper.xsa",
	"deviceType":	"zynq",
	"platIsPrebuiltAutogen":	"false",
	"platIsNoBootBsp":	"false",
	"platFsblTarget":	"ps7_cortexa9_0",
	"hasFsblMakeHasChanges":	"false",
	"hasPmufwMakeHasChanges":	"false",
	"fsblExtraCompilerFlags":	"-MMD -MP       -mcpu=cortex-a9 -mfpu=vfpv3 -mfloat-abi=hard ",
	"platPreBuiltFlag":	false,
	"platformSamplesDir":	"",
	"platActiveSys":	"SoCora",
	"systems":	[{
			"systemName":	"SoCora",
			"systemDesc":	"SoCora",
			"sysIsBootAutoGen":	"true",
			"systemDispName":	"SoCora",
			"sysActiveDom":	"standalone_domain",
			"sysDefaultDom":	"standalone_domain",
			"domains":	[{
					"domainName":	"zynq_fsbl",
					"domainDispName":	"zynq_fsbl",
					"domainDesc":	"FSBL Application BSP - Auto Generated.",
					"processors":	"ps7_cortexa9_0",
					"os":	"standalone",
					"sdxOs":	"standalone",
					"debugEnable":	"",
					"domRuntimes":	["cpp"],
					"swRepo":	"",
					"mssOsVer":	"7.3",
					"mssFile":	"",
					"md5Digest":	"d6e5e7d1372224806e87c36e715390fd",
					"compatibleApp":	"zynq_fsbl",
					"domType":	"bootDomain",
					"arch":	"32-bit",
					"appSettings":	{
						"appCompilerFlags":	"",
						"appLinkerFlags":	""
					},
					"addedLibs":	["xilffs:4.4", "xilrsa:1.6"],
					"libOptions":	{
						"libsContainingOptions":	[]
					},
					"prebuiltLibs":	{
						"prebuiltIncPath":	[],
						"prebuiltLibPath":	[]
					},
					"isolation":	{
					}
				}, {
					"domainName":	"standalone_domain",
					"domainDispName":	"standalone_domain",
					"domainDesc":	"standalone_domain",
					"processors":	"ps7_cortexa9_0",
					"os":	"standalone",
					"sdxOs":	"standalone",
					"qemuArgs":	"/tools/xilinx/Vitis/2020.2/data/emulation/platforms/zynq/sw/a9_standalone/qemu/qemu_args.txt",
					"qemuData":	"/tools/xilinx/Vitis/2020.2/data/emulation/platforms/zynq/sw/a9_standalone/qemu/",
					"debugEnable":	"False",
					"domRuntimes":	["cpp"],
					"swRepo":	"",
					"mssOsVer":	"7.3",
					"mssFile":	"",
					"md5Digest":	"b8914f3358791840b410b55d5d146ff1",
					"compatibleApp":	"",
					"domType":	"mssDomain",
					"appSettings":	{
						"appCompilerFlags":	"",
						"appLinkerFlags":	""
					},
					"addedLibs":	[],
					"libOptions":	{
						"libsContainingOptions":	[]
					},
					"prebuiltLibs":	{
						"prebuiltIncPath":	[],
						"prebuiltLibPath":	[]
					},
					"isolation":	{
					}
				}]
		}]
}
LOG::2026-09-01.14:36:24::SCWPlatform::Started generating the artifacts platform SoCora
TRACE::2026-09-01.14:36:24::SCWPlatform::Sanity checking of platform is completed
LOG::2026-09-01.14:36:24::SCWPlatform::Started generating the artifacts for system configuration SoCora
LOG::2026-09-01.14:36:24::SCWSystem::Checking the domain zynq_fsbl
LOG::2026-09-01.14:36:24::SCWSystem::Doing application build for :  zynq_fsbl
TRACE::2026-09-01.14:36:24::SCWBDomain::Not a forced makefile updation, No changes are present. 
TRACE::2026-09-01.14:36:24::SCWDomain::Skipping the build for domain :  zynq_fsbl
LOG::2026-09-01.14:36:24::SCWSystem::Checking the domain standalone_domain
LOG::2026-09-01.14:36:24::SCWSystem::Not a boot domain 
LOG::2026-09-01.14:36:24::SCWSystem::Started Processing the domain standalone_domain
TRACE::2026-09-01.14:36:24::SCWDomain::Generating domain artifcats
TRACE::2026-09-01.14:36:24::SCWMssOS::Generating standalone artifcats
TRACE::2026-09-01.14:36:24::SCWMssOS::Copying the qemu file from  /tools/xilinx/Vitis/2020.2/data/emulation/platforms/zynq/sw/a9_standalone/qemu/qemu_args.txt To /mnt/isaac_sbay0/lbo-ws/Projects/DVR-008-002/Base_Design_Project/Reference_design_project_2020.2/PSCora/SoCora/export/SoCora/sw/SoCora/qemu/
TRACE::2026-09-01.14:36:24::SCWMssOS::Copying the qemu file from  /tools/xilinx/Vitis/2020.2/data/emulation/platforms/zynq/sw/a9_standalone/qemu/qemu_args.txt To /mnt/isaac_sbay0/lbo-ws/Projects/DVR-008-002/Base_Design_Project/Reference_design_project_2020.2/PSCora/SoCora/export/SoCora/sw/SoCora/standalone_domain/qemu/
TRACE::2026-09-01.14:36:24::SCWMssOS:: Copying the user libraries. 
TRACE::2026-09-01.14:36:24::SCWPlatform::Trying to open the hw design at /mnt/isaac_sbay0/lbo-ws/Projects/DVR-008-002/Base_Design_Project/Reference_design_project_2020.2/PSCora/SoCora/hw/design_1_wrapper.xsa
TRACE::2026-09-01.14:36:24::SCWPlatform::DSA given /mnt/isaac_sbay0/lbo-ws/Projects/DVR-008-002/Base_Design_Project/Reference_design_project_2020.2/PSCora/SoCora/hw/design_1_wrapper.xsa
TRACE::2026-09-01.14:36:24::SCWPlatform::DSA absoulate path /mnt/isaac_sbay0/lbo-ws/Projects/DVR-008-002/Base_Design_Project/Reference_design_project_2020.2/PSCora/SoCora/hw/design_1_wrapper.xsa
TRACE::2026-09-01.14:36:24::SCWPlatform::DSA directory /mnt/isaac_sbay0/lbo-ws/Projects/DVR-008-002/Base_Design_Project/Reference_design_project_2020.2/PSCora/SoCora/hw
TRACE::2026-09-01.14:36:24::SCWPlatform:: Platform Path /mnt/isaac_sbay0/lbo-ws/Projects/DVR-008-002/Base_Design_Project/Reference_design_project_2020.2/PSCora/SoCora/hw/design_1_wrapper.xsa
TRACE::2026-09-01.14:36:24::SCWPlatform:: Unique name xilinx:::0.0
TRACE::2026-09-01.14:36:24::SCWPlatform::Trying to set the existing hwdb with name design_1_wrapper
TRACE::2026-09-01.14:36:24::SCWPlatform::Opened existing hwdb design_1_wrapper
TRACE::2026-09-01.14:36:24::SCWPlatform::Found the Hw Db part of the input DSA
TRACE::2026-09-01.14:36:24::SCWMssOS::Checking the sw design at  /mnt/isaac_sbay0/lbo-ws/Projects/DVR-008-002/Base_Design_Project/Reference_design_project_2020.2/PSCora/SoCora/ps7_cortexa9_0/standalone_domain/bsp/system.mss
TRACE::2026-09-01.14:36:24::SCWMssOS::DEBUG:  swdes dump  /mnt/isaac_sbay0/lbo-ws/Projects/DVR-008-002/Base_Design_Project/Reference_design_project_2020.2/PSCora/SoCora/ps7_cortexa9_0/standalone_domain/bsp/system.mss|system_0||
/mnt/isaac_sbay0/lbo-ws/Projects/DVR-008-002/Base_Design_Project/Reference_design_project_2020.2/PSCora/SoCora/zynq_fsbl/zynq_fsbl_bsp/system.mss|system||

TRACE::2026-09-01.14:36:24::SCWMssOS::Sw design exists and opened at  /mnt/isaac_sbay0/lbo-ws/Projects/DVR-008-002/Base_Design_Project/Reference_design_project_2020.2/PSCora/SoCora/ps7_cortexa9_0/standalone_domain/bsp/system.mss
TRACE::2026-09-01.14:36:24::SCWMssOS::Completed writing the mss file at /mnt/isaac_sbay0/lbo-ws/Projects/DVR-008-002/Base_Design_Project/Reference_design_project_2020.2/PSCora/SoCora/ps7_cortexa9_0/standalone_domain/bsp
TRACE::2026-09-01.14:36:24::SCWMssOS::Mss edits present, copying mssfile into export location /mnt/isaac_sbay0/lbo-ws/Projects/DVR-008-002/Base_Design_Project/Reference_design_project_2020.2/PSCora/SoCora/ps7_cortexa9_0/standalone_domain/bsp/system.mss
TRACE::2026-09-01.14:36:24::SCWMssOS::bsp generated is upto date with the mss file. Skipping bsp generation.
TRACE::2026-09-01.14:36:24::SCWMssOS::BSP is already built. skipping the bsp build ... 
TRACE::2026-09-01.14:36:24::SCWDomain::Skipping the build for domain :  standalone_domain
TRACE::2026-09-01.14:36:24::SCWMssOS::skipping the bsp build ... 
TRACE::2026-09-01.14:36:24::SCWMssOS::Copying to export directory.
TRACE::2026-09-01.14:36:24::SCWMssOS:: Checking if to create the Supporting Applications
TRACE::2026-09-01.14:36:24::SCWMssOS:: No Linux domain exists, trying to generate FSBL 
TRACE::2026-09-01.14:36:24::SCWMssOS:: Completed Standalone Artifacts creation 
LOG::2026-09-01.14:36:24::SCWSystem::Completed Processing the domain standalone_domain
LOG::2026-09-01.14:36:24::SCWSystem::Completed Processing the sysconfig SoCora
LOG::2026-09-01.14:36:24::SCWPlatform::Completed generating the artifacts for system configuration SoCora
TRACE::2026-09-01.14:36:24::SCWPlatform::Started preparing the platform 
TRACE::2026-09-01.14:36:24::SCWSystem::Writing the bif file for system config SoCora
TRACE::2026-09-01.14:36:24::SCWSystem::dir created 
TRACE::2026-09-01.14:36:24::SCWSystem::Writing the bif 
TRACE::2026-09-01.14:36:24::SCWPlatform::Started writing the spfm file 
TRACE::2026-09-01.14:36:24::SCWPlatform::Started writing the xpfm file 
TRACE::2026-09-01.14:36:24::SCWPlatform::Completed generating the platform
TRACE::2026-09-01.14:36:24::SCWMssOS::Saving the mss changes /mnt/isaac_sbay0/lbo-ws/Projects/DVR-008-002/Base_Design_Project/Reference_design_project_2020.2/PSCora/SoCora/zynq_fsbl/zynq_fsbl_bsp/system.mss
TRACE::2026-09-01.14:36:24::SCWMssOS::Found a swdesign opened with the mssfile.
TRACE::2026-09-01.14:36:24::SCWMssOS::Completed writemss as part of save.
TRACE::2026-09-01.14:36:24::SCWMssOS::Commit changes completed.
TRACE::2026-09-01.14:36:24::SCWMssOS::Saving the mss changes /mnt/isaac_sbay0/lbo-ws/Projects/DVR-008-002/Base_Design_Project/Reference_design_project_2020.2/PSCora/SoCora/ps7_cortexa9_0/standalone_domain/bsp/system.mss
TRACE::2026-09-01.14:36:24::SCWMssOS::Found a swdesign opened with the mssfile.
TRACE::2026-09-01.14:36:24::SCWMssOS::Completed writemss as part of save.
TRACE::2026-09-01.14:36:24::SCWMssOS::Commit changes completed.
TRACE::2026-09-01.14:36:24::SCWPlatform::Trying to open the hw design at /mnt/isaac_sbay0/lbo-ws/Projects/DVR-008-002/Base_Design_Project/Reference_design_project_2020.2/PSCora/SoCora/hw/design_1_wrapper.xsa
TRACE::2026-09-01.14:36:24::SCWPlatform::DSA given /mnt/isaac_sbay0/lbo-ws/Projects/DVR-008-002/Base_Design_Project/Reference_design_project_2020.2/PSCora/SoCora/hw/design_1_wrapper.xsa
TRACE::2026-09-01.14:36:24::SCWPlatform::DSA absoulate path /mnt/isaac_sbay0/lbo-ws/Projects/DVR-008-002/Base_Design_Project/Reference_design_project_2020.2/PSCora/SoCora/hw/design_1_wrapper.xsa
TRACE::2026-09-01.14:36:24::SCWPlatform::DSA directory /mnt/isaac_sbay0/lbo-ws/Projects/DVR-008-002/Base_Design_Project/Reference_design_project_2020.2/PSCora/SoCora/hw
TRACE::2026-09-01.14:36:24::SCWPlatform:: Platform Path /mnt/isaac_sbay0/lbo-ws/Projects/DVR-008-002/Base_Design_Project/Reference_design_project_2020.2/PSCora/SoCora/hw/design_1_wrapper.xsa
TRACE::2026-09-01.14:36:24::SCWPlatform:: Unique name xilinx:::0.0
TRACE::2026-09-01.14:36:24::SCWPlatform::Trying to set the existing hwdb with name design_1_wrapper
TRACE::2026-09-01.14:36:24::SCWPlatform::Opened existing hwdb design_1_wrapper
TRACE::2026-09-01.14:36:24::SCWPlatform::Found the Hw Db part of the input DSA
TRACE::2026-09-01.14:36:24::SCWMssOS::Checking the sw design at  /mnt/isaac_sbay0/lbo-ws/Projects/DVR-008-002/Base_Design_Project/Reference_design_project_2020.2/PSCora/SoCora/zynq_fsbl/zynq_fsbl_bsp/system.mss
TRACE::2026-09-01.14:36:24::SCWMssOS::DEBUG:  swdes dump  /mnt/isaac_sbay0/lbo-ws/Projects/DVR-008-002/Base_Design_Project/Reference_design_project_2020.2/PSCora/SoCora/ps7_cortexa9_0/standalone_domain/bsp/system.mss|system_0||
/mnt/isaac_sbay0/lbo-ws/Projects/DVR-008-002/Base_Design_Project/Reference_design_project_2020.2/PSCora/SoCora/zynq_fsbl/zynq_fsbl_bsp/system.mss|system||

TRACE::2026-09-01.14:36:24::SCWMssOS::Sw design exists and opened at  /mnt/isaac_sbay0/lbo-ws/Projects/DVR-008-002/Base_Design_Project/Reference_design_project_2020.2/PSCora/SoCora/zynq_fsbl/zynq_fsbl_bsp/system.mss
TRACE::2026-09-01.14:36:24::SCWPlatform::Trying to open the hw design at /mnt/isaac_sbay0/lbo-ws/Projects/DVR-008-002/Base_Design_Project/Reference_design_project_2020.2/PSCora/SoCora/hw/design_1_wrapper.xsa
TRACE::2026-09-01.14:36:24::SCWPlatform::DSA given /mnt/isaac_sbay0/lbo-ws/Projects/DVR-008-002/Base_Design_Project/Reference_design_project_2020.2/PSCora/SoCora/hw/design_1_wrapper.xsa
TRACE::2026-09-01.14:36:24::SCWPlatform::DSA absoulate path /mnt/isaac_sbay0/lbo-ws/Projects/DVR-008-002/Base_Design_Project/Reference_design_project_2020.2/PSCora/SoCora/hw/design_1_wrapper.xsa
TRACE::2026-09-01.14:36:24::SCWPlatform::DSA directory /mnt/isaac_sbay0/lbo-ws/Projects/DVR-008-002/Base_Design_Project/Reference_design_project_2020.2/PSCora/SoCora/hw
TRACE::2026-09-01.14:36:24::SCWPlatform:: Platform Path /mnt/isaac_sbay0/lbo-ws/Projects/DVR-008-002/Base_Design_Project/Reference_design_project_2020.2/PSCora/SoCora/hw/design_1_wrapper.xsa
TRACE::2026-09-01.14:36:24::SCWPlatform:: Unique name xilinx:::0.0
TRACE::2026-09-01.14:36:24::SCWPlatform::Trying to set the existing hwdb with name design_1_wrapper
TRACE::2026-09-01.14:36:24::SCWPlatform::Opened existing hwdb design_1_wrapper
TRACE::2026-09-01.14:36:24::SCWPlatform::Found the Hw Db part of the input DSA
TRACE::2026-09-01.14:36:24::SCWMssOS::Checking the sw design at  /mnt/isaac_sbay0/lbo-ws/Projects/DVR-008-002/Base_Design_Project/Reference_design_project_2020.2/PSCora/SoCora/zynq_fsbl/zynq_fsbl_bsp/system.mss
TRACE::2026-09-01.14:36:24::SCWMssOS::DEBUG:  swdes dump  /mnt/isaac_sbay0/lbo-ws/Projects/DVR-008-002/Base_Design_Project/Reference_design_project_2020.2/PSCora/SoCora/ps7_cortexa9_0/standalone_domain/bsp/system.mss|system_0||
/mnt/isaac_sbay0/lbo-ws/Projects/DVR-008-002/Base_Design_Project/Reference_design_project_2020.2/PSCora/SoCora/zynq_fsbl/zynq_fsbl_bsp/system.mss|system||

TRACE::2026-09-01.14:36:24::SCWMssOS::Sw design exists and opened at  /mnt/isaac_sbay0/lbo-ws/Projects/DVR-008-002/Base_Design_Project/Reference_design_project_2020.2/PSCora/SoCora/zynq_fsbl/zynq_fsbl_bsp/system.mss
TRACE::2026-09-01.14:36:24::SCWPlatform::Trying to open the hw design at /mnt/isaac_sbay0/lbo-ws/Projects/DVR-008-002/Base_Design_Project/Reference_design_project_2020.2/PSCora/SoCora/hw/design_1_wrapper.xsa
TRACE::2026-09-01.14:36:24::SCWPlatform::DSA given /mnt/isaac_sbay0/lbo-ws/Projects/DVR-008-002/Base_Design_Project/Reference_design_project_2020.2/PSCora/SoCora/hw/design_1_wrapper.xsa
TRACE::2026-09-01.14:36:24::SCWPlatform::DSA absoulate path /mnt/isaac_sbay0/lbo-ws/Projects/DVR-008-002/Base_Design_Project/Reference_design_project_2020.2/PSCora/SoCora/hw/design_1_wrapper.xsa
TRACE::2026-09-01.14:36:24::SCWPlatform::DSA directory /mnt/isaac_sbay0/lbo-ws/Projects/DVR-008-002/Base_Design_Project/Reference_design_project_2020.2/PSCora/SoCora/hw
TRACE::2026-09-01.14:36:24::SCWPlatform:: Platform Path /mnt/isaac_sbay0/lbo-ws/Projects/DVR-008-002/Base_Design_Project/Reference_design_project_2020.2/PSCora/SoCora/hw/design_1_wrapper.xsa
TRACE::2026-09-01.14:36:24::SCWPlatform:: Unique name xilinx:::0.0
TRACE::2026-09-01.14:36:24::SCWPlatform::Trying to set the existing hwdb with name design_1_wrapper
TRACE::2026-09-01.14:36:24::SCWPlatform::Opened existing hwdb design_1_wrapper
TRACE::2026-09-01.14:36:24::SCWPlatform::Found the Hw Db part of the input DSA
TRACE::2026-09-01.14:36:24::SCWMssOS::Checking the sw design at  /mnt/isaac_sbay0/lbo-ws/Projects/DVR-008-002/Base_Design_Project/Reference_design_project_2020.2/PSCora/SoCora/zynq_fsbl/zynq_fsbl_bsp/system.mss
TRACE::2026-09-01.14:36:24::SCWMssOS::DEBUG:  swdes dump  /mnt/isaac_sbay0/lbo-ws/Projects/DVR-008-002/Base_Design_Project/Reference_design_project_2020.2/PSCora/SoCora/ps7_cortexa9_0/standalone_domain/bsp/system.mss|system_0||
/mnt/isaac_sbay0/lbo-ws/Projects/DVR-008-002/Base_Design_Project/Reference_design_project_2020.2/PSCora/SoCora/zynq_fsbl/zynq_fsbl_bsp/system.mss|system||

TRACE::2026-09-01.14:36:24::SCWMssOS::Sw design exists and opened at  /mnt/isaac_sbay0/lbo-ws/Projects/DVR-008-002/Base_Design_Project/Reference_design_project_2020.2/PSCora/SoCora/zynq_fsbl/zynq_fsbl_bsp/system.mss
TRACE::2026-09-01.14:36:24::SCWPlatform::Trying to open the hw design at /mnt/isaac_sbay0/lbo-ws/Projects/DVR-008-002/Base_Design_Project/Reference_design_project_2020.2/PSCora/SoCora/hw/design_1_wrapper.xsa
TRACE::2026-09-01.14:36:24::SCWPlatform::DSA given /mnt/isaac_sbay0/lbo-ws/Projects/DVR-008-002/Base_Design_Project/Reference_design_project_2020.2/PSCora/SoCora/hw/design_1_wrapper.xsa
TRACE::2026-09-01.14:36:24::SCWPlatform::DSA absoulate path /mnt/isaac_sbay0/lbo-ws/Projects/DVR-008-002/Base_Design_Project/Reference_design_project_2020.2/PSCora/SoCora/hw/design_1_wrapper.xsa
TRACE::2026-09-01.14:36:24::SCWPlatform::DSA directory /mnt/isaac_sbay0/lbo-ws/Projects/DVR-008-002/Base_Design_Project/Reference_design_project_2020.2/PSCora/SoCora/hw
TRACE::2026-09-01.14:36:24::SCWPlatform:: Platform Path /mnt/isaac_sbay0/lbo-ws/Projects/DVR-008-002/Base_Design_Project/Reference_design_project_2020.2/PSCora/SoCora/hw/design_1_wrapper.xsa
TRACE::2026-09-01.14:36:24::SCWPlatform:: Unique name xilinx:::0.0
TRACE::2026-09-01.14:36:24::SCWPlatform::Trying to set the existing hwdb with name design_1_wrapper
TRACE::2026-09-01.14:36:24::SCWPlatform::Opened existing hwdb design_1_wrapper
TRACE::2026-09-01.14:36:24::SCWPlatform::Found the Hw Db part of the input DSA
TRACE::2026-09-01.14:36:24::SCWMssOS::Checking the sw design at  /mnt/isaac_sbay0/lbo-ws/Projects/DVR-008-002/Base_Design_Project/Reference_design_project_2020.2/PSCora/SoCora/ps7_cortexa9_0/standalone_domain/bsp/system.mss
TRACE::2026-09-01.14:36:24::SCWMssOS::DEBUG:  swdes dump  /mnt/isaac_sbay0/lbo-ws/Projects/DVR-008-002/Base_Design_Project/Reference_design_project_2020.2/PSCora/SoCora/ps7_cortexa9_0/standalone_domain/bsp/system.mss|system_0||
/mnt/isaac_sbay0/lbo-ws/Projects/DVR-008-002/Base_Design_Project/Reference_design_project_2020.2/PSCora/SoCora/zynq_fsbl/zynq_fsbl_bsp/system.mss|system||

TRACE::2026-09-01.14:36:24::SCWMssOS::Sw design exists and opened at  /mnt/isaac_sbay0/lbo-ws/Projects/DVR-008-002/Base_Design_Project/Reference_design_project_2020.2/PSCora/SoCora/ps7_cortexa9_0/standalone_domain/bsp/system.mss
TRACE::2026-09-01.14:36:24::SCWPlatform::Trying to open the hw design at /mnt/isaac_sbay0/lbo-ws/Projects/DVR-008-002/Base_Design_Project/Reference_design_project_2020.2/PSCora/SoCora/hw/design_1_wrapper.xsa
TRACE::2026-09-01.14:36:24::SCWPlatform::DSA given /mnt/isaac_sbay0/lbo-ws/Projects/DVR-008-002/Base_Design_Project/Reference_design_project_2020.2/PSCora/SoCora/hw/design_1_wrapper.xsa
TRACE::2026-09-01.14:36:24::SCWPlatform::DSA absoulate path /mnt/isaac_sbay0/lbo-ws/Projects/DVR-008-002/Base_Design_Project/Reference_design_project_2020.2/PSCora/SoCora/hw/design_1_wrapper.xsa
TRACE::2026-09-01.14:36:24::SCWPlatform::DSA directory /mnt/isaac_sbay0/lbo-ws/Projects/DVR-008-002/Base_Design_Project/Reference_design_project_2020.2/PSCora/SoCora/hw
TRACE::2026-09-01.14:36:24::SCWPlatform:: Platform Path /mnt/isaac_sbay0/lbo-ws/Projects/DVR-008-002/Base_Design_Project/Reference_design_project_2020.2/PSCora/SoCora/hw/design_1_wrapper.xsa
TRACE::2026-09-01.14:36:24::SCWPlatform:: Unique name xilinx:::0.0
TRACE::2026-09-01.14:36:24::SCWPlatform::Trying to set the existing hwdb with name design_1_wrapper
TRACE::2026-09-01.14:36:24::SCWPlatform::Opened existing hwdb design_1_wrapper
TRACE::2026-09-01.14:36:24::SCWPlatform::Found the Hw Db part of the input DSA
TRACE::2026-09-01.14:36:24::SCWMssOS::Checking the sw design at  /mnt/isaac_sbay0/lbo-ws/Projects/DVR-008-002/Base_Design_Project/Reference_design_project_2020.2/PSCora/SoCora/ps7_cortexa9_0/standalone_domain/bsp/system.mss
TRACE::2026-09-01.14:36:24::SCWMssOS::DEBUG:  swdes dump  /mnt/isaac_sbay0/lbo-ws/Projects/DVR-008-002/Base_Design_Project/Reference_design_project_2020.2/PSCora/SoCora/ps7_cortexa9_0/standalone_domain/bsp/system.mss|system_0||
/mnt/isaac_sbay0/lbo-ws/Projects/DVR-008-002/Base_Design_Project/Reference_design_project_2020.2/PSCora/SoCora/zynq_fsbl/zynq_fsbl_bsp/system.mss|system||

TRACE::2026-09-01.14:36:24::SCWMssOS::Sw design exists and opened at  /mnt/isaac_sbay0/lbo-ws/Projects/DVR-008-002/Base_Design_Project/Reference_design_project_2020.2/PSCora/SoCora/ps7_cortexa9_0/standalone_domain/bsp/system.mss
TRACE::2026-09-01.14:36:24::SCWPlatform::Trying to open the hw design at /mnt/isaac_sbay0/lbo-ws/Projects/DVR-008-002/Base_Design_Project/Reference_design_project_2020.2/PSCora/SoCora/hw/design_1_wrapper.xsa
TRACE::2026-09-01.14:36:24::SCWPlatform::DSA given /mnt/isaac_sbay0/lbo-ws/Projects/DVR-008-002/Base_Design_Project/Reference_design_project_2020.2/PSCora/SoCora/hw/design_1_wrapper.xsa
TRACE::2026-09-01.14:36:24::SCWPlatform::DSA absoulate path /mnt/isaac_sbay0/lbo-ws/Projects/DVR-008-002/Base_Design_Project/Reference_design_project_2020.2/PSCora/SoCora/hw/design_1_wrapper.xsa
TRACE::2026-09-01.14:36:24::SCWPlatform::DSA directory /mnt/isaac_sbay0/lbo-ws/Projects/DVR-008-002/Base_Design_Project/Reference_design_project_2020.2/PSCora/SoCora/hw
TRACE::2026-09-01.14:36:24::SCWPlatform:: Platform Path /mnt/isaac_sbay0/lbo-ws/Projects/DVR-008-002/Base_Design_Project/Reference_design_project_2020.2/PSCora/SoCora/hw/design_1_wrapper.xsa
TRACE::2026-09-01.14:36:24::SCWPlatform:: Unique name xilinx:::0.0
TRACE::2026-09-01.14:36:24::SCWPlatform::Trying to set the existing hwdb with name design_1_wrapper
TRACE::2026-09-01.14:36:24::SCWPlatform::Opened existing hwdb design_1_wrapper
TRACE::2026-09-01.14:36:24::SCWPlatform::Found the Hw Db part of the input DSA
TRACE::2026-09-01.14:36:24::SCWMssOS::Checking the sw design at  /mnt/isaac_sbay0/lbo-ws/Projects/DVR-008-002/Base_Design_Project/Reference_design_project_2020.2/PSCora/SoCora/ps7_cortexa9_0/standalone_domain/bsp/system.mss
TRACE::2026-09-01.14:36:24::SCWMssOS::DEBUG:  swdes dump  /mnt/isaac_sbay0/lbo-ws/Projects/DVR-008-002/Base_Design_Project/Reference_design_project_2020.2/PSCora/SoCora/ps7_cortexa9_0/standalone_domain/bsp/system.mss|system_0||
/mnt/isaac_sbay0/lbo-ws/Projects/DVR-008-002/Base_Design_Project/Reference_design_project_2020.2/PSCora/SoCora/zynq_fsbl/zynq_fsbl_bsp/system.mss|system||

TRACE::2026-09-01.14:36:24::SCWMssOS::Sw design exists and opened at  /mnt/isaac_sbay0/lbo-ws/Projects/DVR-008-002/Base_Design_Project/Reference_design_project_2020.2/PSCora/SoCora/ps7_cortexa9_0/standalone_domain/bsp/system.mss
TRACE::2026-09-01.14:36:24::SCWWriter::formatted JSON is {
	"platformName":	"SoCora",
	"sprVersion":	"2.0",
	"mode":	"cmd",
	"dsaType":	"Fixed",
	"platformDesc":	"SoCora",
	"platHandOff":	"/mnt/isaac_sbay0/lbo-ws/Projects/DVR-008-002/Base_Design_Project/Reference_design_project_2020.2/SoCora/design_1_wrapper.xsa",
	"platIntHandOff":	"<platformDir>/hw/design_1_wrapper.xsa",
	"deviceType":	"zynq",
	"platIsPrebuiltAutogen":	"false",
	"platIsNoBootBsp":	"false",
	"platFsblTarget":	"ps7_cortexa9_0",
	"hasFsblMakeHasChanges":	"false",
	"hasPmufwMakeHasChanges":	"false",
	"fsblExtraCompilerFlags":	"-MMD -MP       -mcpu=cortex-a9 -mfpu=vfpv3 -mfloat-abi=hard ",
	"platPreBuiltFlag":	false,
	"platformSamplesDir":	"",
	"platActiveSys":	"SoCora",
	"systems":	[{
			"systemName":	"SoCora",
			"systemDesc":	"SoCora",
			"sysIsBootAutoGen":	"true",
			"systemDispName":	"SoCora",
			"sysActiveDom":	"standalone_domain",
			"sysDefaultDom":	"standalone_domain",
			"domains":	[{
					"domainName":	"zynq_fsbl",
					"domainDispName":	"zynq_fsbl",
					"domainDesc":	"FSBL Application BSP - Auto Generated.",
					"processors":	"ps7_cortexa9_0",
					"os":	"standalone",
					"sdxOs":	"standalone",
					"debugEnable":	"",
					"domRuntimes":	["cpp"],
					"swRepo":	"",
					"mssOsVer":	"7.3",
					"mssFile":	"",
					"md5Digest":	"d6e5e7d1372224806e87c36e715390fd",
					"compatibleApp":	"zynq_fsbl",
					"domType":	"bootDomain",
					"arch":	"32-bit",
					"appSettings":	{
						"appCompilerFlags":	"",
						"appLinkerFlags":	""
					},
					"addedLibs":	["xilffs:4.4", "xilrsa:1.6"],
					"libOptions":	{
						"libsContainingOptions":	[]
					},
					"prebuiltLibs":	{
						"prebuiltIncPath":	[],
						"prebuiltLibPath":	[]
					},
					"isolation":	{
					}
				}, {
					"domainName":	"standalone_domain",
					"domainDispName":	"standalone_domain",
					"domainDesc":	"standalone_domain",
					"processors":	"ps7_cortexa9_0",
					"os":	"standalone",
					"sdxOs":	"standalone",
					"qemuArgs":	"/tools/xilinx/Vitis/2020.2/data/emulation/platforms/zynq/sw/a9_standalone/qemu/qemu_args.txt",
					"qemuData":	"/tools/xilinx/Vitis/2020.2/data/emulation/platforms/zynq/sw/a9_standalone/qemu/",
					"debugEnable":	"False",
					"domRuntimes":	["cpp"],
					"swRepo":	"",
					"mssOsVer":	"7.3",
					"mssFile":	"",
					"md5Digest":	"b8914f3358791840b410b55d5d146ff1",
					"compatibleApp":	"",
					"domType":	"mssDomain",
					"appSettings":	{
						"appCompilerFlags":	"",
						"appLinkerFlags":	""
					},
					"addedLibs":	[],
					"libOptions":	{
						"libsContainingOptions":	[]
					},
					"prebuiltLibs":	{
						"prebuiltIncPath":	[],
						"prebuiltLibPath":	[]
					},
					"isolation":	{
					}
				}]
		}]
}
KEYINFO::2026-09-01.14:36:24::SCWPlatform::updated the xpfm file.
TRACE::2026-09-01.14:36:25::SCWPlatform::Trying to open the hw design at /mnt/isaac_sbay0/lbo-ws/Projects/DVR-008-002/Base_Design_Project/Reference_design_project_2020.2/PSCora/SoCora/hw/design_1_wrapper.xsa
TRACE::2026-09-01.14:36:25::SCWPlatform::DSA given /mnt/isaac_sbay0/lbo-ws/Projects/DVR-008-002/Base_Design_Project/Reference_design_project_2020.2/PSCora/SoCora/hw/design_1_wrapper.xsa
TRACE::2026-09-01.14:36:25::SCWPlatform::DSA absoulate path /mnt/isaac_sbay0/lbo-ws/Projects/DVR-008-002/Base_Design_Project/Reference_design_project_2020.2/PSCora/SoCora/hw/design_1_wrapper.xsa
TRACE::2026-09-01.14:36:25::SCWPlatform::DSA directory /mnt/isaac_sbay0/lbo-ws/Projects/DVR-008-002/Base_Design_Project/Reference_design_project_2020.2/PSCora/SoCora/hw
TRACE::2026-09-01.14:36:25::SCWPlatform:: Platform Path /mnt/isaac_sbay0/lbo-ws/Projects/DVR-008-002/Base_Design_Project/Reference_design_project_2020.2/PSCora/SoCora/hw/design_1_wrapper.xsa
TRACE::2026-09-01.14:36:25::SCWPlatform:: Unique name xilinx:::0.0
TRACE::2026-09-01.14:36:25::SCWPlatform::Trying to set the existing hwdb with name design_1_wrapper
TRACE::2026-09-01.14:36:25::SCWPlatform::Opened existing hwdb design_1_wrapper
TRACE::2026-09-01.14:36:25::SCWPlatform::Found the Hw Db part of the input DSA
TRACE::2026-09-01.14:36:25::SCWMssOS::Checking the sw design at  /mnt/isaac_sbay0/lbo-ws/Projects/DVR-008-002/Base_Design_Project/Reference_design_project_2020.2/PSCora/SoCora/ps7_cortexa9_0/standalone_domain/bsp/system.mss
TRACE::2026-09-01.14:36:25::SCWMssOS::DEBUG:  swdes dump  /mnt/isaac_sbay0/lbo-ws/Projects/DVR-008-002/Base_Design_Project/Reference_design_project_2020.2/PSCora/SoCora/ps7_cortexa9_0/standalone_domain/bsp/system.mss|system_0||
/mnt/isaac_sbay0/lbo-ws/Projects/DVR-008-002/Base_Design_Project/Reference_design_project_2020.2/PSCora/SoCora/zynq_fsbl/zynq_fsbl_bsp/system.mss|system||

TRACE::2026-09-01.14:36:25::SCWMssOS::Sw design exists and opened at  /mnt/isaac_sbay0/lbo-ws/Projects/DVR-008-002/Base_Design_Project/Reference_design_project_2020.2/PSCora/SoCora/ps7_cortexa9_0/standalone_domain/bsp/system.mss
TRACE::2026-09-01.14:36:25::SCWMssOS::Saving the mss changes /mnt/isaac_sbay0/lbo-ws/Projects/DVR-008-002/Base_Design_Project/Reference_design_project_2020.2/PSCora/SoCora/zynq_fsbl/zynq_fsbl_bsp/system.mss
TRACE::2026-09-01.14:36:25::SCWMssOS::Found a swdesign opened with the mssfile.
TRACE::2026-09-01.14:36:25::SCWMssOS::Completed writemss as part of save.
TRACE::2026-09-01.14:36:25::SCWMssOS::Commit changes completed.
TRACE::2026-09-01.14:36:25::SCWMssOS::Saving the mss changes /mnt/isaac_sbay0/lbo-ws/Projects/DVR-008-002/Base_Design_Project/Reference_design_project_2020.2/PSCora/SoCora/ps7_cortexa9_0/standalone_domain/bsp/system.mss
TRACE::2026-09-01.14:36:25::SCWMssOS::Found a swdesign opened with the mssfile.
TRACE::2026-09-01.14:36:25::SCWMssOS::Completed writemss as part of save.
TRACE::2026-09-01.14:36:25::SCWMssOS::Commit changes completed.
TRACE::2026-09-01.14:36:25::SCWPlatform::Trying to open the hw design at /mnt/isaac_sbay0/lbo-ws/Projects/DVR-008-002/Base_Design_Project/Reference_design_project_2020.2/PSCora/SoCora/hw/design_1_wrapper.xsa
TRACE::2026-09-01.14:36:25::SCWPlatform::DSA given /mnt/isaac_sbay0/lbo-ws/Projects/DVR-008-002/Base_Design_Project/Reference_design_project_2020.2/PSCora/SoCora/hw/design_1_wrapper.xsa
TRACE::2026-09-01.14:36:25::SCWPlatform::DSA absoulate path /mnt/isaac_sbay0/lbo-ws/Projects/DVR-008-002/Base_Design_Project/Reference_design_project_2020.2/PSCora/SoCora/hw/design_1_wrapper.xsa
TRACE::2026-09-01.14:36:25::SCWPlatform::DSA directory /mnt/isaac_sbay0/lbo-ws/Projects/DVR-008-002/Base_Design_Project/Reference_design_project_2020.2/PSCora/SoCora/hw
TRACE::2026-09-01.14:36:25::SCWPlatform:: Platform Path /mnt/isaac_sbay0/lbo-ws/Projects/DVR-008-002/Base_Design_Project/Reference_design_project_2020.2/PSCora/SoCora/hw/design_1_wrapper.xsa
TRACE::2026-09-01.14:36:25::SCWPlatform:: Unique name xilinx:::0.0
TRACE::2026-09-01.14:36:25::SCWPlatform::Trying to set the existing hwdb with name design_1_wrapper
TRACE::2026-09-01.14:36:25::SCWPlatform::Opened existing hwdb design_1_wrapper
TRACE::2026-09-01.14:36:25::SCWPlatform::Found the Hw Db part of the input DSA
TRACE::2026-09-01.14:36:25::SCWMssOS::Checking the sw design at  /mnt/isaac_sbay0/lbo-ws/Projects/DVR-008-002/Base_Design_Project/Reference_design_project_2020.2/PSCora/SoCora/zynq_fsbl/zynq_fsbl_bsp/system.mss
TRACE::2026-09-01.14:36:25::SCWMssOS::DEBUG:  swdes dump  /mnt/isaac_sbay0/lbo-ws/Projects/DVR-008-002/Base_Design_Project/Reference_design_project_2020.2/PSCora/SoCora/ps7_cortexa9_0/standalone_domain/bsp/system.mss|system_0||
/mnt/isaac_sbay0/lbo-ws/Projects/DVR-008-002/Base_Design_Project/Reference_design_project_2020.2/PSCora/SoCora/zynq_fsbl/zynq_fsbl_bsp/system.mss|system||

TRACE::2026-09-01.14:36:25::SCWMssOS::Sw design exists and opened at  /mnt/isaac_sbay0/lbo-ws/Projects/DVR-008-002/Base_Design_Project/Reference_design_project_2020.2/PSCora/SoCora/zynq_fsbl/zynq_fsbl_bsp/system.mss
TRACE::2026-09-01.14:36:25::SCWPlatform::Trying to open the hw design at /mnt/isaac_sbay0/lbo-ws/Projects/DVR-008-002/Base_Design_Project/Reference_design_project_2020.2/PSCora/SoCora/hw/design_1_wrapper.xsa
TRACE::2026-09-01.14:36:25::SCWPlatform::DSA given /mnt/isaac_sbay0/lbo-ws/Projects/DVR-008-002/Base_Design_Project/Reference_design_project_2020.2/PSCora/SoCora/hw/design_1_wrapper.xsa
TRACE::2026-09-01.14:36:25::SCWPlatform::DSA absoulate path /mnt/isaac_sbay0/lbo-ws/Projects/DVR-008-002/Base_Design_Project/Reference_design_project_2020.2/PSCora/SoCora/hw/design_1_wrapper.xsa
TRACE::2026-09-01.14:36:25::SCWPlatform::DSA directory /mnt/isaac_sbay0/lbo-ws/Projects/DVR-008-002/Base_Design_Project/Reference_design_project_2020.2/PSCora/SoCora/hw
TRACE::2026-09-01.14:36:25::SCWPlatform:: Platform Path /mnt/isaac_sbay0/lbo-ws/Projects/DVR-008-002/Base_Design_Project/Reference_design_project_2020.2/PSCora/SoCora/hw/design_1_wrapper.xsa
TRACE::2026-09-01.14:36:25::SCWPlatform:: Unique name xilinx:::0.0
TRACE::2026-09-01.14:36:25::SCWPlatform::Trying to set the existing hwdb with name design_1_wrapper
TRACE::2026-09-01.14:36:25::SCWPlatform::Opened existing hwdb design_1_wrapper
TRACE::2026-09-01.14:36:25::SCWPlatform::Found the Hw Db part of the input DSA
TRACE::2026-09-01.14:36:25::SCWMssOS::Checking the sw design at  /mnt/isaac_sbay0/lbo-ws/Projects/DVR-008-002/Base_Design_Project/Reference_design_project_2020.2/PSCora/SoCora/zynq_fsbl/zynq_fsbl_bsp/system.mss
TRACE::2026-09-01.14:36:25::SCWMssOS::DEBUG:  swdes dump  /mnt/isaac_sbay0/lbo-ws/Projects/DVR-008-002/Base_Design_Project/Reference_design_project_2020.2/PSCora/SoCora/ps7_cortexa9_0/standalone_domain/bsp/system.mss|system_0||
/mnt/isaac_sbay0/lbo-ws/Projects/DVR-008-002/Base_Design_Project/Reference_design_project_2020.2/PSCora/SoCora/zynq_fsbl/zynq_fsbl_bsp/system.mss|system||

TRACE::2026-09-01.14:36:25::SCWMssOS::Sw design exists and opened at  /mnt/isaac_sbay0/lbo-ws/Projects/DVR-008-002/Base_Design_Project/Reference_design_project_2020.2/PSCora/SoCora/zynq_fsbl/zynq_fsbl_bsp/system.mss
TRACE::2026-09-01.14:36:25::SCWPlatform::Trying to open the hw design at /mnt/isaac_sbay0/lbo-ws/Projects/DVR-008-002/Base_Design_Project/Reference_design_project_2020.2/PSCora/SoCora/hw/design_1_wrapper.xsa
TRACE::2026-09-01.14:36:25::SCWPlatform::DSA given /mnt/isaac_sbay0/lbo-ws/Projects/DVR-008-002/Base_Design_Project/Reference_design_project_2020.2/PSCora/SoCora/hw/design_1_wrapper.xsa
TRACE::2026-09-01.14:36:25::SCWPlatform::DSA absoulate path /mnt/isaac_sbay0/lbo-ws/Projects/DVR-008-002/Base_Design_Project/Reference_design_project_2020.2/PSCora/SoCora/hw/design_1_wrapper.xsa
TRACE::2026-09-01.14:36:25::SCWPlatform::DSA directory /mnt/isaac_sbay0/lbo-ws/Projects/DVR-008-002/Base_Design_Project/Reference_design_project_2020.2/PSCora/SoCora/hw
TRACE::2026-09-01.14:36:25::SCWPlatform:: Platform Path /mnt/isaac_sbay0/lbo-ws/Projects/DVR-008-002/Base_Design_Project/Reference_design_project_2020.2/PSCora/SoCora/hw/design_1_wrapper.xsa
TRACE::2026-09-01.14:36:25::SCWPlatform:: Unique name xilinx:::0.0
TRACE::2026-09-01.14:36:25::SCWPlatform::Trying to set the existing hwdb with name design_1_wrapper
TRACE::2026-09-01.14:36:25::SCWPlatform::Opened existing hwdb design_1_wrapper
TRACE::2026-09-01.14:36:25::SCWPlatform::Found the Hw Db part of the input DSA
TRACE::2026-09-01.14:36:25::SCWMssOS::Checking the sw design at  /mnt/isaac_sbay0/lbo-ws/Projects/DVR-008-002/Base_Design_Project/Reference_design_project_2020.2/PSCora/SoCora/zynq_fsbl/zynq_fsbl_bsp/system.mss
TRACE::2026-09-01.14:36:25::SCWMssOS::DEBUG:  swdes dump  /mnt/isaac_sbay0/lbo-ws/Projects/DVR-008-002/Base_Design_Project/Reference_design_project_2020.2/PSCora/SoCora/ps7_cortexa9_0/standalone_domain/bsp/system.mss|system_0||
/mnt/isaac_sbay0/lbo-ws/Projects/DVR-008-002/Base_Design_Project/Reference_design_project_2020.2/PSCora/SoCora/zynq_fsbl/zynq_fsbl_bsp/system.mss|system||

TRACE::2026-09-01.14:36:25::SCWMssOS::Sw design exists and opened at  /mnt/isaac_sbay0/lbo-ws/Projects/DVR-008-002/Base_Design_Project/Reference_design_project_2020.2/PSCora/SoCora/zynq_fsbl/zynq_fsbl_bsp/system.mss
TRACE::2026-09-01.14:36:25::SCWPlatform::Trying to open the hw design at /mnt/isaac_sbay0/lbo-ws/Projects/DVR-008-002/Base_Design_Project/Reference_design_project_2020.2/PSCora/SoCora/hw/design_1_wrapper.xsa
TRACE::2026-09-01.14:36:25::SCWPlatform::DSA given /mnt/isaac_sbay0/lbo-ws/Projects/DVR-008-002/Base_Design_Project/Reference_design_project_2020.2/PSCora/SoCora/hw/design_1_wrapper.xsa
TRACE::2026-09-01.14:36:25::SCWPlatform::DSA absoulate path /mnt/isaac_sbay0/lbo-ws/Projects/DVR-008-002/Base_Design_Project/Reference_design_project_2020.2/PSCora/SoCora/hw/design_1_wrapper.xsa
TRACE::2026-09-01.14:36:25::SCWPlatform::DSA directory /mnt/isaac_sbay0/lbo-ws/Projects/DVR-008-002/Base_Design_Project/Reference_design_project_2020.2/PSCora/SoCora/hw
TRACE::2026-09-01.14:36:25::SCWPlatform:: Platform Path /mnt/isaac_sbay0/lbo-ws/Projects/DVR-008-002/Base_Design_Project/Reference_design_project_2020.2/PSCora/SoCora/hw/design_1_wrapper.xsa
TRACE::2026-09-01.14:36:25::SCWPlatform:: Unique name xilinx:::0.0
TRACE::2026-09-01.14:36:25::SCWPlatform::Trying to set the existing hwdb with name design_1_wrapper
TRACE::2026-09-01.14:36:25::SCWPlatform::Opened existing hwdb design_1_wrapper
TRACE::2026-09-01.14:36:25::SCWPlatform::Found the Hw Db part of the input DSA
TRACE::2026-09-01.14:36:25::SCWMssOS::Checking the sw design at  /mnt/isaac_sbay0/lbo-ws/Projects/DVR-008-002/Base_Design_Project/Reference_design_project_2020.2/PSCora/SoCora/ps7_cortexa9_0/standalone_domain/bsp/system.mss
TRACE::2026-09-01.14:36:25::SCWMssOS::DEBUG:  swdes dump  /mnt/isaac_sbay0/lbo-ws/Projects/DVR-008-002/Base_Design_Project/Reference_design_project_2020.2/PSCora/SoCora/ps7_cortexa9_0/standalone_domain/bsp/system.mss|system_0||
/mnt/isaac_sbay0/lbo-ws/Projects/DVR-008-002/Base_Design_Project/Reference_design_project_2020.2/PSCora/SoCora/zynq_fsbl/zynq_fsbl_bsp/system.mss|system||

TRACE::2026-09-01.14:36:25::SCWMssOS::Sw design exists and opened at  /mnt/isaac_sbay0/lbo-ws/Projects/DVR-008-002/Base_Design_Project/Reference_design_project_2020.2/PSCora/SoCora/ps7_cortexa9_0/standalone_domain/bsp/system.mss
TRACE::2026-09-01.14:36:25::SCWPlatform::Trying to open the hw design at /mnt/isaac_sbay0/lbo-ws/Projects/DVR-008-002/Base_Design_Project/Reference_design_project_2020.2/PSCora/SoCora/hw/design_1_wrapper.xsa
TRACE::2026-09-01.14:36:25::SCWPlatform::DSA given /mnt/isaac_sbay0/lbo-ws/Projects/DVR-008-002/Base_Design_Project/Reference_design_project_2020.2/PSCora/SoCora/hw/design_1_wrapper.xsa
TRACE::2026-09-01.14:36:25::SCWPlatform::DSA absoulate path /mnt/isaac_sbay0/lbo-ws/Projects/DVR-008-002/Base_Design_Project/Reference_design_project_2020.2/PSCora/SoCora/hw/design_1_wrapper.xsa
TRACE::2026-09-01.14:36:25::SCWPlatform::DSA directory /mnt/isaac_sbay0/lbo-ws/Projects/DVR-008-002/Base_Design_Project/Reference_design_project_2020.2/PSCora/SoCora/hw
TRACE::2026-09-01.14:36:25::SCWPlatform:: Platform Path /mnt/isaac_sbay0/lbo-ws/Projects/DVR-008-002/Base_Design_Project/Reference_design_project_2020.2/PSCora/SoCora/hw/design_1_wrapper.xsa
TRACE::2026-09-01.14:36:25::SCWPlatform:: Unique name xilinx:::0.0
TRACE::2026-09-01.14:36:25::SCWPlatform::Trying to set the existing hwdb with name design_1_wrapper
TRACE::2026-09-01.14:36:25::SCWPlatform::Opened existing hwdb design_1_wrapper
TRACE::2026-09-01.14:36:25::SCWPlatform::Found the Hw Db part of the input DSA
TRACE::2026-09-01.14:36:25::SCWMssOS::Checking the sw design at  /mnt/isaac_sbay0/lbo-ws/Projects/DVR-008-002/Base_Design_Project/Reference_design_project_2020.2/PSCora/SoCora/ps7_cortexa9_0/standalone_domain/bsp/system.mss
TRACE::2026-09-01.14:36:25::SCWMssOS::DEBUG:  swdes dump  /mnt/isaac_sbay0/lbo-ws/Projects/DVR-008-002/Base_Design_Project/Reference_design_project_2020.2/PSCora/SoCora/ps7_cortexa9_0/standalone_domain/bsp/system.mss|system_0||
/mnt/isaac_sbay0/lbo-ws/Projects/DVR-008-002/Base_Design_Project/Reference_design_project_2020.2/PSCora/SoCora/zynq_fsbl/zynq_fsbl_bsp/system.mss|system||

TRACE::2026-09-01.14:36:25::SCWMssOS::Sw design exists and opened at  /mnt/isaac_sbay0/lbo-ws/Projects/DVR-008-002/Base_Design_Project/Reference_design_project_2020.2/PSCora/SoCora/ps7_cortexa9_0/standalone_domain/bsp/system.mss
TRACE::2026-09-01.14:36:25::SCWPlatform::Trying to open the hw design at /mnt/isaac_sbay0/lbo-ws/Projects/DVR-008-002/Base_Design_Project/Reference_design_project_2020.2/PSCora/SoCora/hw/design_1_wrapper.xsa
TRACE::2026-09-01.14:36:25::SCWPlatform::DSA given /mnt/isaac_sbay0/lbo-ws/Projects/DVR-008-002/Base_Design_Project/Reference_design_project_2020.2/PSCora/SoCora/hw/design_1_wrapper.xsa
TRACE::2026-09-01.14:36:25::SCWPlatform::DSA absoulate path /mnt/isaac_sbay0/lbo-ws/Projects/DVR-008-002/Base_Design_Project/Reference_design_project_2020.2/PSCora/SoCora/hw/design_1_wrapper.xsa
TRACE::2026-09-01.14:36:25::SCWPlatform::DSA directory /mnt/isaac_sbay0/lbo-ws/Projects/DVR-008-002/Base_Design_Project/Reference_design_project_2020.2/PSCora/SoCora/hw
TRACE::2026-09-01.14:36:25::SCWPlatform:: Platform Path /mnt/isaac_sbay0/lbo-ws/Projects/DVR-008-002/Base_Design_Project/Reference_design_project_2020.2/PSCora/SoCora/hw/design_1_wrapper.xsa
TRACE::2026-09-01.14:36:25::SCWPlatform:: Unique name xilinx:::0.0
TRACE::2026-09-01.14:36:25::SCWPlatform::Trying to set the existing hwdb with name design_1_wrapper
TRACE::2026-09-01.14:36:25::SCWPlatform::Opened existing hwdb design_1_wrapper
TRACE::2026-09-01.14:36:25::SCWPlatform::Found the Hw Db part of the input DSA
TRACE::2026-09-01.14:36:25::SCWMssOS::Checking the sw design at  /mnt/isaac_sbay0/lbo-ws/Projects/DVR-008-002/Base_Design_Project/Reference_design_project_2020.2/PSCora/SoCora/ps7_cortexa9_0/standalone_domain/bsp/system.mss
TRACE::2026-09-01.14:36:25::SCWMssOS::DEBUG:  swdes dump  /mnt/isaac_sbay0/lbo-ws/Projects/DVR-008-002/Base_Design_Project/Reference_design_project_2020.2/PSCora/SoCora/ps7_cortexa9_0/standalone_domain/bsp/system.mss|system_0||
/mnt/isaac_sbay0/lbo-ws/Projects/DVR-008-002/Base_Design_Project/Reference_design_project_2020.2/PSCora/SoCora/zynq_fsbl/zynq_fsbl_bsp/system.mss|system||

TRACE::2026-09-01.14:36:25::SCWMssOS::Sw design exists and opened at  /mnt/isaac_sbay0/lbo-ws/Projects/DVR-008-002/Base_Design_Project/Reference_design_project_2020.2/PSCora/SoCora/ps7_cortexa9_0/standalone_domain/bsp/system.mss
TRACE::2026-09-01.14:36:25::SCWWriter::formatted JSON is {
	"platformName":	"SoCora",
	"sprVersion":	"2.0",
	"mode":	"cmd",
	"dsaType":	"Fixed",
	"platformDesc":	"SoCora",
	"platHandOff":	"/mnt/isaac_sbay0/lbo-ws/Projects/DVR-008-002/Base_Design_Project/Reference_design_project_2020.2/SoCora/design_1_wrapper.xsa",
	"platIntHandOff":	"<platformDir>/hw/design_1_wrapper.xsa",
	"deviceType":	"zynq",
	"platIsPrebuiltAutogen":	"false",
	"platIsNoBootBsp":	"false",
	"platFsblTarget":	"ps7_cortexa9_0",
	"hasFsblMakeHasChanges":	"false",
	"hasPmufwMakeHasChanges":	"false",
	"fsblExtraCompilerFlags":	"-MMD -MP       -mcpu=cortex-a9 -mfpu=vfpv3 -mfloat-abi=hard ",
	"platPreBuiltFlag":	false,
	"platformSamplesDir":	"",
	"platActiveSys":	"SoCora",
	"systems":	[{
			"systemName":	"SoCora",
			"systemDesc":	"SoCora",
			"sysIsBootAutoGen":	"true",
			"systemDispName":	"SoCora",
			"sysActiveDom":	"standalone_domain",
			"sysDefaultDom":	"standalone_domain",
			"domains":	[{
					"domainName":	"zynq_fsbl",
					"domainDispName":	"zynq_fsbl",
					"domainDesc":	"FSBL Application BSP - Auto Generated.",
					"processors":	"ps7_cortexa9_0",
					"os":	"standalone",
					"sdxOs":	"standalone",
					"debugEnable":	"",
					"domRuntimes":	["cpp"],
					"swRepo":	"",
					"mssOsVer":	"7.3",
					"mssFile":	"",
					"md5Digest":	"d6e5e7d1372224806e87c36e715390fd",
					"compatibleApp":	"zynq_fsbl",
					"domType":	"bootDomain",
					"arch":	"32-bit",
					"appSettings":	{
						"appCompilerFlags":	"",
						"appLinkerFlags":	""
					},
					"addedLibs":	["xilffs:4.4", "xilrsa:1.6"],
					"libOptions":	{
						"libsContainingOptions":	[]
					},
					"prebuiltLibs":	{
						"prebuiltIncPath":	[],
						"prebuiltLibPath":	[]
					},
					"isolation":	{
					}
				}, {
					"domainName":	"standalone_domain",
					"domainDispName":	"standalone_domain",
					"domainDesc":	"standalone_domain",
					"processors":	"ps7_cortexa9_0",
					"os":	"standalone",
					"sdxOs":	"standalone",
					"qemuArgs":	"/tools/xilinx/Vitis/2020.2/data/emulation/platforms/zynq/sw/a9_standalone/qemu/qemu_args.txt",
					"qemuData":	"/tools/xilinx/Vitis/2020.2/data/emulation/platforms/zynq/sw/a9_standalone/qemu/",
					"debugEnable":	"False",
					"domRuntimes":	["cpp"],
					"swRepo":	"",
					"mssOsVer":	"7.3",
					"mssFile":	"",
					"md5Digest":	"b8914f3358791840b410b55d5d146ff1",
					"compatibleApp":	"",
					"domType":	"mssDomain",
					"appSettings":	{
						"appCompilerFlags":	"",
						"appLinkerFlags":	""
					},
					"addedLibs":	[],
					"libOptions":	{
						"libsContainingOptions":	[]
					},
					"prebuiltLibs":	{
						"prebuiltIncPath":	[],
						"prebuiltLibPath":	[]
					},
					"isolation":	{
					}
				}]
		}]
}
TRACE::2026-09-01.14:36:25::SCWPlatform::Trying to open the hw design at /mnt/isaac_sbay0/lbo-ws/Projects/DVR-008-002/Base_Design_Project/Reference_design_project_2020.2/PSCora/SoCora/hw/design_1_wrapper.xsa
TRACE::2026-09-01.14:36:25::SCWPlatform::DSA given /mnt/isaac_sbay0/lbo-ws/Projects/DVR-008-002/Base_Design_Project/Reference_design_project_2020.2/PSCora/SoCora/hw/design_1_wrapper.xsa
TRACE::2026-09-01.14:36:25::SCWPlatform::DSA absoulate path /mnt/isaac_sbay0/lbo-ws/Projects/DVR-008-002/Base_Design_Project/Reference_design_project_2020.2/PSCora/SoCora/hw/design_1_wrapper.xsa
TRACE::2026-09-01.14:36:25::SCWPlatform::DSA directory /mnt/isaac_sbay0/lbo-ws/Projects/DVR-008-002/Base_Design_Project/Reference_design_project_2020.2/PSCora/SoCora/hw
TRACE::2026-09-01.14:36:25::SCWPlatform:: Platform Path /mnt/isaac_sbay0/lbo-ws/Projects/DVR-008-002/Base_Design_Project/Reference_design_project_2020.2/PSCora/SoCora/hw/design_1_wrapper.xsa
TRACE::2026-09-01.14:36:25::SCWPlatform:: Unique name xilinx:::0.0
TRACE::2026-09-01.14:36:25::SCWPlatform::Trying to set the existing hwdb with name design_1_wrapper
TRACE::2026-09-01.14:36:25::SCWPlatform::Opened existing hwdb design_1_wrapper
TRACE::2026-09-01.14:36:25::SCWPlatform::Found the Hw Db part of the input DSA
TRACE::2026-09-01.14:36:25::SCWMssOS::Checking the sw design at  /mnt/isaac_sbay0/lbo-ws/Projects/DVR-008-002/Base_Design_Project/Reference_design_project_2020.2/PSCora/SoCora/ps7_cortexa9_0/standalone_domain/bsp/system.mss
TRACE::2026-09-01.14:36:25::SCWMssOS::DEBUG:  swdes dump  /mnt/isaac_sbay0/lbo-ws/Projects/DVR-008-002/Base_Design_Project/Reference_design_project_2020.2/PSCora/SoCora/ps7_cortexa9_0/standalone_domain/bsp/system.mss|system_0||
/mnt/isaac_sbay0/lbo-ws/Projects/DVR-008-002/Base_Design_Project/Reference_design_project_2020.2/PSCora/SoCora/zynq_fsbl/zynq_fsbl_bsp/system.mss|system||

TRACE::2026-09-01.14:36:25::SCWMssOS::Sw design exists and opened at  /mnt/isaac_sbay0/lbo-ws/Projects/DVR-008-002/Base_Design_Project/Reference_design_project_2020.2/PSCora/SoCora/ps7_cortexa9_0/standalone_domain/bsp/system.mss
TRACE::2026-09-01.14:36:25::SCWPlatform::Trying to open the hw design at /mnt/isaac_sbay0/lbo-ws/Projects/DVR-008-002/Base_Design_Project/Reference_design_project_2020.2/PSCora/SoCora/hw/design_1_wrapper.xsa
TRACE::2026-09-01.14:36:25::SCWPlatform::DSA given /mnt/isaac_sbay0/lbo-ws/Projects/DVR-008-002/Base_Design_Project/Reference_design_project_2020.2/PSCora/SoCora/hw/design_1_wrapper.xsa
TRACE::2026-09-01.14:36:25::SCWPlatform::DSA absoulate path /mnt/isaac_sbay0/lbo-ws/Projects/DVR-008-002/Base_Design_Project/Reference_design_project_2020.2/PSCora/SoCora/hw/design_1_wrapper.xsa
TRACE::2026-09-01.14:36:25::SCWPlatform::DSA directory /mnt/isaac_sbay0/lbo-ws/Projects/DVR-008-002/Base_Design_Project/Reference_design_project_2020.2/PSCora/SoCora/hw
TRACE::2026-09-01.14:36:25::SCWPlatform:: Platform Path /mnt/isaac_sbay0/lbo-ws/Projects/DVR-008-002/Base_Design_Project/Reference_design_project_2020.2/PSCora/SoCora/hw/design_1_wrapper.xsa
TRACE::2026-09-01.14:36:25::SCWPlatform:: Unique name xilinx:::0.0
TRACE::2026-09-01.14:36:25::SCWPlatform::Trying to set the existing hwdb with name design_1_wrapper
TRACE::2026-09-01.14:36:25::SCWPlatform::Opened existing hwdb design_1_wrapper
TRACE::2026-09-01.14:36:25::SCWPlatform::Found the Hw Db part of the input DSA
TRACE::2026-09-01.14:36:25::SCWMssOS::Checking the sw design at  /mnt/isaac_sbay0/lbo-ws/Projects/DVR-008-002/Base_Design_Project/Reference_design_project_2020.2/PSCora/SoCora/ps7_cortexa9_0/standalone_domain/bsp/system.mss
TRACE::2026-09-01.14:36:25::SCWMssOS::DEBUG:  swdes dump  /mnt/isaac_sbay0/lbo-ws/Projects/DVR-008-002/Base_Design_Project/Reference_design_project_2020.2/PSCora/SoCora/ps7_cortexa9_0/standalone_domain/bsp/system.mss|system_0||
/mnt/isaac_sbay0/lbo-ws/Projects/DVR-008-002/Base_Design_Project/Reference_design_project_2020.2/PSCora/SoCora/zynq_fsbl/zynq_fsbl_bsp/system.mss|system||

TRACE::2026-09-01.14:36:25::SCWMssOS::Sw design exists and opened at  /mnt/isaac_sbay0/lbo-ws/Projects/DVR-008-002/Base_Design_Project/Reference_design_project_2020.2/PSCora/SoCora/ps7_cortexa9_0/standalone_domain/bsp/system.mss
LOG::2026-09-01.14:36:25::SCWPlatform::Started generating the artifacts platform SoCora
TRACE::2026-09-01.14:36:25::SCWPlatform::Sanity checking of platform is completed
LOG::2026-09-01.14:36:25::SCWPlatform::Started generating the artifacts for system configuration SoCora
LOG::2026-09-01.14:36:25::SCWSystem::Checking the domain zynq_fsbl
LOG::2026-09-01.14:36:25::SCWSystem::Doing application build for :  zynq_fsbl
TRACE::2026-09-01.14:36:25::SCWBDomain::Not a forced makefile updation, No changes are present. 
TRACE::2026-09-01.14:36:25::SCWDomain::Building the domain as part of full build :  zynq_fsbl
TRACE::2026-09-01.14:36:25::SCWPlatform::Trying to open the hw design at /mnt/isaac_sbay0/lbo-ws/Projects/DVR-008-002/Base_Design_Project/Reference_design_project_2020.2/PSCora/SoCora/hw/design_1_wrapper.xsa
TRACE::2026-09-01.14:36:25::SCWPlatform::DSA given /mnt/isaac_sbay0/lbo-ws/Projects/DVR-008-002/Base_Design_Project/Reference_design_project_2020.2/PSCora/SoCora/hw/design_1_wrapper.xsa
TRACE::2026-09-01.14:36:25::SCWPlatform::DSA absoulate path /mnt/isaac_sbay0/lbo-ws/Projects/DVR-008-002/Base_Design_Project/Reference_design_project_2020.2/PSCora/SoCora/hw/design_1_wrapper.xsa
TRACE::2026-09-01.14:36:25::SCWPlatform::DSA directory /mnt/isaac_sbay0/lbo-ws/Projects/DVR-008-002/Base_Design_Project/Reference_design_project_2020.2/PSCora/SoCora/hw
TRACE::2026-09-01.14:36:25::SCWPlatform:: Platform Path /mnt/isaac_sbay0/lbo-ws/Projects/DVR-008-002/Base_Design_Project/Reference_design_project_2020.2/PSCora/SoCora/hw/design_1_wrapper.xsa
TRACE::2026-09-01.14:36:25::SCWPlatform:: Unique name xilinx:::0.0
TRACE::2026-09-01.14:36:25::SCWPlatform::Trying to set the existing hwdb with name design_1_wrapper
TRACE::2026-09-01.14:36:25::SCWPlatform::Opened existing hwdb design_1_wrapper
TRACE::2026-09-01.14:36:25::SCWPlatform::Found the Hw Db part of the input DSA
TRACE::2026-09-01.14:36:25::SCWMssOS::Checking the sw design at  /mnt/isaac_sbay0/lbo-ws/Projects/DVR-008-002/Base_Design_Project/Reference_design_project_2020.2/PSCora/SoCora/zynq_fsbl/zynq_fsbl_bsp/system.mss
TRACE::2026-09-01.14:36:25::SCWMssOS::DEBUG:  swdes dump  /mnt/isaac_sbay0/lbo-ws/Projects/DVR-008-002/Base_Design_Project/Reference_design_project_2020.2/PSCora/SoCora/ps7_cortexa9_0/standalone_domain/bsp/system.mss|system_0||
/mnt/isaac_sbay0/lbo-ws/Projects/DVR-008-002/Base_Design_Project/Reference_design_project_2020.2/PSCora/SoCora/zynq_fsbl/zynq_fsbl_bsp/system.mss|system||

TRACE::2026-09-01.14:36:25::SCWMssOS::Sw design exists and opened at  /mnt/isaac_sbay0/lbo-ws/Projects/DVR-008-002/Base_Design_Project/Reference_design_project_2020.2/PSCora/SoCora/zynq_fsbl/zynq_fsbl_bsp/system.mss
TRACE::2026-09-01.14:36:25::SCWBDomain::Completed writing the mss file at /mnt/isaac_sbay0/lbo-ws/Projects/DVR-008-002/Base_Design_Project/Reference_design_project_2020.2/PSCora/SoCora/zynq_fsbl/zynq_fsbl_bsp
TRACE::2026-09-01.14:36:25::SCWBDomain::bsp generated is upto date with the mss file. Skipping bsp generation.
TRACE::2026-09-01.14:36:25::SCWBDomain::Not a forced makefile updation, No changes are present. 
TRACE::2026-09-01.14:36:25::SCWBDomain::System Command Ran  cd  /mnt/isaac_sbay0/lbo-ws/Projects/DVR-008-002/Base_Design_Project/Reference_design_project_2020.2/PSCora/SoCora/zynq_fsbl ; bash -c " make -C zynq_fsbl_bsp ; make  " 
TRACE::2026-09-01.14:36:25::SCWBDomain::make: Entering directory '/mnt/isaac_sbay0/lbo-ws/Projects/DVR-008-002/Base_Design_Project/Reference_design_project_2020.2/PSCo
TRACE::2026-09-01.14:36:25::SCWBDomain::ra/SoCora/zynq_fsbl/zynq_fsbl_bsp'

TRACE::2026-09-01.14:36:25::SCWBDomain::make --no-print-directory seq_libs

TRACE::2026-09-01.14:36:25::SCWBDomain::Running Make include in ps7_cortexa9_0/libsrc/gpiops_v3_8/src

TRACE::2026-09-01.14:36:25::SCWBDomain::make -C ps7_cortexa9_0/libsrc/gpiops_v3_8/src -s include  "SHELL=/bin/sh" "COMPILER=arm-none-eabi-gcc" "ASSEMBLER=arm-none-eabi
TRACE::2026-09-01.14:36:25::SCWBDomain::-as" "ARCHIVER=arm-none-eabi-ar" "COMPILER_FLAGS=  -O2 -c" "EXTRA_COMPILER_FLAGS=-mcpu=cortex-a9 -mfpu=vfpv3 -mfloat-abi=hard -
TRACE::2026-09-01.14:36:25::SCWBDomain::nostartfiles -g -Wall -Wextra"

TRACE::2026-09-01.14:36:25::SCWBDomain::Running Make include in ps7_cortexa9_0/libsrc/xilffs_v4_4/src

TRACE::2026-09-01.14:36:25::SCWBDomain::make -C ps7_cortexa9_0/libsrc/xilffs_v4_4/src -s include  "SHELL=/bin/sh" "COMPILER=arm-none-eabi-gcc" "ASSEMBLER=arm-none-eabi
TRACE::2026-09-01.14:36:25::SCWBDomain::-as" "ARCHIVER=arm-none-eabi-ar" "COMPILER_FLAGS=  -O2 -c" "EXTRA_COMPILER_FLAGS=-mcpu=cortex-a9 -mfpu=vfpv3 -mfloat-abi=hard -
TRACE::2026-09-01.14:36:25::SCWBDomain::nostartfiles -g -Wall -Wextra"

TRACE::2026-09-01.14:36:25::SCWBDomain::Running Make include in ps7_cortexa9_0/libsrc/standalone_v7_3/src

TRACE::2026-09-01.14:36:25::SCWBDomain::make -C ps7_cortexa9_0/libsrc/standalone_v7_3/src -s include  "SHELL=/bin/sh" "COMPILER=arm-none-eabi-gcc" "ASSEMBLER=arm-none-
TRACE::2026-09-01.14:36:25::SCWBDomain::eabi-as" "ARCHIVER=arm-none-eabi-ar" "COMPILER_FLAGS=  -O2 -c" "EXTRA_COMPILER_FLAGS=-mcpu=cortex-a9 -mfpu=vfpv3 -mfloat-abi=ha
TRACE::2026-09-01.14:36:25::SCWBDomain::rd -nostartfiles -g -Wall -Wextra"

TRACE::2026-09-01.14:36:25::SCWBDomain::Running Make include in ps7_cortexa9_0/libsrc/emacps_v3_12/src

TRACE::2026-09-01.14:36:25::SCWBDomain::make -C ps7_cortexa9_0/libsrc/emacps_v3_12/src -s include  "SHELL=/bin/sh" "COMPILER=arm-none-eabi-gcc" "ASSEMBLER=arm-none-eab
TRACE::2026-09-01.14:36:25::SCWBDomain::i-as" "ARCHIVER=arm-none-eabi-ar" "COMPILER_FLAGS=  -O2 -c" "EXTRA_COMPILER_FLAGS=-mcpu=cortex-a9 -mfpu=vfpv3 -mfloat-abi=hard 
TRACE::2026-09-01.14:36:25::SCWBDomain::-nostartfiles -g -Wall -Wextra"

TRACE::2026-09-01.14:36:25::SCWBDomain::Running Make include in ps7_cortexa9_0/libsrc/usbps_v2_6/src

TRACE::2026-09-01.14:36:25::SCWBDomain::make -C ps7_cortexa9_0/libsrc/usbps_v2_6/src -s include  "SHELL=/bin/sh" "COMPILER=arm-none-eabi-gcc" "ASSEMBLER=arm-none-eabi-
TRACE::2026-09-01.14:36:25::SCWBDomain::as" "ARCHIVER=arm-none-eabi-ar" "COMPILER_FLAGS=  -O2 -c" "EXTRA_COMPILER_FLAGS=-mcpu=cortex-a9 -mfpu=vfpv3 -mfloat-abi=hard -n
TRACE::2026-09-01.14:36:25::SCWBDomain::ostartfiles -g -Wall -Wextra"

TRACE::2026-09-01.14:36:25::SCWBDomain::Running Make include in ps7_cortexa9_0/libsrc/cpu_cortexa9_v2_10/src

TRACE::2026-09-01.14:36:25::SCWBDomain::make -C ps7_cortexa9_0/libsrc/cpu_cortexa9_v2_10/src -s include  "SHELL=/bin/sh" "COMPILER=arm-none-eabi-gcc" "ASSEMBLER=arm-no
TRACE::2026-09-01.14:36:25::SCWBDomain::ne-eabi-as" "ARCHIVER=arm-none-eabi-ar" "COMPILER_FLAGS=  -O2 -c" "EXTRA_COMPILER_FLAGS=-mcpu=cortex-a9 -mfpu=vfpv3 -mfloat-abi
TRACE::2026-09-01.14:36:25::SCWBDomain::=hard -nostartfiles -g -Wall -Wextra"

TRACE::2026-09-01.14:36:25::SCWBDomain::Running Make include in ps7_cortexa9_0/libsrc/devcfg_v3_7/src

TRACE::2026-09-01.14:36:25::SCWBDomain::make -C ps7_cortexa9_0/libsrc/devcfg_v3_7/src -s include  "SHELL=/bin/sh" "COMPILER=arm-none-eabi-gcc" "ASSEMBLER=arm-none-eabi
TRACE::2026-09-01.14:36:25::SCWBDomain::-as" "ARCHIVER=arm-none-eabi-ar" "COMPILER_FLAGS=  -O2 -c" "EXTRA_COMPILER_FLAGS=-mcpu=cortex-a9 -mfpu=vfpv3 -mfloat-abi=hard -
TRACE::2026-09-01.14:36:25::SCWBDomain::nostartfiles -g -Wall -Wextra"

TRACE::2026-09-01.14:36:25::SCWBDomain::Running Make include in ps7_cortexa9_0/libsrc/scuwdt_v2_3/src

TRACE::2026-09-01.14:36:25::SCWBDomain::make -C ps7_cortexa9_0/libsrc/scuwdt_v2_3/src -s include  "SHELL=/bin/sh" "COMPILER=arm-none-eabi-gcc" "ASSEMBLER=arm-none-eabi
TRACE::2026-09-01.14:36:25::SCWBDomain::-as" "ARCHIVER=arm-none-eabi-ar" "COMPILER_FLAGS=  -O2 -c" "EXTRA_COMPILER_FLAGS=-mcpu=cortex-a9 -mfpu=vfpv3 -mfloat-abi=hard -
TRACE::2026-09-01.14:36:25::SCWBDomain::nostartfiles -g -Wall -Wextra"

TRACE::2026-09-01.14:36:25::SCWBDomain::Running Make include in ps7_cortexa9_0/libsrc/xilrsa_v1_6/src

TRACE::2026-09-01.14:36:25::SCWBDomain::make -C ps7_cortexa9_0/libsrc/xilrsa_v1_6/src -s include  "SHELL=/bin/sh" "COMPILER=arm-none-eabi-gcc" "ASSEMBLER=arm-none-eabi
TRACE::2026-09-01.14:36:25::SCWBDomain::-as" "ARCHIVER=arm-none-eabi-ar" "COMPILER_FLAGS=  -O2 -c" "EXTRA_COMPILER_FLAGS=-mcpu=cortex-a9 -mfpu=vfpv3 -mfloat-abi=hard -
TRACE::2026-09-01.14:36:25::SCWBDomain::nostartfiles -g -Wall -Wextra"

TRACE::2026-09-01.14:36:25::SCWBDomain::Running Make include in ps7_cortexa9_0/libsrc/scutimer_v2_3/src

TRACE::2026-09-01.14:36:25::SCWBDomain::make -C ps7_cortexa9_0/libsrc/scutimer_v2_3/src -s include  "SHELL=/bin/sh" "COMPILER=arm-none-eabi-gcc" "ASSEMBLER=arm-none-ea
TRACE::2026-09-01.14:36:25::SCWBDomain::bi-as" "ARCHIVER=arm-none-eabi-ar" "COMPILER_FLAGS=  -O2 -c" "EXTRA_COMPILER_FLAGS=-mcpu=cortex-a9 -mfpu=vfpv3 -mfloat-abi=hard
TRACE::2026-09-01.14:36:25::SCWBDomain:: -nostartfiles -g -Wall -Wextra"

TRACE::2026-09-01.14:36:25::SCWBDomain::Running Make include in ps7_cortexa9_0/libsrc/gpio_v4_7/src

TRACE::2026-09-01.14:36:25::SCWBDomain::make -C ps7_cortexa9_0/libsrc/gpio_v4_7/src -s include  "SHELL=/bin/sh" "COMPILER=arm-none-eabi-gcc" "ASSEMBLER=arm-none-eabi-a
TRACE::2026-09-01.14:36:25::SCWBDomain::s" "ARCHIVER=arm-none-eabi-ar" "COMPILER_FLAGS=  -O2 -c" "EXTRA_COMPILER_FLAGS=-mcpu=cortex-a9 -mfpu=vfpv3 -mfloat-abi=hard -no
TRACE::2026-09-01.14:36:25::SCWBDomain::startfiles -g -Wall -Wextra"

TRACE::2026-09-01.14:36:25::SCWBDomain::Running Make include in ps7_cortexa9_0/libsrc/xadcps_v2_5/src

TRACE::2026-09-01.14:36:25::SCWBDomain::make -C ps7_cortexa9_0/libsrc/xadcps_v2_5/src -s include  "SHELL=/bin/sh" "COMPILER=arm-none-eabi-gcc" "ASSEMBLER=arm-none-eabi
TRACE::2026-09-01.14:36:25::SCWBDomain::-as" "ARCHIVER=arm-none-eabi-ar" "COMPILER_FLAGS=  -O2 -c" "EXTRA_COMPILER_FLAGS=-mcpu=cortex-a9 -mfpu=vfpv3 -mfloat-abi=hard -
TRACE::2026-09-01.14:36:25::SCWBDomain::nostartfiles -g -Wall -Wextra"

TRACE::2026-09-01.14:36:25::SCWBDomain::Running Make include in ps7_cortexa9_0/libsrc/coresightps_dcc_v1_8/src

TRACE::2026-09-01.14:36:25::SCWBDomain::make -C ps7_cortexa9_0/libsrc/coresightps_dcc_v1_8/src -s include  "SHELL=/bin/sh" "COMPILER=arm-none-eabi-gcc" "ASSEMBLER=arm-
TRACE::2026-09-01.14:36:25::SCWBDomain::none-eabi-as" "ARCHIVER=arm-none-eabi-ar" "COMPILER_FLAGS=  -O2 -c" "EXTRA_COMPILER_FLAGS=-mcpu=cortex-a9 -mfpu=vfpv3 -mfloat-a
TRACE::2026-09-01.14:36:25::SCWBDomain::bi=hard -nostartfiles -g -Wall -Wextra"

TRACE::2026-09-01.14:36:25::SCWBDomain::Running Make include in ps7_cortexa9_0/libsrc/sdps_v3_10/src

TRACE::2026-09-01.14:36:25::SCWBDomain::make -C ps7_cortexa9_0/libsrc/sdps_v3_10/src -s include  "SHELL=/bin/sh" "COMPILER=arm-none-eabi-gcc" "ASSEMBLER=arm-none-eabi-
TRACE::2026-09-01.14:36:25::SCWBDomain::as" "ARCHIVER=arm-none-eabi-ar" "COMPILER_FLAGS=  -O2 -c" "EXTRA_COMPILER_FLAGS=-mcpu=cortex-a9 -mfpu=vfpv3 -mfloat-abi=hard -n
TRACE::2026-09-01.14:36:25::SCWBDomain::ostartfiles -g -Wall -Wextra"

TRACE::2026-09-01.14:36:25::SCWBDomain::Running Make include in ps7_cortexa9_0/libsrc/ddrps_v1_2/src

TRACE::2026-09-01.14:36:25::SCWBDomain::make -C ps7_cortexa9_0/libsrc/ddrps_v1_2/src -s include  "SHELL=/bin/sh" "COMPILER=arm-none-eabi-gcc" "ASSEMBLER=arm-none-eabi-
TRACE::2026-09-01.14:36:25::SCWBDomain::as" "ARCHIVER=arm-none-eabi-ar" "COMPILER_FLAGS=  -O2 -c" "EXTRA_COMPILER_FLAGS=-mcpu=cortex-a9 -mfpu=vfpv3 -mfloat-abi=hard -n
TRACE::2026-09-01.14:36:25::SCWBDomain::ostartfiles -g -Wall -Wextra"

TRACE::2026-09-01.14:36:25::SCWBDomain::Running Make include in ps7_cortexa9_0/libsrc/uartps_v3_10/src

TRACE::2026-09-01.14:36:25::SCWBDomain::make -C ps7_cortexa9_0/libsrc/uartps_v3_10/src -s include  "SHELL=/bin/sh" "COMPILER=arm-none-eabi-gcc" "ASSEMBLER=arm-none-eab
TRACE::2026-09-01.14:36:25::SCWBDomain::i-as" "ARCHIVER=arm-none-eabi-ar" "COMPILER_FLAGS=  -O2 -c" "EXTRA_COMPILER_FLAGS=-mcpu=cortex-a9 -mfpu=vfpv3 -mfloat-abi=hard 
TRACE::2026-09-01.14:36:25::SCWBDomain::-nostartfiles -g -Wall -Wextra"

TRACE::2026-09-01.14:36:25::SCWBDomain::Running Make include in ps7_cortexa9_0/libsrc/scugic_v4_3/src

TRACE::2026-09-01.14:36:25::SCWBDomain::make -C ps7_cortexa9_0/libsrc/scugic_v4_3/src -s include  "SHELL=/bin/sh" "COMPILER=arm-none-eabi-gcc" "ASSEMBLER=arm-none-eabi
TRACE::2026-09-01.14:36:25::SCWBDomain::-as" "ARCHIVER=arm-none-eabi-ar" "COMPILER_FLAGS=  -O2 -c" "EXTRA_COMPILER_FLAGS=-mcpu=cortex-a9 -mfpu=vfpv3 -mfloat-abi=hard -
TRACE::2026-09-01.14:36:25::SCWBDomain::nostartfiles -g -Wall -Wextra"

TRACE::2026-09-01.14:36:25::SCWBDomain::Running Make include in ps7_cortexa9_0/libsrc/dmaps_v2_7/src

TRACE::2026-09-01.14:36:25::SCWBDomain::make -C ps7_cortexa9_0/libsrc/dmaps_v2_7/src -s include  "SHELL=/bin/sh" "COMPILER=arm-none-eabi-gcc" "ASSEMBLER=arm-none-eabi-
TRACE::2026-09-01.14:36:25::SCWBDomain::as" "ARCHIVER=arm-none-eabi-ar" "COMPILER_FLAGS=  -O2 -c" "EXTRA_COMPILER_FLAGS=-mcpu=cortex-a9 -mfpu=vfpv3 -mfloat-abi=hard -n
TRACE::2026-09-01.14:36:25::SCWBDomain::ostartfiles -g -Wall -Wextra"

TRACE::2026-09-01.14:36:25::SCWBDomain::Running Make libs in ps7_cortexa9_0/libsrc/xilrsa_v1_6/src

TRACE::2026-09-01.14:36:25::SCWBDomain::make -C ps7_cortexa9_0/libsrc/xilrsa_v1_6/src -s libs  "SHELL=/bin/sh" "COMPILER=arm-none-eabi-gcc" "ASSEMBLER=arm-none-eabi-as
TRACE::2026-09-01.14:36:25::SCWBDomain::" "ARCHIVER=arm-none-eabi-ar" "COMPILER_FLAGS=  -O2 -c" "EXTRA_COMPILER_FLAGS=-mcpu=cortex-a9 -mfpu=vfpv3 -mfloat-abi=hard -nos
TRACE::2026-09-01.14:36:25::SCWBDomain::tartfiles -g -Wall -Wextra"

TRACE::2026-09-01.14:36:25::SCWBDomain::Finished building libraries sequentially.

TRACE::2026-09-01.14:36:25::SCWBDomain::make -j --no-print-directory par_libs

TRACE::2026-09-01.14:36:25::SCWBDomain::Running Make include in ps7_cortexa9_0/libsrc/gpiops_v3_8/src

TRACE::2026-09-01.14:36:25::SCWBDomain::Running Make include in ps7_cortexa9_0/libsrc/xilffs_v4_4/src

TRACE::2026-09-01.14:36:25::SCWBDomain::make -C ps7_cortexa9_0/libsrc/gpiops_v3_8/src -s include  "SHELL=/bin/sh" "COMPILER=arm-none-eabi-gcc" "ASSEMBLER=arm-none-eabi
TRACE::2026-09-01.14:36:25::SCWBDomain::-as" "ARCHIVER=arm-none-eabi-ar" "COMPILER_FLAGS=  -O2 -c" "EXTRA_COMPILER_FLAGS=-mcpu=cortex-a9 -mfpu=vfpv3 -mfloat-abi=hard -
TRACE::2026-09-01.14:36:25::SCWBDomain::nostartfiles -g -Wall -Wextra"

TRACE::2026-09-01.14:36:25::SCWBDomain::make -C ps7_cortexa9_0/libsrc/xilffs_v4_4/src -s include  "SHELL=/bin/sh" "COMPILER=arm-none-eabi-gcc" "ASSEMBLER=arm-none-eabi
TRACE::2026-09-01.14:36:25::SCWBDomain::-as" "ARCHIVER=arm-none-eabi-ar" "COMPILER_FLAGS=  -O2 -c" "EXTRA_COMPILER_FLAGS=-mcpu=cortex-a9 -mfpu=vfpv3 -mfloat-abi=hard -
TRACE::2026-09-01.14:36:25::SCWBDomain::nostartfiles -g -Wall -Wextra"

TRACE::2026-09-01.14:36:25::SCWBDomain::Running Make include in ps7_cortexa9_0/libsrc/standalone_v7_3/src

TRACE::2026-09-01.14:36:25::SCWBDomain::Running Make include in ps7_cortexa9_0/libsrc/usbps_v2_6/src

TRACE::2026-09-01.14:36:25::SCWBDomain::Running Make include in ps7_cortexa9_0/libsrc/emacps_v3_12/src

TRACE::2026-09-01.14:36:25::SCWBDomain::make -C ps7_cortexa9_0/libsrc/standalone_v7_3/src -s include  "SHELL=/bin/sh" "COMPILER=arm-none-eabi-gcc" "ASSEMBLER=arm-none-
TRACE::2026-09-01.14:36:25::SCWBDomain::eabi-as" "ARCHIVER=arm-none-eabi-ar" "COMPILER_FLAGS=  -O2 -c" "EXTRA_COMPILER_FLAGS=-mcpu=cortex-a9 -mfpu=vfpv3 -mfloat-abi=ha
TRACE::2026-09-01.14:36:25::SCWBDomain::rd -nostartfiles -g -Wall -Wextra"

TRACE::2026-09-01.14:36:25::SCWBDomain::Running Make include in ps7_cortexa9_0/libsrc/devcfg_v3_7/src

TRACE::2026-09-01.14:36:25::SCWBDomain::make -C ps7_cortexa9_0/libsrc/emacps_v3_12/src -s include  "SHELL=/bin/sh" "COMPILER=arm-none-eabi-gcc" "ASSEMBLER=arm-none-eab
TRACE::2026-09-01.14:36:25::SCWBDomain::i-as" "ARCHIVER=arm-none-eabi-ar" "COMPILER_FLAGS=  -O2 -c" "EXTRA_COMPILER_FLAGS=-mcpu=cortex-a9 -mfpu=vfpv3 -mfloat-abi=hard 
TRACE::2026-09-01.14:36:25::SCWBDomain::-nostartfiles -g -Wall -Wextra"

TRACE::2026-09-01.14:36:25::SCWBDomain::Running Make include in ps7_cortexa9_0/libsrc/cpu_cortexa9_v2_10/src

TRACE::2026-09-01.14:36:25::SCWBDomain::make -C ps7_cortexa9_0/libsrc/usbps_v2_6/src -s include  "SHELL=/bin/sh" "COMPILER=arm-none-eabi-gcc" "ASSEMBLER=arm-none-eabi-
TRACE::2026-09-01.14:36:25::SCWBDomain::as" "ARCHIVER=arm-none-eabi-ar" "COMPILER_FLAGS=  -O2 -c" "EXTRA_COMPILER_FLAGS=-mcpu=cortex-a9 -mfpu=vfpv3 -mfloat-abi=hard -n
TRACE::2026-09-01.14:36:25::SCWBDomain::ostartfiles -g -Wall -Wextra"

TRACE::2026-09-01.14:36:25::SCWBDomain::Running Make include in ps7_cortexa9_0/libsrc/scuwdt_v2_3/src

TRACE::2026-09-01.14:36:25::SCWBDomain::make -C ps7_cortexa9_0/libsrc/cpu_cortexa9_v2_10/src -s include  "SHELL=/bin/sh" "COMPILER=arm-none-eabi-gcc" "ASSEMBLER=arm-no
TRACE::2026-09-01.14:36:25::SCWBDomain::ne-eabi-as" "ARCHIVER=arm-none-eabi-ar" "COMPILER_FLAGS=  -O2 -c" "EXTRA_COMPILER_FLAGS=-mcpu=cortex-a9 -mfpu=vfpv3 -mfloat-abi
TRACE::2026-09-01.14:36:25::SCWBDomain::=hard -nostartfiles -g -Wall -Wextra"

TRACE::2026-09-01.14:36:25::SCWBDomain::make -C ps7_cortexa9_0/libsrc/devcfg_v3_7/src -s include  "SHELL=/bin/sh" "COMPILER=arm-none-eabi-gcc" "ASSEMBLER=arm-none-eabi
TRACE::2026-09-01.14:36:25::SCWBDomain::-as" "ARCHIVER=arm-none-eabi-ar" "COMPILER_FLAGS=  -O2 -c" "EXTRA_COMPILER_FLAGS=-mcpu=cortex-a9 -mfpu=vfpv3 -mfloat-abi=hard -
TRACE::2026-09-01.14:36:25::SCWBDomain::nostartfiles -g -Wall -Wextra"

TRACE::2026-09-01.14:36:25::SCWBDomain::Running Make include in ps7_cortexa9_0/libsrc/xilrsa_v1_6/src

TRACE::2026-09-01.14:36:25::SCWBDomain::make -C ps7_cortexa9_0/libsrc/scuwdt_v2_3/src -s include  "SHELL=/bin/sh" "COMPILER=arm-none-eabi-gcc" "ASSEMBLER=arm-none-eabi
TRACE::2026-09-01.14:36:25::SCWBDomain::-as" "ARCHIVER=arm-none-eabi-ar" "COMPILER_FLAGS=  -O2 -c" "EXTRA_COMPILER_FLAGS=-mcpu=cortex-a9 -mfpu=vfpv3 -mfloat-abi=hard -
TRACE::2026-09-01.14:36:25::SCWBDomain::nostartfiles -g -Wall -Wextra"

TRACE::2026-09-01.14:36:25::SCWBDomain::make -C ps7_cortexa9_0/libsrc/xilrsa_v1_6/src -s include  "SHELL=/bin/sh" "COMPILER=arm-none-eabi-gcc" "ASSEMBLER=arm-none-eabi
TRACE::2026-09-01.14:36:25::SCWBDomain::-as" "ARCHIVER=arm-none-eabi-ar" "COMPILER_FLAGS=  -O2 -c" "EXTRA_COMPILER_FLAGS=-mcpu=cortex-a9 -mfpu=vfpv3 -mfloat-abi=hard -
TRACE::2026-09-01.14:36:25::SCWBDomain::nostartfiles -g -Wall -Wextra"

TRACE::2026-09-01.14:36:25::SCWBDomain::Running Make include in ps7_cortexa9_0/libsrc/scutimer_v2_3/src

TRACE::2026-09-01.14:36:25::SCWBDomain::make -C ps7_cortexa9_0/libsrc/scutimer_v2_3/src -s include  "SHELL=/bin/sh" "COMPILER=arm-none-eabi-gcc" "ASSEMBLER=arm-none-ea
TRACE::2026-09-01.14:36:25::SCWBDomain::bi-as" "ARCHIVER=arm-none-eabi-ar" "COMPILER_FLAGS=  -O2 -c" "EXTRA_COMPILER_FLAGS=-mcpu=cortex-a9 -mfpu=vfpv3 -mfloat-abi=hard
TRACE::2026-09-01.14:36:25::SCWBDomain:: -nostartfiles -g -Wall -Wextra"

TRACE::2026-09-01.14:36:25::SCWBDomain::Running Make include in ps7_cortexa9_0/libsrc/gpio_v4_7/src

TRACE::2026-09-01.14:36:25::SCWBDomain::Running Make include in ps7_cortexa9_0/libsrc/coresightps_dcc_v1_8/src

TRACE::2026-09-01.14:36:25::SCWBDomain::make -C ps7_cortexa9_0/libsrc/gpio_v4_7/src -s include  "SHELL=/bin/sh" "COMPILER=arm-none-eabi-gcc" "ASSEMBLER=arm-none-eabi-a
TRACE::2026-09-01.14:36:25::SCWBDomain::s" "ARCHIVER=arm-none-eabi-ar" "COMPILER_FLAGS=  -O2 -c" "EXTRA_COMPILER_FLAGS=-mcpu=cortex-a9 -mfpu=vfpv3 -mfloat-abi=hard -no
TRACE::2026-09-01.14:36:25::SCWBDomain::startfiles -g -Wall -Wextra"

TRACE::2026-09-01.14:36:25::SCWBDomain::make -C ps7_cortexa9_0/libsrc/coresightps_dcc_v1_8/src -s include  "SHELL=/bin/sh" "COMPILER=arm-none-eabi-gcc" "ASSEMBLER=arm-
TRACE::2026-09-01.14:36:25::SCWBDomain::none-eabi-as" "ARCHIVER=arm-none-eabi-ar" "COMPILER_FLAGS=  -O2 -c" "EXTRA_COMPILER_FLAGS=-mcpu=cortex-a9 -mfpu=vfpv3 -mfloat-a
TRACE::2026-09-01.14:36:25::SCWBDomain::bi=hard -nostartfiles -g -Wall -Wextra"

TRACE::2026-09-01.14:36:25::SCWBDomain::Running Make include in ps7_cortexa9_0/libsrc/sdps_v3_10/src

TRACE::2026-09-01.14:36:25::SCWBDomain::make -C ps7_cortexa9_0/libsrc/sdps_v3_10/src -s include  "SHELL=/bin/sh" "COMPILER=arm-none-eabi-gcc" "ASSEMBLER=arm-none-eabi-
TRACE::2026-09-01.14:36:25::SCWBDomain::as" "ARCHIVER=arm-none-eabi-ar" "COMPILER_FLAGS=  -O2 -c" "EXTRA_COMPILER_FLAGS=-mcpu=cortex-a9 -mfpu=vfpv3 -mfloat-abi=hard -n
TRACE::2026-09-01.14:36:25::SCWBDomain::ostartfiles -g -Wall -Wextra"

TRACE::2026-09-01.14:36:25::SCWBDomain::Running Make include in ps7_cortexa9_0/libsrc/ddrps_v1_2/src

TRACE::2026-09-01.14:36:25::SCWBDomain::make -C ps7_cortexa9_0/libsrc/ddrps_v1_2/src -s include  "SHELL=/bin/sh" "COMPILER=arm-none-eabi-gcc" "ASSEMBLER=arm-none-eabi-
TRACE::2026-09-01.14:36:25::SCWBDomain::as" "ARCHIVER=arm-none-eabi-ar" "COMPILER_FLAGS=  -O2 -c" "EXTRA_COMPILER_FLAGS=-mcpu=cortex-a9 -mfpu=vfpv3 -mfloat-abi=hard -n
TRACE::2026-09-01.14:36:25::SCWBDomain::ostartfiles -g -Wall -Wextra"

TRACE::2026-09-01.14:36:25::SCWBDomain::Running Make include in ps7_cortexa9_0/libsrc/xadcps_v2_5/src

TRACE::2026-09-01.14:36:25::SCWBDomain::make -C ps7_cortexa9_0/libsrc/xadcps_v2_5/src -s include  "SHELL=/bin/sh" "COMPILER=arm-none-eabi-gcc" "ASSEMBLER=arm-none-eabi
TRACE::2026-09-01.14:36:25::SCWBDomain::-as" "ARCHIVER=arm-none-eabi-ar" "COMPILER_FLAGS=  -O2 -c" "EXTRA_COMPILER_FLAGS=-mcpu=cortex-a9 -mfpu=vfpv3 -mfloat-abi=hard -
TRACE::2026-09-01.14:36:25::SCWBDomain::nostartfiles -g -Wall -Wextra"

TRACE::2026-09-01.14:36:25::SCWBDomain::Running Make include in ps7_cortexa9_0/libsrc/dmaps_v2_7/src

TRACE::2026-09-01.14:36:25::SCWBDomain::Running Make include in ps7_cortexa9_0/libsrc/scugic_v4_3/src

TRACE::2026-09-01.14:36:25::SCWBDomain::make -C ps7_cortexa9_0/libsrc/scugic_v4_3/src -s include  "SHELL=/bin/sh" "COMPILER=arm-none-eabi-gcc" "ASSEMBLER=arm-none-eabi
TRACE::2026-09-01.14:36:25::SCWBDomain::-as" "ARCHIVER=arm-none-eabi-ar" "COMPILER_FLAGS=  -O2 -c" "EXTRA_COMPILER_FLAGS=-mcpu=cortex-a9 -mfpu=vfpv3 -mfloat-abi=hard -
TRACE::2026-09-01.14:36:25::SCWBDomain::nostartfiles -g -Wall -Wextra"

TRACE::2026-09-01.14:36:25::SCWBDomain::make -C ps7_cortexa9_0/libsrc/dmaps_v2_7/src -s include  "SHELL=/bin/sh" "COMPILER=arm-none-eabi-gcc" "ASSEMBLER=arm-none-eabi-
TRACE::2026-09-01.14:36:25::SCWBDomain::as" "ARCHIVER=arm-none-eabi-ar" "COMPILER_FLAGS=  -O2 -c" "EXTRA_COMPILER_FLAGS=-mcpu=cortex-a9 -mfpu=vfpv3 -mfloat-abi=hard -n
TRACE::2026-09-01.14:36:25::SCWBDomain::ostartfiles -g -Wall -Wextra"

TRACE::2026-09-01.14:36:25::SCWBDomain::Running Make include in ps7_cortexa9_0/libsrc/uartps_v3_10/src

TRACE::2026-09-01.14:36:25::SCWBDomain::make -C ps7_cortexa9_0/libsrc/uartps_v3_10/src -s include  "SHELL=/bin/sh" "COMPILER=arm-none-eabi-gcc" "ASSEMBLER=arm-none-eab
TRACE::2026-09-01.14:36:25::SCWBDomain::i-as" "ARCHIVER=arm-none-eabi-ar" "COMPILER_FLAGS=  -O2 -c" "EXTRA_COMPILER_FLAGS=-mcpu=cortex-a9 -mfpu=vfpv3 -mfloat-abi=hard 
TRACE::2026-09-01.14:36:25::SCWBDomain::-nostartfiles -g -Wall -Wextra"

TRACE::2026-09-01.14:36:25::SCWBDomain::Running Make libs in ps7_cortexa9_0/libsrc/standalone_v7_3/src

TRACE::2026-09-01.14:36:25::SCWBDomain::make -C ps7_cortexa9_0/libsrc/standalone_v7_3/src -s libs  "SHELL=/bin/sh" "COMPILER=arm-none-eabi-gcc" "ASSEMBLER=arm-none-eab
TRACE::2026-09-01.14:36:25::SCWBDomain::i-as" "ARCHIVER=arm-none-eabi-ar" "COMPILER_FLAGS=  -O2 -c" "EXTRA_COMPILER_FLAGS=-mcpu=cortex-a9 -mfpu=vfpv3 -mfloat-abi=hard 
TRACE::2026-09-01.14:36:25::SCWBDomain::-nostartfiles -g -Wall -Wextra"

TRACE::2026-09-01.14:36:25::SCWBDomain::Running Make libs in ps7_cortexa9_0/libsrc/cpu_cortexa9_v2_10/src

TRACE::2026-09-01.14:36:25::SCWBDomain::make -C ps7_cortexa9_0/libsrc/cpu_cortexa9_v2_10/src -s libs  "SHELL=/bin/sh" "COMPILER=arm-none-eabi-gcc" "ASSEMBLER=arm-none-
TRACE::2026-09-01.14:36:25::SCWBDomain::eabi-as" "ARCHIVER=arm-none-eabi-ar" "COMPILER_FLAGS=  -O2 -c" "EXTRA_COMPILER_FLAGS=-mcpu=cortex-a9 -mfpu=vfpv3 -mfloat-abi=ha
TRACE::2026-09-01.14:36:25::SCWBDomain::rd -nostartfiles -g -Wall -Wextra"

TRACE::2026-09-01.14:36:25::SCWBDomain::Running Make libs in ps7_cortexa9_0/libsrc/emacps_v3_12/src

TRACE::2026-09-01.14:36:25::SCWBDomain::Running Make libs in ps7_cortexa9_0/libsrc/usbps_v2_6/src

TRACE::2026-09-01.14:36:25::SCWBDomain::Running Make libs in ps7_cortexa9_0/libsrc/gpiops_v3_8/src

TRACE::2026-09-01.14:36:25::SCWBDomain::Running Make libs in ps7_cortexa9_0/libsrc/devcfg_v3_7/src

TRACE::2026-09-01.14:36:25::SCWBDomain::Running Make libs in ps7_cortexa9_0/libsrc/scuwdt_v2_3/src

TRACE::2026-09-01.14:36:25::SCWBDomain::make -C ps7_cortexa9_0/libsrc/gpiops_v3_8/src -s libs  "SHELL=/bin/sh" "COMPILER=arm-none-eabi-gcc" "ASSEMBLER=arm-none-eabi-as
TRACE::2026-09-01.14:36:25::SCWBDomain::" "ARCHIVER=arm-none-eabi-ar" "COMPILER_FLAGS=  -O2 -c" "EXTRA_COMPILER_FLAGS=-mcpu=cortex-a9 -mfpu=vfpv3 -mfloat-abi=hard -nos
TRACE::2026-09-01.14:36:25::SCWBDomain::tartfiles -g -Wall -Wextra"

TRACE::2026-09-01.14:36:25::SCWBDomain::make -C ps7_cortexa9_0/libsrc/emacps_v3_12/src -s libs  "SHELL=/bin/sh" "COMPILER=arm-none-eabi-gcc" "ASSEMBLER=arm-none-eabi-a
TRACE::2026-09-01.14:36:25::SCWBDomain::s" "ARCHIVER=arm-none-eabi-ar" "COMPILER_FLAGS=  -O2 -c" "EXTRA_COMPILER_FLAGS=-mcpu=cortex-a9 -mfpu=vfpv3 -mfloat-abi=hard -no
TRACE::2026-09-01.14:36:25::SCWBDomain::startfiles -g -Wall -Wextra"

TRACE::2026-09-01.14:36:25::SCWBDomain::make -C ps7_cortexa9_0/libsrc/usbps_v2_6/src -s libs  "SHELL=/bin/sh" "COMPILER=arm-none-eabi-gcc" "ASSEMBLER=arm-none-eabi-as"
TRACE::2026-09-01.14:36:25::SCWBDomain:: "ARCHIVER=arm-none-eabi-ar" "COMPILER_FLAGS=  -O2 -c" "EXTRA_COMPILER_FLAGS=-mcpu=cortex-a9 -mfpu=vfpv3 -mfloat-abi=hard -nost
TRACE::2026-09-01.14:36:25::SCWBDomain::artfiles -g -Wall -Wextra"

TRACE::2026-09-01.14:36:25::SCWBDomain::make -C ps7_cortexa9_0/libsrc/devcfg_v3_7/src -s libs  "SHELL=/bin/sh" "COMPILER=arm-none-eabi-gcc" "ASSEMBLER=arm-none-eabi-as
TRACE::2026-09-01.14:36:25::SCWBDomain::" "ARCHIVER=arm-none-eabi-ar" "COMPILER_FLAGS=  -O2 -c" "EXTRA_COMPILER_FLAGS=-mcpu=cortex-a9 -mfpu=vfpv3 -mfloat-abi=hard -nos
TRACE::2026-09-01.14:36:25::SCWBDomain::tartfiles -g -Wall -Wextra"

TRACE::2026-09-01.14:36:25::SCWBDomain::make -C ps7_cortexa9_0/libsrc/scuwdt_v2_3/src -s libs  "SHELL=/bin/sh" "COMPILER=arm-none-eabi-gcc" "ASSEMBLER=arm-none-eabi-as
TRACE::2026-09-01.14:36:25::SCWBDomain::" "ARCHIVER=arm-none-eabi-ar" "COMPILER_FLAGS=  -O2 -c" "EXTRA_COMPILER_FLAGS=-mcpu=cortex-a9 -mfpu=vfpv3 -mfloat-abi=hard -nos
TRACE::2026-09-01.14:36:25::SCWBDomain::tartfiles -g -Wall -Wextra"

TRACE::2026-09-01.14:36:25::SCWBDomain::Running Make libs in ps7_cortexa9_0/libsrc/scutimer_v2_3/src

TRACE::2026-09-01.14:36:25::SCWBDomain::Running Make libs in ps7_cortexa9_0/libsrc/xilffs_v4_4/src

TRACE::2026-09-01.14:36:25::SCWBDomain::make -C ps7_cortexa9_0/libsrc/xilffs_v4_4/src -s libs  "SHELL=/bin/sh" "COMPILER=arm-none-eabi-gcc" "ASSEMBLER=arm-none-eabi-as
TRACE::2026-09-01.14:36:25::SCWBDomain::" "ARCHIVER=arm-none-eabi-ar" "COMPILER_FLAGS=  -O2 -c" "EXTRA_COMPILER_FLAGS=-mcpu=cortex-a9 -mfpu=vfpv3 -mfloat-abi=hard -nos
TRACE::2026-09-01.14:36:25::SCWBDomain::tartfiles -g -Wall -Wextra"

TRACE::2026-09-01.14:36:25::SCWBDomain::make -C ps7_cortexa9_0/libsrc/scutimer_v2_3/src -s libs  "SHELL=/bin/sh" "COMPILER=arm-none-eabi-gcc" "ASSEMBLER=arm-none-eabi-
TRACE::2026-09-01.14:36:25::SCWBDomain::as" "ARCHIVER=arm-none-eabi-ar" "COMPILER_FLAGS=  -O2 -c" "EXTRA_COMPILER_FLAGS=-mcpu=cortex-a9 -mfpu=vfpv3 -mfloat-abi=hard -n
TRACE::2026-09-01.14:36:25::SCWBDomain::ostartfiles -g -Wall -Wextra"

TRACE::2026-09-01.14:36:25::SCWBDomain::Running Make libs in ps7_cortexa9_0/libsrc/gpio_v4_7/src

TRACE::2026-09-01.14:36:25::SCWBDomain::Running Make libs in ps7_cortexa9_0/libsrc/xadcps_v2_5/src

TRACE::2026-09-01.14:36:25::SCWBDomain::make -C ps7_cortexa9_0/libsrc/gpio_v4_7/src -s libs  "SHELL=/bin/sh" "COMPILER=arm-none-eabi-gcc" "ASSEMBLER=arm-none-eabi-as" 
TRACE::2026-09-01.14:36:25::SCWBDomain::"ARCHIVER=arm-none-eabi-ar" "COMPILER_FLAGS=  -O2 -c" "EXTRA_COMPILER_FLAGS=-mcpu=cortex-a9 -mfpu=vfpv3 -mfloat-abi=hard -nosta
TRACE::2026-09-01.14:36:25::SCWBDomain::rtfiles -g -Wall -Wextra"

TRACE::2026-09-01.14:36:25::SCWBDomain::make -C ps7_cortexa9_0/libsrc/xadcps_v2_5/src -s libs  "SHELL=/bin/sh" "COMPILER=arm-none-eabi-gcc" "ASSEMBLER=arm-none-eabi-as
TRACE::2026-09-01.14:36:25::SCWBDomain::" "ARCHIVER=arm-none-eabi-ar" "COMPILER_FLAGS=  -O2 -c" "EXTRA_COMPILER_FLAGS=-mcpu=cortex-a9 -mfpu=vfpv3 -mfloat-abi=hard -nos
TRACE::2026-09-01.14:36:25::SCWBDomain::tartfiles -g -Wall -Wextra"

TRACE::2026-09-01.14:36:25::SCWBDomain::Running Make libs in ps7_cortexa9_0/libsrc/coresightps_dcc_v1_8/src

TRACE::2026-09-01.14:36:25::SCWBDomain::make -C ps7_cortexa9_0/libsrc/coresightps_dcc_v1_8/src -s libs  "SHELL=/bin/sh" "COMPILER=arm-none-eabi-gcc" "ASSEMBLER=arm-non
TRACE::2026-09-01.14:36:25::SCWBDomain::e-eabi-as" "ARCHIVER=arm-none-eabi-ar" "COMPILER_FLAGS=  -O2 -c" "EXTRA_COMPILER_FLAGS=-mcpu=cortex-a9 -mfpu=vfpv3 -mfloat-abi=
TRACE::2026-09-01.14:36:25::SCWBDomain::hard -nostartfiles -g -Wall -Wextra"

TRACE::2026-09-01.14:36:25::SCWBDomain::Running Make libs in ps7_cortexa9_0/libsrc/ddrps_v1_2/src

TRACE::2026-09-01.14:36:25::SCWBDomain::make -C ps7_cortexa9_0/libsrc/ddrps_v1_2/src -s libs  "SHELL=/bin/sh" "COMPILER=arm-none-eabi-gcc" "ASSEMBLER=arm-none-eabi-as"
TRACE::2026-09-01.14:36:25::SCWBDomain:: "ARCHIVER=arm-none-eabi-ar" "COMPILER_FLAGS=  -O2 -c" "EXTRA_COMPILER_FLAGS=-mcpu=cortex-a9 -mfpu=vfpv3 -mfloat-abi=hard -nost
TRACE::2026-09-01.14:36:25::SCWBDomain::artfiles -g -Wall -Wextra"

TRACE::2026-09-01.14:36:25::SCWBDomain::Running Make libs in ps7_cortexa9_0/libsrc/uartps_v3_10/src

TRACE::2026-09-01.14:36:25::SCWBDomain::Running Make libs in ps7_cortexa9_0/libsrc/scugic_v4_3/src

TRACE::2026-09-01.14:36:25::SCWBDomain::make -C ps7_cortexa9_0/libsrc/uartps_v3_10/src -s libs  "SHELL=/bin/sh" "COMPILER=arm-none-eabi-gcc" "ASSEMBLER=arm-none-eabi-a
TRACE::2026-09-01.14:36:25::SCWBDomain::s" "ARCHIVER=arm-none-eabi-ar" "COMPILER_FLAGS=  -O2 -c" "EXTRA_COMPILER_FLAGS=-mcpu=cortex-a9 -mfpu=vfpv3 -mfloat-abi=hard -no
TRACE::2026-09-01.14:36:25::SCWBDomain::startfiles -g -Wall -Wextra"

TRACE::2026-09-01.14:36:25::SCWBDomain::make -C ps7_cortexa9_0/libsrc/scugic_v4_3/src -s libs  "SHELL=/bin/sh" "COMPILER=arm-none-eabi-gcc" "ASSEMBLER=arm-none-eabi-as
TRACE::2026-09-01.14:36:25::SCWBDomain::" "ARCHIVER=arm-none-eabi-ar" "COMPILER_FLAGS=  -O2 -c" "EXTRA_COMPILER_FLAGS=-mcpu=cortex-a9 -mfpu=vfpv3 -mfloat-abi=hard -nos
TRACE::2026-09-01.14:36:25::SCWBDomain::tartfiles -g -Wall -Wextra"

TRACE::2026-09-01.14:36:25::SCWBDomain::Running Make libs in ps7_cortexa9_0/libsrc/dmaps_v2_7/src

TRACE::2026-09-01.14:36:25::SCWBDomain::make -C ps7_cortexa9_0/libsrc/dmaps_v2_7/src -s libs  "SHELL=/bin/sh" "COMPILER=arm-none-eabi-gcc" "ASSEMBLER=arm-none-eabi-as"
TRACE::2026-09-01.14:36:25::SCWBDomain:: "ARCHIVER=arm-none-eabi-ar" "COMPILER_FLAGS=  -O2 -c" "EXTRA_COMPILER_FLAGS=-mcpu=cortex-a9 -mfpu=vfpv3 -mfloat-abi=hard -nost
TRACE::2026-09-01.14:36:25::SCWBDomain::artfiles -g -Wall -Wextra"

TRACE::2026-09-01.14:36:25::SCWBDomain::Running Make libs in ps7_cortexa9_0/libsrc/sdps_v3_10/src

TRACE::2026-09-01.14:36:25::SCWBDomain::make -C ps7_cortexa9_0/libsrc/sdps_v3_10/src -s libs  "SHELL=/bin/sh" "COMPILER=arm-none-eabi-gcc" "ASSEMBLER=arm-none-eabi-as"
TRACE::2026-09-01.14:36:25::SCWBDomain:: "ARCHIVER=arm-none-eabi-ar" "COMPILER_FLAGS=  -O2 -c" "EXTRA_COMPILER_FLAGS=-mcpu=cortex-a9 -mfpu=vfpv3 -mfloat-abi=hard -nost
TRACE::2026-09-01.14:36:25::SCWBDomain::artfiles -g -Wall -Wextra"

TRACE::2026-09-01.14:36:25::SCWBDomain::Finished building libraries parallelly.

TRACE::2026-09-01.14:36:25::SCWBDomain::make --no-print-directory archive

TRACE::2026-09-01.14:36:25::SCWBDomain::arm-none-eabi-ar -r  ps7_cortexa9_0/lib/libxil.a ps7_cortexa9_0/lib/xscuwdt_sinit.o ps7_cortexa9_0/lib/outbyte.o ps7_cortexa9_0
TRACE::2026-09-01.14:36:25::SCWBDomain::/lib/xdevcfg_g.o ps7_cortexa9_0/lib/fcntl.o ps7_cortexa9_0/lib/xuartps_sinit.o ps7_cortexa9_0/lib/xscutimer.o ps7_cortexa9_0/li
TRACE::2026-09-01.14:36:25::SCWBDomain::b/xgpiops_intr.o ps7_cortexa9_0/lib/xadcps.o ps7_cortexa9_0/lib/xuartps_g.o ps7_cortexa9_0/lib/xusbps_endpoint.o ps7_cortexa9_0
TRACE::2026-09-01.14:36:25::SCWBDomain::/lib/xscugic_g.o ps7_cortexa9_0/lib/xil_printf.o ps7_cortexa9_0/lib/xil_sleepcommon.o ps7_cortexa9_0/lib/xdevcfg_intr.o ps7_cor
TRACE::2026-09-01.14:36:25::SCWBDomain::texa9_0/lib/xgpiops_sinit.o ps7_cortexa9_0/lib/xgpio_selftest.o ps7_cortexa9_0/lib/cpu_init.o ps7_cortexa9_0/lib/xscuwdt_g.o ps
TRACE::2026-09-01.14:36:25::SCWBDomain::7_cortexa9_0/lib/xemacps_bdring.o ps7_cortexa9_0/lib/boot.o ps7_cortexa9_0/lib/xgpio_sinit.o ps7_cortexa9_0/lib/xil_clocking.o 
TRACE::2026-09-01.14:36:25::SCWBDomain::ps7_cortexa9_0/lib/xgpiops.o ps7_cortexa9_0/lib/xadcps_g.o ps7_cortexa9_0/lib/translation_table.o ps7_cortexa9_0/lib/xgpio_g.o 
TRACE::2026-09-01.14:36:25::SCWBDomain::ps7_cortexa9_0/lib/xgpiops_selftest.o ps7_cortexa9_0/lib/vectors.o ps7_cortexa9_0/lib/xusbps_sinit.o ps7_cortexa9_0/lib/xscugic
TRACE::2026-09-01.14:36:25::SCWBDomain::_hw.o ps7_cortexa9_0/lib/xsdps.o ps7_cortexa9_0/lib/xgpiops_g.o ps7_cortexa9_0/lib/print.o ps7_cortexa9_0/lib/lseek.o ps7_corte
TRACE::2026-09-01.14:36:25::SCWBDomain::xa9_0/lib/xdmaps_selftest.o ps7_cortexa9_0/lib/xemacps_sinit.o ps7_cortexa9_0/lib/xil_util.o ps7_cortexa9_0/lib/xil_cache.o ps7
TRACE::2026-09-01.14:36:25::SCWBDomain::_cortexa9_0/lib/xemacps_hw.o ps7_cortexa9_0/lib/xscutimer_sinit.o ps7_cortexa9_0/lib/xdmaps_sinit.o ps7_cortexa9_0/lib/xil_misc
TRACE::2026-09-01.14:36:25::SCWBDomain::_psreset_api.o ps7_cortexa9_0/lib/xsdps_options.o ps7_cortexa9_0/lib/xscutimer_g.o ps7_cortexa9_0/lib/xdmaps_g.o ps7_cortexa9_0
TRACE::2026-09-01.14:36:25::SCWBDomain::/lib/close.o ps7_cortexa9_0/lib/xadcps_intr.o ps7_cortexa9_0/lib/xil_sleeptimer.o ps7_cortexa9_0/lib/xdevcfg_hw.o ps7_cortexa9_
TRACE::2026-09-01.14:36:25::SCWBDomain::0/lib/unlink.o ps7_cortexa9_0/lib/sleep.o ps7_cortexa9_0/lib/xil_testio.o ps7_cortexa9_0/lib/xsdps_card.o ps7_cortexa9_0/lib/_s
TRACE::2026-09-01.14:36:25::SCWBDomain::brk.o ps7_cortexa9_0/lib/read.o ps7_cortexa9_0/lib/xil_mmu.o ps7_cortexa9_0/lib/errno.o ps7_cortexa9_0/lib/xplatform_info.o ps7
TRACE::2026-09-01.14:36:25::SCWBDomain::_cortexa9_0/lib/xscugic_sinit.o ps7_cortexa9_0/lib/kill.o ps7_cortexa9_0/lib/usleep.o ps7_cortexa9_0/lib/xadcps_selftest.o ps7_
TRACE::2026-09-01.14:36:25::SCWBDomain::cortexa9_0/lib/xusbps.o ps7_cortexa9_0/lib/xil_testcache.o ps7_cortexa9_0/lib/xdevcfg.o ps7_cortexa9_0/lib/_open.o ps7_cortexa9
TRACE::2026-09-01.14:36:25::SCWBDomain::_0/lib/xil_mem.o ps7_cortexa9_0/lib/cpputest_time.o ps7_cortexa9_0/lib/open.o ps7_cortexa9_0/lib/xil-crt0.o ps7_cortexa9_0/lib/
TRACE::2026-09-01.14:36:25::SCWBDomain::xuartps_hw.o ps7_cortexa9_0/lib/xscugic.o ps7_cortexa9_0/lib/xadcps_sinit.o ps7_cortexa9_0/lib/isatty.o ps7_cortexa9_0/lib/xsdp
TRACE::2026-09-01.14:36:25::SCWBDomain::s_host.o ps7_cortexa9_0/lib/xgpio_extra.o ps7_cortexa9_0/lib/xusbps_intr.o ps7_cortexa9_0/lib/xscuwdt_selftest.o ps7_cortexa9_0
TRACE::2026-09-01.14:36:25::SCWBDomain::/lib/xemacps_intr.o ps7_cortexa9_0/lib/_exit.o ps7_cortexa9_0/lib/putnum.o ps7_cortexa9_0/lib/xemacps_control.o ps7_cortexa9_0/
TRACE::2026-09-01.14:36:25::SCWBDomain::lib/write.o ps7_cortexa9_0/lib/xil_testmem.o ps7_cortexa9_0/lib/xil_exception.o ps7_cortexa9_0/lib/xuartps_selftest.o ps7_corte
TRACE::2026-09-01.14:36:25::SCWBDomain::xa9_0/lib/xuartps_options.o ps7_cortexa9_0/lib/xscutimer_selftest.o ps7_cortexa9_0/lib/xsdps_sinit.o ps7_cortexa9_0/lib/xusbps_
TRACE::2026-09-01.14:36:25::SCWBDomain::g.o ps7_cortexa9_0/lib/xemacps.o ps7_cortexa9_0/lib/xsdps_g.o ps7_cortexa9_0/lib/xgpiops_hw.o ps7_cortexa9_0/lib/sbrk.o ps7_cor
TRACE::2026-09-01.14:36:25::SCWBDomain::texa9_0/lib/getpid.o ps7_cortexa9_0/lib/xgpio.o ps7_cortexa9_0/lib/xusbps_hw.o ps7_cortexa9_0/lib/xemacps_g.o ps7_cortexa9_0/li
TRACE::2026-09-01.14:36:25::SCWBDomain::b/inbyte.o ps7_cortexa9_0/lib/xcoresightpsdcc.o ps7_cortexa9_0/lib/xscuwdt.o ps7_cortexa9_0/lib/xdevcfg_selftest.o ps7_cortexa9
TRACE::2026-09-01.14:36:25::SCWBDomain::_0/lib/xdmaps_hw.o ps7_cortexa9_0/lib/xdevcfg_sinit.o ps7_cortexa9_0/lib/xil_assert.o ps7_cortexa9_0/lib/xuartps.o ps7_cortexa9
TRACE::2026-09-01.14:36:25::SCWBDomain::_0/lib/xuartps_intr.o ps7_cortexa9_0/lib/xscugic_intr.o ps7_cortexa9_0/lib/abort.o ps7_cortexa9_0/lib/xscugic_selftest.o ps7_co
TRACE::2026-09-01.14:36:25::SCWBDomain::rtexa9_0/lib/asm_vectors.o ps7_cortexa9_0/lib/xdmaps.o ps7_cortexa9_0/lib/xl2cc_counter.o ps7_cortexa9_0/lib/xtime_l.o ps7_cort
TRACE::2026-09-01.14:36:25::SCWBDomain::exa9_0/lib/fstat.o ps7_cortexa9_0/lib/xpm_counter.o ps7_cortexa9_0/lib/xgpio_intr.o

TRACE::2026-09-01.14:36:25::SCWBDomain::Finished building libraries

TRACE::2026-09-01.14:36:25::SCWBDomain::make: Leaving directory '/mnt/isaac_sbay0/lbo-ws/Projects/DVR-008-002/Base_Design_Project/Reference_design_project_2020.2/PSCor
TRACE::2026-09-01.14:36:25::SCWBDomain::a/SoCora/zynq_fsbl/zynq_fsbl_bsp'

TRACE::2026-09-01.14:36:25::SCWBDomain::arm-none-eabi-gcc -MMD -MP       -mcpu=cortex-a9 -mfpu=vfpv3 -mfloat-abi=hard   -O2 -c -c pcap.c -o pcap.o -Izynq_fsbl_bsp/ps7_
TRACE::2026-09-01.14:36:25::SCWBDomain::cortexa9_0/include -I.

TRACE::2026-09-01.14:36:25::SCWBDomain::arm-none-eabi-gcc -MMD -MP       -mcpu=cortex-a9 -mfpu=vfpv3 -mfloat-abi=hard   -O2 -c -c nand.c -o nand.o -Izynq_fsbl_bsp/ps7_
TRACE::2026-09-01.14:36:25::SCWBDomain::cortexa9_0/include -I.

TRACE::2026-09-01.14:36:25::SCWBDomain::arm-none-eabi-gcc -MMD -MP       -mcpu=cortex-a9 -mfpu=vfpv3 -mfloat-abi=hard   -O2 -c -c qspi.c -o qspi.o -Izynq_fsbl_bsp/ps7_
TRACE::2026-09-01.14:36:25::SCWBDomain::cortexa9_0/include -I.

TRACE::2026-09-01.14:36:25::SCWBDomain::arm-none-eabi-gcc -MMD -MP       -mcpu=cortex-a9 -mfpu=vfpv3 -mfloat-abi=hard   -O2 -c -c rsa.c -o rsa.o -Izynq_fsbl_bsp/ps7_co
TRACE::2026-09-01.14:36:25::SCWBDomain::rtexa9_0/include -I.

TRACE::2026-09-01.14:36:25::SCWBDomain::arm-none-eabi-gcc -MMD -MP       -mcpu=cortex-a9 -mfpu=vfpv3 -mfloat-abi=hard   -O2 -c -c main.c -o main.o -Izynq_fsbl_bsp/ps7_
TRACE::2026-09-01.14:36:25::SCWBDomain::cortexa9_0/include -I.

TRACE::2026-09-01.14:36:25::SCWBDomain::arm-none-eabi-gcc -MMD -MP       -mcpu=cortex-a9 -mfpu=vfpv3 -mfloat-abi=hard   -O2 -c -c fsbl_hooks.c -o fsbl_hooks.o -Izynq_f
TRACE::2026-09-01.14:36:25::SCWBDomain::sbl_bsp/ps7_cortexa9_0/include -I.

TRACE::2026-09-01.14:36:25::SCWBDomain::arm-none-eabi-gcc -MMD -MP       -mcpu=cortex-a9 -mfpu=vfpv3 -mfloat-abi=hard   -O2 -c -c md5.c -o md5.o -Izynq_fsbl_bsp/ps7_co
TRACE::2026-09-01.14:36:25::SCWBDomain::rtexa9_0/include -I.

TRACE::2026-09-01.14:36:26::SCWBDomain::arm-none-eabi-gcc -MMD -MP       -mcpu=cortex-a9 -mfpu=vfpv3 -mfloat-abi=hard   -O2 -c -c image_mover.c -o image_mover.o -Izynq
TRACE::2026-09-01.14:36:26::SCWBDomain::_fsbl_bsp/ps7_cortexa9_0/include -I.

TRACE::2026-09-01.14:36:26::SCWBDomain::arm-none-eabi-gcc -MMD -MP       -mcpu=cortex-a9 -mfpu=vfpv3 -mfloat-abi=hard   -O2 -c -c ps7_init.c -o ps7_init.o -Izynq_fsbl_
TRACE::2026-09-01.14:36:26::SCWBDomain::bsp/ps7_cortexa9_0/include -I.

TRACE::2026-09-01.14:36:26::SCWBDomain::arm-none-eabi-gcc -MMD -MP       -mcpu=cortex-a9 -mfpu=vfpv3 -mfloat-abi=hard   -O2 -c -c nor.c -o nor.o -Izynq_fsbl_bsp/ps7_co
TRACE::2026-09-01.14:36:26::SCWBDomain::rtexa9_0/include -I.

TRACE::2026-09-01.14:36:26::SCWBDomain::arm-none-eabi-gcc -MMD -MP       -mcpu=cortex-a9 -mfpu=vfpv3 -mfloat-abi=hard   -O2 -c -c sd.c -o sd.o -Izynq_fsbl_bsp/ps7_cort
TRACE::2026-09-01.14:36:26::SCWBDomain::exa9_0/include -I.

TRACE::2026-09-01.14:36:26::SCWBDomain::arm-none-eabi-gcc -MMD -MP       -mcpu=cortex-a9 -mfpu=vfpv3 -mfloat-abi=hard   -O2 -c -c fsbl_handoff.S -o fsbl_handoff.o -Izy
TRACE::2026-09-01.14:36:26::SCWBDomain::nq_fsbl_bsp/ps7_cortexa9_0/include -I.

TRACE::2026-09-01.14:36:26::SCWBDomain::arm-none-eabi-gcc -o fsbl.elf  pcap.o  nand.o  qspi.o  rsa.o  main.o  fsbl_hooks.o  md5.o  image_mover.o  ps7_init.o  nor.o  sd
TRACE::2026-09-01.14:36:26::SCWBDomain::.o  fsbl_handoff.o  -MMD -MP       -mcpu=cortex-a9 -mfpu=vfpv3 -mfloat-abi=hard   -mcpu=cortex-a9 -mfpu=vfpv3 -mfloat-abi=hard 
TRACE::2026-09-01.14:36:26::SCWBDomain::-Wl,-build-id=none -specs=Xilinx.spec  -lrsa -Wl,--start-group,-lxil,-lgcc,-lc,--end-group -Wl,--start-group,-lxilffs,-lxil,-lg
TRACE::2026-09-01.14:36:26::SCWBDomain::cc,-lc,--end-group -Wl,--start-group,-lrsa,-lxil,-lgcc,-lc,--end-group                                   -Wl,--gc-sections -Lzy
TRACE::2026-09-01.14:36:26::SCWBDomain::nq_fsbl_bsp/ps7_cortexa9_0/lib -L./ -Tlscript.ld

LOG::2026-09-01.14:36:26::SCWSystem::Checking the domain standalone_domain
LOG::2026-09-01.14:36:26::SCWSystem::Not a boot domain 
LOG::2026-09-01.14:36:26::SCWSystem::Started Processing the domain standalone_domain
TRACE::2026-09-01.14:36:26::SCWDomain::Generating domain artifcats
TRACE::2026-09-01.14:36:26::SCWMssOS::Generating standalone artifcats
TRACE::2026-09-01.14:36:26::SCWMssOS::Copying the qemu file from  /tools/xilinx/Vitis/2020.2/data/emulation/platforms/zynq/sw/a9_standalone/qemu/qemu_args.txt To /mnt/isaac_sbay0/lbo-ws/Projects/DVR-008-002/Base_Design_Project/Reference_design_project_2020.2/PSCora/SoCora/export/SoCora/sw/SoCora/qemu/
TRACE::2026-09-01.14:36:26::SCWMssOS::Copying the qemu file from  /tools/xilinx/Vitis/2020.2/data/emulation/platforms/zynq/sw/a9_standalone/qemu/qemu_args.txt To /mnt/isaac_sbay0/lbo-ws/Projects/DVR-008-002/Base_Design_Project/Reference_design_project_2020.2/PSCora/SoCora/export/SoCora/sw/SoCora/standalone_domain/qemu/
TRACE::2026-09-01.14:36:26::SCWMssOS:: Copying the user libraries. 
TRACE::2026-09-01.14:36:26::SCWPlatform::Trying to open the hw design at /mnt/isaac_sbay0/lbo-ws/Projects/DVR-008-002/Base_Design_Project/Reference_design_project_2020.2/PSCora/SoCora/hw/design_1_wrapper.xsa
TRACE::2026-09-01.14:36:26::SCWPlatform::DSA given /mnt/isaac_sbay0/lbo-ws/Projects/DVR-008-002/Base_Design_Project/Reference_design_project_2020.2/PSCora/SoCora/hw/design_1_wrapper.xsa
TRACE::2026-09-01.14:36:26::SCWPlatform::DSA absoulate path /mnt/isaac_sbay0/lbo-ws/Projects/DVR-008-002/Base_Design_Project/Reference_design_project_2020.2/PSCora/SoCora/hw/design_1_wrapper.xsa
TRACE::2026-09-01.14:36:26::SCWPlatform::DSA directory /mnt/isaac_sbay0/lbo-ws/Projects/DVR-008-002/Base_Design_Project/Reference_design_project_2020.2/PSCora/SoCora/hw
TRACE::2026-09-01.14:36:26::SCWPlatform:: Platform Path /mnt/isaac_sbay0/lbo-ws/Projects/DVR-008-002/Base_Design_Project/Reference_design_project_2020.2/PSCora/SoCora/hw/design_1_wrapper.xsa
TRACE::2026-09-01.14:36:26::SCWPlatform:: Unique name xilinx:::0.0
TRACE::2026-09-01.14:36:26::SCWPlatform::Trying to set the existing hwdb with name design_1_wrapper
TRACE::2026-09-01.14:36:26::SCWPlatform::Opened existing hwdb design_1_wrapper
TRACE::2026-09-01.14:36:26::SCWPlatform::Found the Hw Db part of the input DSA
TRACE::2026-09-01.14:36:26::SCWMssOS::Checking the sw design at  /mnt/isaac_sbay0/lbo-ws/Projects/DVR-008-002/Base_Design_Project/Reference_design_project_2020.2/PSCora/SoCora/ps7_cortexa9_0/standalone_domain/bsp/system.mss
TRACE::2026-09-01.14:36:26::SCWMssOS::DEBUG:  swdes dump  /mnt/isaac_sbay0/lbo-ws/Projects/DVR-008-002/Base_Design_Project/Reference_design_project_2020.2/PSCora/SoCora/ps7_cortexa9_0/standalone_domain/bsp/system.mss|system_0||
/mnt/isaac_sbay0/lbo-ws/Projects/DVR-008-002/Base_Design_Project/Reference_design_project_2020.2/PSCora/SoCora/zynq_fsbl/zynq_fsbl_bsp/system.mss|system||

TRACE::2026-09-01.14:36:26::SCWMssOS::Sw design exists and opened at  /mnt/isaac_sbay0/lbo-ws/Projects/DVR-008-002/Base_Design_Project/Reference_design_project_2020.2/PSCora/SoCora/ps7_cortexa9_0/standalone_domain/bsp/system.mss
TRACE::2026-09-01.14:36:26::SCWMssOS::Completed writing the mss file at /mnt/isaac_sbay0/lbo-ws/Projects/DVR-008-002/Base_Design_Project/Reference_design_project_2020.2/PSCora/SoCora/ps7_cortexa9_0/standalone_domain/bsp
TRACE::2026-09-01.14:36:26::SCWMssOS::Mss edits present, copying mssfile into export location /mnt/isaac_sbay0/lbo-ws/Projects/DVR-008-002/Base_Design_Project/Reference_design_project_2020.2/PSCora/SoCora/ps7_cortexa9_0/standalone_domain/bsp/system.mss
TRACE::2026-09-01.14:36:26::SCWMssOS::bsp generated is upto date with the mss file. Skipping bsp generation.
TRACE::2026-09-01.14:36:26::SCWMssOS::BSP is already built. skipping the bsp build ... 
TRACE::2026-09-01.14:36:26::SCWDomain::Building the domain as part of full build :  standalone_domain
TRACE::2026-09-01.14:36:26::SCWMssOS::doing bsp build ... 
TRACE::2026-09-01.14:36:26::SCWMssOS::System Command Ran  cd  /mnt/isaac_sbay0/lbo-ws/Projects/DVR-008-002/Base_Design_Project/Reference_design_project_2020.2/PSCora/SoCora/ps7_cortexa9_0/standalone_domain/bsp ; bash -c "make  " 
TRACE::2026-09-01.14:36:26::SCWMssOS::make --no-print-directory seq_libs

TRACE::2026-09-01.14:36:26::SCWMssOS::Finished building libraries sequentially.

TRACE::2026-09-01.14:36:26::SCWMssOS::make -j --no-print-directory par_libs

TRACE::2026-09-01.14:36:26::SCWMssOS::Running Make include in ps7_cortexa9_0/libsrc/gpiops_v3_8/src

TRACE::2026-09-01.14:36:26::SCWMssOS::make -C ps7_cortexa9_0/libsrc/gpiops_v3_8/src -s include  "SHELL=/bin/sh" "COMPILER=arm-none-eabi-gcc" "ASSEMBLER=arm-none-eabi
TRACE::2026-09-01.14:36:26::SCWMssOS::-as" "ARCHIVER=arm-none-eabi-ar" "COMPILER_FLAGS=  -O2 -c" "EXTRA_COMPILER_FLAGS=-mcpu=cortex-a9 -mfpu=vfpv3 -mfloat-abi=hard -
TRACE::2026-09-01.14:36:26::SCWMssOS::nostartfiles -g -Wall -Wextra"

TRACE::2026-09-01.14:36:26::SCWMssOS::Running Make include in ps7_cortexa9_0/libsrc/standalone_v7_3/src

TRACE::2026-09-01.14:36:26::SCWMssOS::Running Make include in ps7_cortexa9_0/libsrc/emacps_v3_12/src

TRACE::2026-09-01.14:36:26::SCWMssOS::make -C ps7_cortexa9_0/libsrc/standalone_v7_3/src -s include  "SHELL=/bin/sh" "COMPILER=arm-none-eabi-gcc" "ASSEMBLER=arm-none-
TRACE::2026-09-01.14:36:26::SCWMssOS::eabi-as" "ARCHIVER=arm-none-eabi-ar" "COMPILER_FLAGS=  -O2 -c" "EXTRA_COMPILER_FLAGS=-mcpu=cortex-a9 -mfpu=vfpv3 -mfloat-abi=ha
TRACE::2026-09-01.14:36:26::SCWMssOS::rd -nostartfiles -g -Wall -Wextra"

TRACE::2026-09-01.14:36:26::SCWMssOS::Running Make include in ps7_cortexa9_0/libsrc/cpu_cortexa9_v2_10/src

TRACE::2026-09-01.14:36:26::SCWMssOS::make -C ps7_cortexa9_0/libsrc/emacps_v3_12/src -s include  "SHELL=/bin/sh" "COMPILER=arm-none-eabi-gcc" "ASSEMBLER=arm-none-eab
TRACE::2026-09-01.14:36:26::SCWMssOS::i-as" "ARCHIVER=arm-none-eabi-ar" "COMPILER_FLAGS=  -O2 -c" "EXTRA_COMPILER_FLAGS=-mcpu=cortex-a9 -mfpu=vfpv3 -mfloat-abi=hard 
TRACE::2026-09-01.14:36:26::SCWMssOS::-nostartfiles -g -Wall -Wextra"

TRACE::2026-09-01.14:36:26::SCWMssOS::make -C ps7_cortexa9_0/libsrc/cpu_cortexa9_v2_10/src -s include  "SHELL=/bin/sh" "COMPILER=arm-none-eabi-gcc" "ASSEMBLER=arm-no
TRACE::2026-09-01.14:36:26::SCWMssOS::ne-eabi-as" "ARCHIVER=arm-none-eabi-ar" "COMPILER_FLAGS=  -O2 -c" "EXTRA_COMPILER_FLAGS=-mcpu=cortex-a9 -mfpu=vfpv3 -mfloat-abi
TRACE::2026-09-01.14:36:26::SCWMssOS::=hard -nostartfiles -g -Wall -Wextra"

TRACE::2026-09-01.14:36:26::SCWMssOS::Running Make include in ps7_cortexa9_0/libsrc/usbps_v2_6/src

TRACE::2026-09-01.14:36:26::SCWMssOS::Running Make include in ps7_cortexa9_0/libsrc/devcfg_v3_7/src

TRACE::2026-09-01.14:36:26::SCWMssOS::make -C ps7_cortexa9_0/libsrc/usbps_v2_6/src -s include  "SHELL=/bin/sh" "COMPILER=arm-none-eabi-gcc" "ASSEMBLER=arm-none-eabi-
TRACE::2026-09-01.14:36:26::SCWMssOS::as" "ARCHIVER=arm-none-eabi-ar" "COMPILER_FLAGS=  -O2 -c" "EXTRA_COMPILER_FLAGS=-mcpu=cortex-a9 -mfpu=vfpv3 -mfloat-abi=hard -n
TRACE::2026-09-01.14:36:26::SCWMssOS::ostartfiles -g -Wall -Wextra"

TRACE::2026-09-01.14:36:26::SCWMssOS::make -C ps7_cortexa9_0/libsrc/devcfg_v3_7/src -s include  "SHELL=/bin/sh" "COMPILER=arm-none-eabi-gcc" "ASSEMBLER=arm-none-eabi
TRACE::2026-09-01.14:36:26::SCWMssOS::-as" "ARCHIVER=arm-none-eabi-ar" "COMPILER_FLAGS=  -O2 -c" "EXTRA_COMPILER_FLAGS=-mcpu=cortex-a9 -mfpu=vfpv3 -mfloat-abi=hard -
TRACE::2026-09-01.14:36:26::SCWMssOS::nostartfiles -g -Wall -Wextra"

TRACE::2026-09-01.14:36:26::SCWMssOS::Running Make include in ps7_cortexa9_0/libsrc/scutimer_v2_3/src

TRACE::2026-09-01.14:36:26::SCWMssOS::make -C ps7_cortexa9_0/libsrc/scutimer_v2_3/src -s include  "SHELL=/bin/sh" "COMPILER=arm-none-eabi-gcc" "ASSEMBLER=arm-none-ea
TRACE::2026-09-01.14:36:26::SCWMssOS::bi-as" "ARCHIVER=arm-none-eabi-ar" "COMPILER_FLAGS=  -O2 -c" "EXTRA_COMPILER_FLAGS=-mcpu=cortex-a9 -mfpu=vfpv3 -mfloat-abi=hard
TRACE::2026-09-01.14:36:26::SCWMssOS:: -nostartfiles -g -Wall -Wextra"

TRACE::2026-09-01.14:36:26::SCWMssOS::Running Make include in ps7_cortexa9_0/libsrc/scuwdt_v2_3/src

TRACE::2026-09-01.14:36:26::SCWMssOS::make -C ps7_cortexa9_0/libsrc/scuwdt_v2_3/src -s include  "SHELL=/bin/sh" "COMPILER=arm-none-eabi-gcc" "ASSEMBLER=arm-none-eabi
TRACE::2026-09-01.14:36:26::SCWMssOS::-as" "ARCHIVER=arm-none-eabi-ar" "COMPILER_FLAGS=  -O2 -c" "EXTRA_COMPILER_FLAGS=-mcpu=cortex-a9 -mfpu=vfpv3 -mfloat-abi=hard -
TRACE::2026-09-01.14:36:26::SCWMssOS::nostartfiles -g -Wall -Wextra"

TRACE::2026-09-01.14:36:26::SCWMssOS::Running Make include in ps7_cortexa9_0/libsrc/gpio_v4_7/src

TRACE::2026-09-01.14:36:26::SCWMssOS::make -C ps7_cortexa9_0/libsrc/gpio_v4_7/src -s include  "SHELL=/bin/sh" "COMPILER=arm-none-eabi-gcc" "ASSEMBLER=arm-none-eabi-a
TRACE::2026-09-01.14:36:26::SCWMssOS::s" "ARCHIVER=arm-none-eabi-ar" "COMPILER_FLAGS=  -O2 -c" "EXTRA_COMPILER_FLAGS=-mcpu=cortex-a9 -mfpu=vfpv3 -mfloat-abi=hard -no
TRACE::2026-09-01.14:36:26::SCWMssOS::startfiles -g -Wall -Wextra"

TRACE::2026-09-01.14:36:26::SCWMssOS::Running Make include in ps7_cortexa9_0/libsrc/coresightps_dcc_v1_8/src

TRACE::2026-09-01.14:36:26::SCWMssOS::Running Make include in ps7_cortexa9_0/libsrc/xadcps_v2_5/src

TRACE::2026-09-01.14:36:26::SCWMssOS::make -C ps7_cortexa9_0/libsrc/xadcps_v2_5/src -s include  "SHELL=/bin/sh" "COMPILER=arm-none-eabi-gcc" "ASSEMBLER=arm-none-eabi
TRACE::2026-09-01.14:36:26::SCWMssOS::-as" "ARCHIVER=arm-none-eabi-ar" "COMPILER_FLAGS=  -O2 -c" "EXTRA_COMPILER_FLAGS=-mcpu=cortex-a9 -mfpu=vfpv3 -mfloat-abi=hard -
TRACE::2026-09-01.14:36:26::SCWMssOS::nostartfiles -g -Wall -Wextra"

TRACE::2026-09-01.14:36:26::SCWMssOS::make -C ps7_cortexa9_0/libsrc/coresightps_dcc_v1_8/src -s include  "SHELL=/bin/sh" "COMPILER=arm-none-eabi-gcc" "ASSEMBLER=arm-
TRACE::2026-09-01.14:36:26::SCWMssOS::none-eabi-as" "ARCHIVER=arm-none-eabi-ar" "COMPILER_FLAGS=  -O2 -c" "EXTRA_COMPILER_FLAGS=-mcpu=cortex-a9 -mfpu=vfpv3 -mfloat-a
TRACE::2026-09-01.14:36:26::SCWMssOS::bi=hard -nostartfiles -g -Wall -Wextra"

TRACE::2026-09-01.14:36:26::SCWMssOS::Running Make include in ps7_cortexa9_0/libsrc/sdps_v3_10/src

TRACE::2026-09-01.14:36:26::SCWMssOS::make -C ps7_cortexa9_0/libsrc/sdps_v3_10/src -s include  "SHELL=/bin/sh" "COMPILER=arm-none-eabi-gcc" "ASSEMBLER=arm-none-eabi-
TRACE::2026-09-01.14:36:26::SCWMssOS::as" "ARCHIVER=arm-none-eabi-ar" "COMPILER_FLAGS=  -O2 -c" "EXTRA_COMPILER_FLAGS=-mcpu=cortex-a9 -mfpu=vfpv3 -mfloat-abi=hard -n
TRACE::2026-09-01.14:36:26::SCWMssOS::ostartfiles -g -Wall -Wextra"

TRACE::2026-09-01.14:36:26::SCWMssOS::Running Make include in ps7_cortexa9_0/libsrc/ddrps_v1_2/src

TRACE::2026-09-01.14:36:26::SCWMssOS::Running Make include in ps7_cortexa9_0/libsrc/uartps_v3_10/src

TRACE::2026-09-01.14:36:26::SCWMssOS::make -C ps7_cortexa9_0/libsrc/ddrps_v1_2/src -s include  "SHELL=/bin/sh" "COMPILER=arm-none-eabi-gcc" "ASSEMBLER=arm-none-eabi-
TRACE::2026-09-01.14:36:26::SCWMssOS::as" "ARCHIVER=arm-none-eabi-ar" "COMPILER_FLAGS=  -O2 -c" "EXTRA_COMPILER_FLAGS=-mcpu=cortex-a9 -mfpu=vfpv3 -mfloat-abi=hard -n
TRACE::2026-09-01.14:36:26::SCWMssOS::ostartfiles -g -Wall -Wextra"

TRACE::2026-09-01.14:36:26::SCWMssOS::make -C ps7_cortexa9_0/libsrc/uartps_v3_10/src -s include  "SHELL=/bin/sh" "COMPILER=arm-none-eabi-gcc" "ASSEMBLER=arm-none-eab
TRACE::2026-09-01.14:36:26::SCWMssOS::i-as" "ARCHIVER=arm-none-eabi-ar" "COMPILER_FLAGS=  -O2 -c" "EXTRA_COMPILER_FLAGS=-mcpu=cortex-a9 -mfpu=vfpv3 -mfloat-abi=hard 
TRACE::2026-09-01.14:36:26::SCWMssOS::-nostartfiles -g -Wall -Wextra"

TRACE::2026-09-01.14:36:26::SCWMssOS::Running Make include in ps7_cortexa9_0/libsrc/scugic_v4_3/src

TRACE::2026-09-01.14:36:26::SCWMssOS::Running Make include in ps7_cortexa9_0/libsrc/dmaps_v2_7/src

TRACE::2026-09-01.14:36:26::SCWMssOS::make -C ps7_cortexa9_0/libsrc/scugic_v4_3/src -s include  "SHELL=/bin/sh" "COMPILER=arm-none-eabi-gcc" "ASSEMBLER=arm-none-eabi
TRACE::2026-09-01.14:36:26::SCWMssOS::-as" "ARCHIVER=arm-none-eabi-ar" "COMPILER_FLAGS=  -O2 -c" "EXTRA_COMPILER_FLAGS=-mcpu=cortex-a9 -mfpu=vfpv3 -mfloat-abi=hard -
TRACE::2026-09-01.14:36:26::SCWMssOS::nostartfiles -g -Wall -Wextra"

TRACE::2026-09-01.14:36:26::SCWMssOS::make -C ps7_cortexa9_0/libsrc/dmaps_v2_7/src -s include  "SHELL=/bin/sh" "COMPILER=arm-none-eabi-gcc" "ASSEMBLER=arm-none-eabi-
TRACE::2026-09-01.14:36:26::SCWMssOS::as" "ARCHIVER=arm-none-eabi-ar" "COMPILER_FLAGS=  -O2 -c" "EXTRA_COMPILER_FLAGS=-mcpu=cortex-a9 -mfpu=vfpv3 -mfloat-abi=hard -n
TRACE::2026-09-01.14:36:26::SCWMssOS::ostartfiles -g -Wall -Wextra"

TRACE::2026-09-01.14:36:26::SCWMssOS::Running Make libs in ps7_cortexa9_0/libsrc/gpiops_v3_8/src

TRACE::2026-09-01.14:36:26::SCWMssOS::make -C ps7_cortexa9_0/libsrc/gpiops_v3_8/src -s libs  "SHELL=/bin/sh" "COMPILER=arm-none-eabi-gcc" "ASSEMBLER=arm-none-eabi-as
TRACE::2026-09-01.14:36:26::SCWMssOS::" "ARCHIVER=arm-none-eabi-ar" "COMPILER_FLAGS=  -O2 -c" "EXTRA_COMPILER_FLAGS=-mcpu=cortex-a9 -mfpu=vfpv3 -mfloat-abi=hard -nos
TRACE::2026-09-01.14:36:26::SCWMssOS::tartfiles -g -Wall -Wextra"

TRACE::2026-09-01.14:36:26::SCWMssOS::Running Make libs in ps7_cortexa9_0/libsrc/standalone_v7_3/src

TRACE::2026-09-01.14:36:26::SCWMssOS::Running Make libs in ps7_cortexa9_0/libsrc/emacps_v3_12/src

TRACE::2026-09-01.14:36:26::SCWMssOS::make -C ps7_cortexa9_0/libsrc/standalone_v7_3/src -s libs  "SHELL=/bin/sh" "COMPILER=arm-none-eabi-gcc" "ASSEMBLER=arm-none-eab
TRACE::2026-09-01.14:36:26::SCWMssOS::i-as" "ARCHIVER=arm-none-eabi-ar" "COMPILER_FLAGS=  -O2 -c" "EXTRA_COMPILER_FLAGS=-mcpu=cortex-a9 -mfpu=vfpv3 -mfloat-abi=hard 
TRACE::2026-09-01.14:36:26::SCWMssOS::-nostartfiles -g -Wall -Wextra"

TRACE::2026-09-01.14:36:26::SCWMssOS::make -C ps7_cortexa9_0/libsrc/emacps_v3_12/src -s libs  "SHELL=/bin/sh" "COMPILER=arm-none-eabi-gcc" "ASSEMBLER=arm-none-eabi-a
TRACE::2026-09-01.14:36:26::SCWMssOS::s" "ARCHIVER=arm-none-eabi-ar" "COMPILER_FLAGS=  -O2 -c" "EXTRA_COMPILER_FLAGS=-mcpu=cortex-a9 -mfpu=vfpv3 -mfloat-abi=hard -no
TRACE::2026-09-01.14:36:26::SCWMssOS::startfiles -g -Wall -Wextra"

TRACE::2026-09-01.14:36:26::SCWMssOS::Running Make libs in ps7_cortexa9_0/libsrc/usbps_v2_6/src

TRACE::2026-09-01.14:36:26::SCWMssOS::make -C ps7_cortexa9_0/libsrc/usbps_v2_6/src -s libs  "SHELL=/bin/sh" "COMPILER=arm-none-eabi-gcc" "ASSEMBLER=arm-none-eabi-as"
TRACE::2026-09-01.14:36:26::SCWMssOS:: "ARCHIVER=arm-none-eabi-ar" "COMPILER_FLAGS=  -O2 -c" "EXTRA_COMPILER_FLAGS=-mcpu=cortex-a9 -mfpu=vfpv3 -mfloat-abi=hard -nost
TRACE::2026-09-01.14:36:26::SCWMssOS::artfiles -g -Wall -Wextra"

TRACE::2026-09-01.14:36:26::SCWMssOS::Running Make libs in ps7_cortexa9_0/libsrc/cpu_cortexa9_v2_10/src

TRACE::2026-09-01.14:36:26::SCWMssOS::make -C ps7_cortexa9_0/libsrc/cpu_cortexa9_v2_10/src -s libs  "SHELL=/bin/sh" "COMPILER=arm-none-eabi-gcc" "ASSEMBLER=arm-none-
TRACE::2026-09-01.14:36:26::SCWMssOS::eabi-as" "ARCHIVER=arm-none-eabi-ar" "COMPILER_FLAGS=  -O2 -c" "EXTRA_COMPILER_FLAGS=-mcpu=cortex-a9 -mfpu=vfpv3 -mfloat-abi=ha
TRACE::2026-09-01.14:36:26::SCWMssOS::rd -nostartfiles -g -Wall -Wextra"

TRACE::2026-09-01.14:36:26::SCWMssOS::Running Make libs in ps7_cortexa9_0/libsrc/devcfg_v3_7/src

TRACE::2026-09-01.14:36:26::SCWMssOS::Running Make libs in ps7_cortexa9_0/libsrc/scuwdt_v2_3/src

TRACE::2026-09-01.14:36:26::SCWMssOS::make -C ps7_cortexa9_0/libsrc/devcfg_v3_7/src -s libs  "SHELL=/bin/sh" "COMPILER=arm-none-eabi-gcc" "ASSEMBLER=arm-none-eabi-as
TRACE::2026-09-01.14:36:26::SCWMssOS::" "ARCHIVER=arm-none-eabi-ar" "COMPILER_FLAGS=  -O2 -c" "EXTRA_COMPILER_FLAGS=-mcpu=cortex-a9 -mfpu=vfpv3 -mfloat-abi=hard -nos
TRACE::2026-09-01.14:36:26::SCWMssOS::tartfiles -g -Wall -Wextra"

TRACE::2026-09-01.14:36:26::SCWMssOS::make -C ps7_cortexa9_0/libsrc/scuwdt_v2_3/src -s libs  "SHELL=/bin/sh" "COMPILER=arm-none-eabi-gcc" "ASSEMBLER=arm-none-eabi-as
TRACE::2026-09-01.14:36:26::SCWMssOS::" "ARCHIVER=arm-none-eabi-ar" "COMPILER_FLAGS=  -O2 -c" "EXTRA_COMPILER_FLAGS=-mcpu=cortex-a9 -mfpu=vfpv3 -mfloat-abi=hard -nos
TRACE::2026-09-01.14:36:26::SCWMssOS::tartfiles -g -Wall -Wextra"

TRACE::2026-09-01.14:36:26::SCWMssOS::Running Make libs in ps7_cortexa9_0/libsrc/scutimer_v2_3/src

TRACE::2026-09-01.14:36:26::SCWMssOS::Running Make libs in ps7_cortexa9_0/libsrc/gpio_v4_7/src

TRACE::2026-09-01.14:36:26::SCWMssOS::make -C ps7_cortexa9_0/libsrc/scutimer_v2_3/src -s libs  "SHELL=/bin/sh" "COMPILER=arm-none-eabi-gcc" "ASSEMBLER=arm-none-eabi-
TRACE::2026-09-01.14:36:26::SCWMssOS::as" "ARCHIVER=arm-none-eabi-ar" "COMPILER_FLAGS=  -O2 -c" "EXTRA_COMPILER_FLAGS=-mcpu=cortex-a9 -mfpu=vfpv3 -mfloat-abi=hard -n
TRACE::2026-09-01.14:36:26::SCWMssOS::ostartfiles -g -Wall -Wextra"

TRACE::2026-09-01.14:36:26::SCWMssOS::make -C ps7_cortexa9_0/libsrc/gpio_v4_7/src -s libs  "SHELL=/bin/sh" "COMPILER=arm-none-eabi-gcc" "ASSEMBLER=arm-none-eabi-as" 
TRACE::2026-09-01.14:36:26::SCWMssOS::"ARCHIVER=arm-none-eabi-ar" "COMPILER_FLAGS=  -O2 -c" "EXTRA_COMPILER_FLAGS=-mcpu=cortex-a9 -mfpu=vfpv3 -mfloat-abi=hard -nosta
TRACE::2026-09-01.14:36:26::SCWMssOS::rtfiles -g -Wall -Wextra"

TRACE::2026-09-01.14:36:26::SCWMssOS::Running Make libs in ps7_cortexa9_0/libsrc/coresightps_dcc_v1_8/src

TRACE::2026-09-01.14:36:26::SCWMssOS::Running Make libs in ps7_cortexa9_0/libsrc/xadcps_v2_5/src

TRACE::2026-09-01.14:36:26::SCWMssOS::make -C ps7_cortexa9_0/libsrc/coresightps_dcc_v1_8/src -s libs  "SHELL=/bin/sh" "COMPILER=arm-none-eabi-gcc" "ASSEMBLER=arm-non
TRACE::2026-09-01.14:36:26::SCWMssOS::e-eabi-as" "ARCHIVER=arm-none-eabi-ar" "COMPILER_FLAGS=  -O2 -c" "EXTRA_COMPILER_FLAGS=-mcpu=cortex-a9 -mfpu=vfpv3 -mfloat-abi=
TRACE::2026-09-01.14:36:26::SCWMssOS::hard -nostartfiles -g -Wall -Wextra"

TRACE::2026-09-01.14:36:26::SCWMssOS::make -C ps7_cortexa9_0/libsrc/xadcps_v2_5/src -s libs  "SHELL=/bin/sh" "COMPILER=arm-none-eabi-gcc" "ASSEMBLER=arm-none-eabi-as
TRACE::2026-09-01.14:36:26::SCWMssOS::" "ARCHIVER=arm-none-eabi-ar" "COMPILER_FLAGS=  -O2 -c" "EXTRA_COMPILER_FLAGS=-mcpu=cortex-a9 -mfpu=vfpv3 -mfloat-abi=hard -nos
TRACE::2026-09-01.14:36:26::SCWMssOS::tartfiles -g -Wall -Wextra"

TRACE::2026-09-01.14:36:26::SCWMssOS::Running Make libs in ps7_cortexa9_0/libsrc/sdps_v3_10/src

TRACE::2026-09-01.14:36:26::SCWMssOS::Running Make libs in ps7_cortexa9_0/libsrc/ddrps_v1_2/src

TRACE::2026-09-01.14:36:26::SCWMssOS::make -C ps7_cortexa9_0/libsrc/sdps_v3_10/src -s libs  "SHELL=/bin/sh" "COMPILER=arm-none-eabi-gcc" "ASSEMBLER=arm-none-eabi-as"
TRACE::2026-09-01.14:36:26::SCWMssOS:: "ARCHIVER=arm-none-eabi-ar" "COMPILER_FLAGS=  -O2 -c" "EXTRA_COMPILER_FLAGS=-mcpu=cortex-a9 -mfpu=vfpv3 -mfloat-abi=hard -nost
TRACE::2026-09-01.14:36:26::SCWMssOS::artfiles -g -Wall -Wextra"

TRACE::2026-09-01.14:36:26::SCWMssOS::make -C ps7_cortexa9_0/libsrc/ddrps_v1_2/src -s libs  "SHELL=/bin/sh" "COMPILER=arm-none-eabi-gcc" "ASSEMBLER=arm-none-eabi-as"
TRACE::2026-09-01.14:36:26::SCWMssOS:: "ARCHIVER=arm-none-eabi-ar" "COMPILER_FLAGS=  -O2 -c" "EXTRA_COMPILER_FLAGS=-mcpu=cortex-a9 -mfpu=vfpv3 -mfloat-abi=hard -nost
TRACE::2026-09-01.14:36:26::SCWMssOS::artfiles -g -Wall -Wextra"

TRACE::2026-09-01.14:36:26::SCWMssOS::Running Make libs in ps7_cortexa9_0/libsrc/scugic_v4_3/src

TRACE::2026-09-01.14:36:26::SCWMssOS::make -C ps7_cortexa9_0/libsrc/scugic_v4_3/src -s libs  "SHELL=/bin/sh" "COMPILER=arm-none-eabi-gcc" "ASSEMBLER=arm-none-eabi-as
TRACE::2026-09-01.14:36:26::SCWMssOS::" "ARCHIVER=arm-none-eabi-ar" "COMPILER_FLAGS=  -O2 -c" "EXTRA_COMPILER_FLAGS=-mcpu=cortex-a9 -mfpu=vfpv3 -mfloat-abi=hard -nos
TRACE::2026-09-01.14:36:26::SCWMssOS::tartfiles -g -Wall -Wextra"

TRACE::2026-09-01.14:36:26::SCWMssOS::Running Make libs in ps7_cortexa9_0/libsrc/uartps_v3_10/src

TRACE::2026-09-01.14:36:26::SCWMssOS::make -C ps7_cortexa9_0/libsrc/uartps_v3_10/src -s libs  "SHELL=/bin/sh" "COMPILER=arm-none-eabi-gcc" "ASSEMBLER=arm-none-eabi-a
TRACE::2026-09-01.14:36:26::SCWMssOS::s" "ARCHIVER=arm-none-eabi-ar" "COMPILER_FLAGS=  -O2 -c" "EXTRA_COMPILER_FLAGS=-mcpu=cortex-a9 -mfpu=vfpv3 -mfloat-abi=hard -no
TRACE::2026-09-01.14:36:26::SCWMssOS::startfiles -g -Wall -Wextra"

TRACE::2026-09-01.14:36:26::SCWMssOS::Running Make libs in ps7_cortexa9_0/libsrc/dmaps_v2_7/src

TRACE::2026-09-01.14:36:26::SCWMssOS::make -C ps7_cortexa9_0/libsrc/dmaps_v2_7/src -s libs  "SHELL=/bin/sh" "COMPILER=arm-none-eabi-gcc" "ASSEMBLER=arm-none-eabi-as"
TRACE::2026-09-01.14:36:26::SCWMssOS:: "ARCHIVER=arm-none-eabi-ar" "COMPILER_FLAGS=  -O2 -c" "EXTRA_COMPILER_FLAGS=-mcpu=cortex-a9 -mfpu=vfpv3 -mfloat-abi=hard -nost
TRACE::2026-09-01.14:36:26::SCWMssOS::artfiles -g -Wall -Wextra"

TRACE::2026-09-01.14:36:26::SCWMssOS::Finished building libraries parallelly.

TRACE::2026-09-01.14:36:26::SCWMssOS::make --no-print-directory archive

TRACE::2026-09-01.14:36:26::SCWMssOS::arm-none-eabi-ar -r  ps7_cortexa9_0/lib/libxil.a ps7_cortexa9_0/lib/xscuwdt_sinit.o ps7_cortexa9_0/lib/outbyte.o ps7_cortexa9_0
TRACE::2026-09-01.14:36:26::SCWMssOS::/lib/xdevcfg_g.o ps7_cortexa9_0/lib/fcntl.o ps7_cortexa9_0/lib/xuartps_sinit.o ps7_cortexa9_0/lib/xadcps_sinit.o ps7_cortexa9_0
TRACE::2026-09-01.14:36:26::SCWMssOS::/lib/xgpiops_intr.o ps7_cortexa9_0/lib/xadcps.o ps7_cortexa9_0/lib/xuartps_g.o ps7_cortexa9_0/lib/xusbps_endpoint.o ps7_cortexa
TRACE::2026-09-01.14:36:26::SCWMssOS::9_0/lib/xscugic_g.o ps7_cortexa9_0/lib/xil_printf.o ps7_cortexa9_0/lib/xil_sleepcommon.o ps7_cortexa9_0/lib/xdevcfg_intr.o ps7_
TRACE::2026-09-01.14:36:26::SCWMssOS::cortexa9_0/lib/xgpiops_sinit.o ps7_cortexa9_0/lib/xgpio_selftest.o ps7_cortexa9_0/lib/cpu_init.o ps7_cortexa9_0/lib/xscuwdt_g.o
TRACE::2026-09-01.14:36:26::SCWMssOS:: ps7_cortexa9_0/lib/xemacps_bdring.o ps7_cortexa9_0/lib/boot.o ps7_cortexa9_0/lib/xgpio_sinit.o ps7_cortexa9_0/lib/xil_clocking
TRACE::2026-09-01.14:36:26::SCWMssOS::.o ps7_cortexa9_0/lib/xgpiops.o ps7_cortexa9_0/lib/xadcps_g.o ps7_cortexa9_0/lib/translation_table.o ps7_cortexa9_0/lib/xgpio_g
TRACE::2026-09-01.14:36:26::SCWMssOS::.o ps7_cortexa9_0/lib/xgpiops_selftest.o ps7_cortexa9_0/lib/vectors.o ps7_cortexa9_0/lib/xusbps_sinit.o ps7_cortexa9_0/lib/xscu
TRACE::2026-09-01.14:36:26::SCWMssOS::gic_hw.o ps7_cortexa9_0/lib/xsdps.o ps7_cortexa9_0/lib/xgpiops_g.o ps7_cortexa9_0/lib/print.o ps7_cortexa9_0/lib/lseek.o ps7_co
TRACE::2026-09-01.14:36:26::SCWMssOS::rtexa9_0/lib/xdmaps_selftest.o ps7_cortexa9_0/lib/xemacps_sinit.o ps7_cortexa9_0/lib/xil_util.o ps7_cortexa9_0/lib/xil_cache.o 
TRACE::2026-09-01.14:36:26::SCWMssOS::ps7_cortexa9_0/lib/xemacps_hw.o ps7_cortexa9_0/lib/xscutimer_sinit.o ps7_cortexa9_0/lib/xdmaps_sinit.o ps7_cortexa9_0/lib/xil_m
TRACE::2026-09-01.14:36:26::SCWMssOS::isc_psreset_api.o ps7_cortexa9_0/lib/xsdps_options.o ps7_cortexa9_0/lib/xscutimer_g.o ps7_cortexa9_0/lib/xdmaps_g.o ps7_cortexa
TRACE::2026-09-01.14:36:26::SCWMssOS::9_0/lib/xusbps_hw.o ps7_cortexa9_0/lib/xadcps_intr.o ps7_cortexa9_0/lib/xil_sleeptimer.o ps7_cortexa9_0/lib/xdevcfg_hw.o ps7_co
TRACE::2026-09-01.14:36:26::SCWMssOS::rtexa9_0/lib/unlink.o ps7_cortexa9_0/lib/sleep.o ps7_cortexa9_0/lib/xil_testio.o ps7_cortexa9_0/lib/xsdps_card.o ps7_cortexa9_0
TRACE::2026-09-01.14:36:26::SCWMssOS::/lib/read.o ps7_cortexa9_0/lib/xscutimer.o ps7_cortexa9_0/lib/xil_mmu.o ps7_cortexa9_0/lib/errno.o ps7_cortexa9_0/lib/xplatform
TRACE::2026-09-01.14:36:26::SCWMssOS::_info.o ps7_cortexa9_0/lib/xscugic_sinit.o ps7_cortexa9_0/lib/kill.o ps7_cortexa9_0/lib/usleep.o ps7_cortexa9_0/lib/xadcps_self
TRACE::2026-09-01.14:36:26::SCWMssOS::test.o ps7_cortexa9_0/lib/xusbps.o ps7_cortexa9_0/lib/xil_testcache.o ps7_cortexa9_0/lib/xdevcfg.o ps7_cortexa9_0/lib/_open.o p
TRACE::2026-09-01.14:36:26::SCWMssOS::s7_cortexa9_0/lib/xil_mem.o ps7_cortexa9_0/lib/cpputest_time.o ps7_cortexa9_0/lib/open.o ps7_cortexa9_0/lib/xil-crt0.o ps7_cort
TRACE::2026-09-01.14:36:26::SCWMssOS::exa9_0/lib/xuartps_hw.o ps7_cortexa9_0/lib/xscugic.o ps7_cortexa9_0/lib/isatty.o ps7_cortexa9_0/lib/xsdps_host.o ps7_cortexa9_0
TRACE::2026-09-01.14:36:26::SCWMssOS::/lib/xgpio_extra.o ps7_cortexa9_0/lib/xusbps_intr.o ps7_cortexa9_0/lib/xscuwdt_selftest.o ps7_cortexa9_0/lib/xemacps_intr.o ps7
TRACE::2026-09-01.14:36:26::SCWMssOS::_cortexa9_0/lib/_exit.o ps7_cortexa9_0/lib/putnum.o ps7_cortexa9_0/lib/xemacps_control.o ps7_cortexa9_0/lib/write.o ps7_cortexa
TRACE::2026-09-01.14:36:26::SCWMssOS::9_0/lib/xil_testmem.o ps7_cortexa9_0/lib/xil_exception.o ps7_cortexa9_0/lib/xuartps_selftest.o ps7_cortexa9_0/lib/_sbrk.o ps7_c
TRACE::2026-09-01.14:36:26::SCWMssOS::ortexa9_0/lib/xuartps_options.o ps7_cortexa9_0/lib/xscutimer_selftest.o ps7_cortexa9_0/lib/xsdps_sinit.o ps7_cortexa9_0/lib/xus
TRACE::2026-09-01.14:36:26::SCWMssOS::bps_g.o ps7_cortexa9_0/lib/xemacps.o ps7_cortexa9_0/lib/xsdps_g.o ps7_cortexa9_0/lib/xgpiops_hw.o ps7_cortexa9_0/lib/sbrk.o ps7
TRACE::2026-09-01.14:36:26::SCWMssOS::_cortexa9_0/lib/getpid.o ps7_cortexa9_0/lib/xgpio.o ps7_cortexa9_0/lib/close.o ps7_cortexa9_0/lib/xemacps_g.o ps7_cortexa9_0/li
TRACE::2026-09-01.14:36:26::SCWMssOS::b/inbyte.o ps7_cortexa9_0/lib/xcoresightpsdcc.o ps7_cortexa9_0/lib/xscuwdt.o ps7_cortexa9_0/lib/xdevcfg_selftest.o ps7_cortexa9
TRACE::2026-09-01.14:36:26::SCWMssOS::_0/lib/xdmaps_hw.o ps7_cortexa9_0/lib/xdevcfg_sinit.o ps7_cortexa9_0/lib/xil_assert.o ps7_cortexa9_0/lib/xuartps.o ps7_cortexa9
TRACE::2026-09-01.14:36:26::SCWMssOS::_0/lib/xuartps_intr.o ps7_cortexa9_0/lib/xscugic_intr.o ps7_cortexa9_0/lib/abort.o ps7_cortexa9_0/lib/xscugic_selftest.o ps7_co
TRACE::2026-09-01.14:36:26::SCWMssOS::rtexa9_0/lib/asm_vectors.o ps7_cortexa9_0/lib/xdmaps.o ps7_cortexa9_0/lib/xl2cc_counter.o ps7_cortexa9_0/lib/xtime_l.o ps7_cort
TRACE::2026-09-01.14:36:26::SCWMssOS::exa9_0/lib/fstat.o ps7_cortexa9_0/lib/xpm_counter.o ps7_cortexa9_0/lib/xgpio_intr.o

TRACE::2026-09-01.14:36:26::SCWMssOS::Finished building libraries

TRACE::2026-09-01.14:36:26::SCWMssOS::Copying to export directory.
TRACE::2026-09-01.14:36:26::SCWMssOS:: Checking if to create the Supporting Applications
TRACE::2026-09-01.14:36:26::SCWMssOS:: No Linux domain exists, trying to generate FSBL 
LOG::2026-09-01.14:36:26::SCWSystem::Completed Processing the domain standalone_domain
LOG::2026-09-01.14:36:26::SCWSystem::Completed Processing the sysconfig SoCora
LOG::2026-09-01.14:36:26::SCWPlatform::Completed generating the artifacts for system configuration SoCora
TRACE::2026-09-01.14:36:26::SCWPlatform::Started preparing the platform 
TRACE::2026-09-01.14:36:26::SCWSystem::Writing the bif file for system config SoCora
TRACE::2026-09-01.14:36:26::SCWSystem::dir created 
TRACE::2026-09-01.14:36:26::SCWSystem::Writing the bif 
TRACE::2026-09-01.14:36:26::SCWPlatform::Started writing the spfm file 
TRACE::2026-09-01.14:36:26::SCWPlatform::Started writing the xpfm file 
TRACE::2026-09-01.14:36:26::SCWPlatform::Completed generating the platform
TRACE::2026-09-01.14:36:26::SCWMssOS::Saving the mss changes /mnt/isaac_sbay0/lbo-ws/Projects/DVR-008-002/Base_Design_Project/Reference_design_project_2020.2/PSCora/SoCora/zynq_fsbl/zynq_fsbl_bsp/system.mss
TRACE::2026-09-01.14:36:26::SCWMssOS::Found a swdesign opened with the mssfile.
TRACE::2026-09-01.14:36:26::SCWMssOS::Completed writemss as part of save.
TRACE::2026-09-01.14:36:26::SCWMssOS::Commit changes completed.
TRACE::2026-09-01.14:36:26::SCWMssOS::Saving the mss changes /mnt/isaac_sbay0/lbo-ws/Projects/DVR-008-002/Base_Design_Project/Reference_design_project_2020.2/PSCora/SoCora/ps7_cortexa9_0/standalone_domain/bsp/system.mss
TRACE::2026-09-01.14:36:26::SCWMssOS::Found a swdesign opened with the mssfile.
TRACE::2026-09-01.14:36:26::SCWMssOS::Completed writemss as part of save.
TRACE::2026-09-01.14:36:26::SCWMssOS::Commit changes completed.
TRACE::2026-09-01.14:36:26::SCWPlatform::Trying to open the hw design at /mnt/isaac_sbay0/lbo-ws/Projects/DVR-008-002/Base_Design_Project/Reference_design_project_2020.2/PSCora/SoCora/hw/design_1_wrapper.xsa
TRACE::2026-09-01.14:36:26::SCWPlatform::DSA given /mnt/isaac_sbay0/lbo-ws/Projects/DVR-008-002/Base_Design_Project/Reference_design_project_2020.2/PSCora/SoCora/hw/design_1_wrapper.xsa
TRACE::2026-09-01.14:36:26::SCWPlatform::DSA absoulate path /mnt/isaac_sbay0/lbo-ws/Projects/DVR-008-002/Base_Design_Project/Reference_design_project_2020.2/PSCora/SoCora/hw/design_1_wrapper.xsa
TRACE::2026-09-01.14:36:26::SCWPlatform::DSA directory /mnt/isaac_sbay0/lbo-ws/Projects/DVR-008-002/Base_Design_Project/Reference_design_project_2020.2/PSCora/SoCora/hw
TRACE::2026-09-01.14:36:26::SCWPlatform:: Platform Path /mnt/isaac_sbay0/lbo-ws/Projects/DVR-008-002/Base_Design_Project/Reference_design_project_2020.2/PSCora/SoCora/hw/design_1_wrapper.xsa
TRACE::2026-09-01.14:36:26::SCWPlatform:: Unique name xilinx:::0.0
TRACE::2026-09-01.14:36:26::SCWPlatform::Trying to set the existing hwdb with name design_1_wrapper
TRACE::2026-09-01.14:36:26::SCWPlatform::Opened existing hwdb design_1_wrapper
TRACE::2026-09-01.14:36:26::SCWPlatform::Found the Hw Db part of the input DSA
TRACE::2026-09-01.14:36:26::SCWMssOS::Checking the sw design at  /mnt/isaac_sbay0/lbo-ws/Projects/DVR-008-002/Base_Design_Project/Reference_design_project_2020.2/PSCora/SoCora/zynq_fsbl/zynq_fsbl_bsp/system.mss
TRACE::2026-09-01.14:36:26::SCWMssOS::DEBUG:  swdes dump  /mnt/isaac_sbay0/lbo-ws/Projects/DVR-008-002/Base_Design_Project/Reference_design_project_2020.2/PSCora/SoCora/ps7_cortexa9_0/standalone_domain/bsp/system.mss|system_0||
/mnt/isaac_sbay0/lbo-ws/Projects/DVR-008-002/Base_Design_Project/Reference_design_project_2020.2/PSCora/SoCora/zynq_fsbl/zynq_fsbl_bsp/system.mss|system||

TRACE::2026-09-01.14:36:26::SCWMssOS::Sw design exists and opened at  /mnt/isaac_sbay0/lbo-ws/Projects/DVR-008-002/Base_Design_Project/Reference_design_project_2020.2/PSCora/SoCora/zynq_fsbl/zynq_fsbl_bsp/system.mss
TRACE::2026-09-01.14:36:26::SCWPlatform::Trying to open the hw design at /mnt/isaac_sbay0/lbo-ws/Projects/DVR-008-002/Base_Design_Project/Reference_design_project_2020.2/PSCora/SoCora/hw/design_1_wrapper.xsa
TRACE::2026-09-01.14:36:26::SCWPlatform::DSA given /mnt/isaac_sbay0/lbo-ws/Projects/DVR-008-002/Base_Design_Project/Reference_design_project_2020.2/PSCora/SoCora/hw/design_1_wrapper.xsa
TRACE::2026-09-01.14:36:26::SCWPlatform::DSA absoulate path /mnt/isaac_sbay0/lbo-ws/Projects/DVR-008-002/Base_Design_Project/Reference_design_project_2020.2/PSCora/SoCora/hw/design_1_wrapper.xsa
TRACE::2026-09-01.14:36:26::SCWPlatform::DSA directory /mnt/isaac_sbay0/lbo-ws/Projects/DVR-008-002/Base_Design_Project/Reference_design_project_2020.2/PSCora/SoCora/hw
TRACE::2026-09-01.14:36:26::SCWPlatform:: Platform Path /mnt/isaac_sbay0/lbo-ws/Projects/DVR-008-002/Base_Design_Project/Reference_design_project_2020.2/PSCora/SoCora/hw/design_1_wrapper.xsa
TRACE::2026-09-01.14:36:26::SCWPlatform:: Unique name xilinx:::0.0
TRACE::2026-09-01.14:36:26::SCWPlatform::Trying to set the existing hwdb with name design_1_wrapper
TRACE::2026-09-01.14:36:26::SCWPlatform::Opened existing hwdb design_1_wrapper
TRACE::2026-09-01.14:36:26::SCWPlatform::Found the Hw Db part of the input DSA
TRACE::2026-09-01.14:36:26::SCWMssOS::Checking the sw design at  /mnt/isaac_sbay0/lbo-ws/Projects/DVR-008-002/Base_Design_Project/Reference_design_project_2020.2/PSCora/SoCora/zynq_fsbl/zynq_fsbl_bsp/system.mss
TRACE::2026-09-01.14:36:26::SCWMssOS::DEBUG:  swdes dump  /mnt/isaac_sbay0/lbo-ws/Projects/DVR-008-002/Base_Design_Project/Reference_design_project_2020.2/PSCora/SoCora/ps7_cortexa9_0/standalone_domain/bsp/system.mss|system_0||
/mnt/isaac_sbay0/lbo-ws/Projects/DVR-008-002/Base_Design_Project/Reference_design_project_2020.2/PSCora/SoCora/zynq_fsbl/zynq_fsbl_bsp/system.mss|system||

TRACE::2026-09-01.14:36:26::SCWMssOS::Sw design exists and opened at  /mnt/isaac_sbay0/lbo-ws/Projects/DVR-008-002/Base_Design_Project/Reference_design_project_2020.2/PSCora/SoCora/zynq_fsbl/zynq_fsbl_bsp/system.mss
TRACE::2026-09-01.14:36:26::SCWPlatform::Trying to open the hw design at /mnt/isaac_sbay0/lbo-ws/Projects/DVR-008-002/Base_Design_Project/Reference_design_project_2020.2/PSCora/SoCora/hw/design_1_wrapper.xsa
TRACE::2026-09-01.14:36:26::SCWPlatform::DSA given /mnt/isaac_sbay0/lbo-ws/Projects/DVR-008-002/Base_Design_Project/Reference_design_project_2020.2/PSCora/SoCora/hw/design_1_wrapper.xsa
TRACE::2026-09-01.14:36:26::SCWPlatform::DSA absoulate path /mnt/isaac_sbay0/lbo-ws/Projects/DVR-008-002/Base_Design_Project/Reference_design_project_2020.2/PSCora/SoCora/hw/design_1_wrapper.xsa
TRACE::2026-09-01.14:36:26::SCWPlatform::DSA directory /mnt/isaac_sbay0/lbo-ws/Projects/DVR-008-002/Base_Design_Project/Reference_design_project_2020.2/PSCora/SoCora/hw
TRACE::2026-09-01.14:36:26::SCWPlatform:: Platform Path /mnt/isaac_sbay0/lbo-ws/Projects/DVR-008-002/Base_Design_Project/Reference_design_project_2020.2/PSCora/SoCora/hw/design_1_wrapper.xsa
TRACE::2026-09-01.14:36:26::SCWPlatform:: Unique name xilinx:::0.0
TRACE::2026-09-01.14:36:26::SCWPlatform::Trying to set the existing hwdb with name design_1_wrapper
TRACE::2026-09-01.14:36:26::SCWPlatform::Opened existing hwdb design_1_wrapper
TRACE::2026-09-01.14:36:26::SCWPlatform::Found the Hw Db part of the input DSA
TRACE::2026-09-01.14:36:26::SCWMssOS::Checking the sw design at  /mnt/isaac_sbay0/lbo-ws/Projects/DVR-008-002/Base_Design_Project/Reference_design_project_2020.2/PSCora/SoCora/zynq_fsbl/zynq_fsbl_bsp/system.mss
TRACE::2026-09-01.14:36:26::SCWMssOS::DEBUG:  swdes dump  /mnt/isaac_sbay0/lbo-ws/Projects/DVR-008-002/Base_Design_Project/Reference_design_project_2020.2/PSCora/SoCora/ps7_cortexa9_0/standalone_domain/bsp/system.mss|system_0||
/mnt/isaac_sbay0/lbo-ws/Projects/DVR-008-002/Base_Design_Project/Reference_design_project_2020.2/PSCora/SoCora/zynq_fsbl/zynq_fsbl_bsp/system.mss|system||

TRACE::2026-09-01.14:36:26::SCWMssOS::Sw design exists and opened at  /mnt/isaac_sbay0/lbo-ws/Projects/DVR-008-002/Base_Design_Project/Reference_design_project_2020.2/PSCora/SoCora/zynq_fsbl/zynq_fsbl_bsp/system.mss
TRACE::2026-09-01.14:36:26::SCWPlatform::Trying to open the hw design at /mnt/isaac_sbay0/lbo-ws/Projects/DVR-008-002/Base_Design_Project/Reference_design_project_2020.2/PSCora/SoCora/hw/design_1_wrapper.xsa
TRACE::2026-09-01.14:36:26::SCWPlatform::DSA given /mnt/isaac_sbay0/lbo-ws/Projects/DVR-008-002/Base_Design_Project/Reference_design_project_2020.2/PSCora/SoCora/hw/design_1_wrapper.xsa
TRACE::2026-09-01.14:36:26::SCWPlatform::DSA absoulate path /mnt/isaac_sbay0/lbo-ws/Projects/DVR-008-002/Base_Design_Project/Reference_design_project_2020.2/PSCora/SoCora/hw/design_1_wrapper.xsa
TRACE::2026-09-01.14:36:26::SCWPlatform::DSA directory /mnt/isaac_sbay0/lbo-ws/Projects/DVR-008-002/Base_Design_Project/Reference_design_project_2020.2/PSCora/SoCora/hw
TRACE::2026-09-01.14:36:26::SCWPlatform:: Platform Path /mnt/isaac_sbay0/lbo-ws/Projects/DVR-008-002/Base_Design_Project/Reference_design_project_2020.2/PSCora/SoCora/hw/design_1_wrapper.xsa
TRACE::2026-09-01.14:36:26::SCWPlatform:: Unique name xilinx:::0.0
TRACE::2026-09-01.14:36:26::SCWPlatform::Trying to set the existing hwdb with name design_1_wrapper
TRACE::2026-09-01.14:36:26::SCWPlatform::Opened existing hwdb design_1_wrapper
TRACE::2026-09-01.14:36:26::SCWPlatform::Found the Hw Db part of the input DSA
TRACE::2026-09-01.14:36:26::SCWMssOS::Checking the sw design at  /mnt/isaac_sbay0/lbo-ws/Projects/DVR-008-002/Base_Design_Project/Reference_design_project_2020.2/PSCora/SoCora/ps7_cortexa9_0/standalone_domain/bsp/system.mss
TRACE::2026-09-01.14:36:26::SCWMssOS::DEBUG:  swdes dump  /mnt/isaac_sbay0/lbo-ws/Projects/DVR-008-002/Base_Design_Project/Reference_design_project_2020.2/PSCora/SoCora/ps7_cortexa9_0/standalone_domain/bsp/system.mss|system_0||
/mnt/isaac_sbay0/lbo-ws/Projects/DVR-008-002/Base_Design_Project/Reference_design_project_2020.2/PSCora/SoCora/zynq_fsbl/zynq_fsbl_bsp/system.mss|system||

TRACE::2026-09-01.14:36:26::SCWMssOS::Sw design exists and opened at  /mnt/isaac_sbay0/lbo-ws/Projects/DVR-008-002/Base_Design_Project/Reference_design_project_2020.2/PSCora/SoCora/ps7_cortexa9_0/standalone_domain/bsp/system.mss
TRACE::2026-09-01.14:36:26::SCWPlatform::Trying to open the hw design at /mnt/isaac_sbay0/lbo-ws/Projects/DVR-008-002/Base_Design_Project/Reference_design_project_2020.2/PSCora/SoCora/hw/design_1_wrapper.xsa
TRACE::2026-09-01.14:36:26::SCWPlatform::DSA given /mnt/isaac_sbay0/lbo-ws/Projects/DVR-008-002/Base_Design_Project/Reference_design_project_2020.2/PSCora/SoCora/hw/design_1_wrapper.xsa
TRACE::2026-09-01.14:36:26::SCWPlatform::DSA absoulate path /mnt/isaac_sbay0/lbo-ws/Projects/DVR-008-002/Base_Design_Project/Reference_design_project_2020.2/PSCora/SoCora/hw/design_1_wrapper.xsa
TRACE::2026-09-01.14:36:26::SCWPlatform::DSA directory /mnt/isaac_sbay0/lbo-ws/Projects/DVR-008-002/Base_Design_Project/Reference_design_project_2020.2/PSCora/SoCora/hw
TRACE::2026-09-01.14:36:26::SCWPlatform:: Platform Path /mnt/isaac_sbay0/lbo-ws/Projects/DVR-008-002/Base_Design_Project/Reference_design_project_2020.2/PSCora/SoCora/hw/design_1_wrapper.xsa
TRACE::2026-09-01.14:36:26::SCWPlatform:: Unique name xilinx:::0.0
TRACE::2026-09-01.14:36:26::SCWPlatform::Trying to set the existing hwdb with name design_1_wrapper
TRACE::2026-09-01.14:36:26::SCWPlatform::Opened existing hwdb design_1_wrapper
TRACE::2026-09-01.14:36:26::SCWPlatform::Found the Hw Db part of the input DSA
TRACE::2026-09-01.14:36:26::SCWMssOS::Checking the sw design at  /mnt/isaac_sbay0/lbo-ws/Projects/DVR-008-002/Base_Design_Project/Reference_design_project_2020.2/PSCora/SoCora/ps7_cortexa9_0/standalone_domain/bsp/system.mss
TRACE::2026-09-01.14:36:26::SCWMssOS::DEBUG:  swdes dump  /mnt/isaac_sbay0/lbo-ws/Projects/DVR-008-002/Base_Design_Project/Reference_design_project_2020.2/PSCora/SoCora/ps7_cortexa9_0/standalone_domain/bsp/system.mss|system_0||
/mnt/isaac_sbay0/lbo-ws/Projects/DVR-008-002/Base_Design_Project/Reference_design_project_2020.2/PSCora/SoCora/zynq_fsbl/zynq_fsbl_bsp/system.mss|system||

TRACE::2026-09-01.14:36:26::SCWMssOS::Sw design exists and opened at  /mnt/isaac_sbay0/lbo-ws/Projects/DVR-008-002/Base_Design_Project/Reference_design_project_2020.2/PSCora/SoCora/ps7_cortexa9_0/standalone_domain/bsp/system.mss
TRACE::2026-09-01.14:36:26::SCWPlatform::Trying to open the hw design at /mnt/isaac_sbay0/lbo-ws/Projects/DVR-008-002/Base_Design_Project/Reference_design_project_2020.2/PSCora/SoCora/hw/design_1_wrapper.xsa
TRACE::2026-09-01.14:36:26::SCWPlatform::DSA given /mnt/isaac_sbay0/lbo-ws/Projects/DVR-008-002/Base_Design_Project/Reference_design_project_2020.2/PSCora/SoCora/hw/design_1_wrapper.xsa
TRACE::2026-09-01.14:36:26::SCWPlatform::DSA absoulate path /mnt/isaac_sbay0/lbo-ws/Projects/DVR-008-002/Base_Design_Project/Reference_design_project_2020.2/PSCora/SoCora/hw/design_1_wrapper.xsa
TRACE::2026-09-01.14:36:26::SCWPlatform::DSA directory /mnt/isaac_sbay0/lbo-ws/Projects/DVR-008-002/Base_Design_Project/Reference_design_project_2020.2/PSCora/SoCora/hw
TRACE::2026-09-01.14:36:26::SCWPlatform:: Platform Path /mnt/isaac_sbay0/lbo-ws/Projects/DVR-008-002/Base_Design_Project/Reference_design_project_2020.2/PSCora/SoCora/hw/design_1_wrapper.xsa
TRACE::2026-09-01.14:36:26::SCWPlatform:: Unique name xilinx:::0.0
TRACE::2026-09-01.14:36:26::SCWPlatform::Trying to set the existing hwdb with name design_1_wrapper
TRACE::2026-09-01.14:36:26::SCWPlatform::Opened existing hwdb design_1_wrapper
TRACE::2026-09-01.14:36:26::SCWPlatform::Found the Hw Db part of the input DSA
TRACE::2026-09-01.14:36:26::SCWMssOS::Checking the sw design at  /mnt/isaac_sbay0/lbo-ws/Projects/DVR-008-002/Base_Design_Project/Reference_design_project_2020.2/PSCora/SoCora/ps7_cortexa9_0/standalone_domain/bsp/system.mss
TRACE::2026-09-01.14:36:26::SCWMssOS::DEBUG:  swdes dump  /mnt/isaac_sbay0/lbo-ws/Projects/DVR-008-002/Base_Design_Project/Reference_design_project_2020.2/PSCora/SoCora/ps7_cortexa9_0/standalone_domain/bsp/system.mss|system_0||
/mnt/isaac_sbay0/lbo-ws/Projects/DVR-008-002/Base_Design_Project/Reference_design_project_2020.2/PSCora/SoCora/zynq_fsbl/zynq_fsbl_bsp/system.mss|system||

TRACE::2026-09-01.14:36:26::SCWMssOS::Sw design exists and opened at  /mnt/isaac_sbay0/lbo-ws/Projects/DVR-008-002/Base_Design_Project/Reference_design_project_2020.2/PSCora/SoCora/ps7_cortexa9_0/standalone_domain/bsp/system.mss
TRACE::2026-09-01.14:36:26::SCWWriter::formatted JSON is {
	"platformName":	"SoCora",
	"sprVersion":	"2.0",
	"mode":	"cmd",
	"dsaType":	"Fixed",
	"platformDesc":	"SoCora",
	"platHandOff":	"/mnt/isaac_sbay0/lbo-ws/Projects/DVR-008-002/Base_Design_Project/Reference_design_project_2020.2/SoCora/design_1_wrapper.xsa",
	"platIntHandOff":	"<platformDir>/hw/design_1_wrapper.xsa",
	"deviceType":	"zynq",
	"platIsPrebuiltAutogen":	"false",
	"platIsNoBootBsp":	"false",
	"platFsblTarget":	"ps7_cortexa9_0",
	"hasFsblMakeHasChanges":	"false",
	"hasPmufwMakeHasChanges":	"false",
	"fsblExtraCompilerFlags":	"-MMD -MP       -mcpu=cortex-a9 -mfpu=vfpv3 -mfloat-abi=hard ",
	"platPreBuiltFlag":	false,
	"platformSamplesDir":	"",
	"platActiveSys":	"SoCora",
	"systems":	[{
			"systemName":	"SoCora",
			"systemDesc":	"SoCora",
			"sysIsBootAutoGen":	"true",
			"systemDispName":	"SoCora",
			"sysActiveDom":	"standalone_domain",
			"sysDefaultDom":	"standalone_domain",
			"domains":	[{
					"domainName":	"zynq_fsbl",
					"domainDispName":	"zynq_fsbl",
					"domainDesc":	"FSBL Application BSP - Auto Generated.",
					"processors":	"ps7_cortexa9_0",
					"os":	"standalone",
					"sdxOs":	"standalone",
					"debugEnable":	"",
					"domRuntimes":	["cpp"],
					"swRepo":	"",
					"mssOsVer":	"7.3",
					"mssFile":	"",
					"md5Digest":	"d6e5e7d1372224806e87c36e715390fd",
					"compatibleApp":	"zynq_fsbl",
					"domType":	"bootDomain",
					"arch":	"32-bit",
					"appSettings":	{
						"appCompilerFlags":	"",
						"appLinkerFlags":	""
					},
					"addedLibs":	["xilffs:4.4", "xilrsa:1.6"],
					"libOptions":	{
						"libsContainingOptions":	[]
					},
					"prebuiltLibs":	{
						"prebuiltIncPath":	[],
						"prebuiltLibPath":	[]
					},
					"isolation":	{
					}
				}, {
					"domainName":	"standalone_domain",
					"domainDispName":	"standalone_domain",
					"domainDesc":	"standalone_domain",
					"processors":	"ps7_cortexa9_0",
					"os":	"standalone",
					"sdxOs":	"standalone",
					"qemuArgs":	"/tools/xilinx/Vitis/2020.2/data/emulation/platforms/zynq/sw/a9_standalone/qemu/qemu_args.txt",
					"qemuData":	"/tools/xilinx/Vitis/2020.2/data/emulation/platforms/zynq/sw/a9_standalone/qemu/",
					"debugEnable":	"False",
					"domRuntimes":	["cpp"],
					"swRepo":	"",
					"mssOsVer":	"7.3",
					"mssFile":	"",
					"md5Digest":	"b8914f3358791840b410b55d5d146ff1",
					"compatibleApp":	"",
					"domType":	"mssDomain",
					"appSettings":	{
						"appCompilerFlags":	"",
						"appLinkerFlags":	""
					},
					"addedLibs":	[],
					"libOptions":	{
						"libsContainingOptions":	[]
					},
					"prebuiltLibs":	{
						"prebuiltIncPath":	[],
						"prebuiltLibPath":	[]
					},
					"isolation":	{
					}
				}]
		}]
}
KEYINFO::2026-09-01.14:36:26::SCWPlatform::updated the xpfm file.
TRACE::2026-09-01.14:36:26::SCWPlatform::Trying to open the hw design at /mnt/isaac_sbay0/lbo-ws/Projects/DVR-008-002/Base_Design_Project/Reference_design_project_2020.2/PSCora/SoCora/hw/design_1_wrapper.xsa
TRACE::2026-09-01.14:36:26::SCWPlatform::DSA given /mnt/isaac_sbay0/lbo-ws/Projects/DVR-008-002/Base_Design_Project/Reference_design_project_2020.2/PSCora/SoCora/hw/design_1_wrapper.xsa
TRACE::2026-09-01.14:36:26::SCWPlatform::DSA absoulate path /mnt/isaac_sbay0/lbo-ws/Projects/DVR-008-002/Base_Design_Project/Reference_design_project_2020.2/PSCora/SoCora/hw/design_1_wrapper.xsa
TRACE::2026-09-01.14:36:26::SCWPlatform::DSA directory /mnt/isaac_sbay0/lbo-ws/Projects/DVR-008-002/Base_Design_Project/Reference_design_project_2020.2/PSCora/SoCora/hw
TRACE::2026-09-01.14:36:26::SCWPlatform:: Platform Path /mnt/isaac_sbay0/lbo-ws/Projects/DVR-008-002/Base_Design_Project/Reference_design_project_2020.2/PSCora/SoCora/hw/design_1_wrapper.xsa
TRACE::2026-09-01.14:36:26::SCWPlatform:: Unique name xilinx:::0.0
TRACE::2026-09-01.14:36:26::SCWPlatform::Trying to set the existing hwdb with name design_1_wrapper
TRACE::2026-09-01.14:36:26::SCWPlatform::Opened existing hwdb design_1_wrapper
TRACE::2026-09-01.14:36:26::SCWPlatform::Found the Hw Db part of the input DSA
TRACE::2026-09-01.14:36:26::SCWMssOS::Checking the sw design at  /mnt/isaac_sbay0/lbo-ws/Projects/DVR-008-002/Base_Design_Project/Reference_design_project_2020.2/PSCora/SoCora/ps7_cortexa9_0/standalone_domain/bsp/system.mss
TRACE::2026-09-01.14:36:26::SCWMssOS::DEBUG:  swdes dump  /mnt/isaac_sbay0/lbo-ws/Projects/DVR-008-002/Base_Design_Project/Reference_design_project_2020.2/PSCora/SoCora/ps7_cortexa9_0/standalone_domain/bsp/system.mss|system_0||
/mnt/isaac_sbay0/lbo-ws/Projects/DVR-008-002/Base_Design_Project/Reference_design_project_2020.2/PSCora/SoCora/zynq_fsbl/zynq_fsbl_bsp/system.mss|system||

TRACE::2026-09-01.14:36:26::SCWMssOS::Sw design exists and opened at  /mnt/isaac_sbay0/lbo-ws/Projects/DVR-008-002/Base_Design_Project/Reference_design_project_2020.2/PSCora/SoCora/ps7_cortexa9_0/standalone_domain/bsp/system.mss
TRACE::2026-09-01.14:36:27::SCWPlatform::Trying to open the hw design at /mnt/isaac_sbay0/lbo-ws/Projects/DVR-008-002/Base_Design_Project/Reference_design_project_2020.2/PSCora/SoCora/hw/design_1_wrapper.xsa
TRACE::2026-09-01.14:36:27::SCWPlatform::DSA given /mnt/isaac_sbay0/lbo-ws/Projects/DVR-008-002/Base_Design_Project/Reference_design_project_2020.2/PSCora/SoCora/hw/design_1_wrapper.xsa
TRACE::2026-09-01.14:36:27::SCWPlatform::DSA absoulate path /mnt/isaac_sbay0/lbo-ws/Projects/DVR-008-002/Base_Design_Project/Reference_design_project_2020.2/PSCora/SoCora/hw/design_1_wrapper.xsa
TRACE::2026-09-01.14:36:27::SCWPlatform::DSA directory /mnt/isaac_sbay0/lbo-ws/Projects/DVR-008-002/Base_Design_Project/Reference_design_project_2020.2/PSCora/SoCora/hw
TRACE::2026-09-01.14:36:27::SCWPlatform:: Platform Path /mnt/isaac_sbay0/lbo-ws/Projects/DVR-008-002/Base_Design_Project/Reference_design_project_2020.2/PSCora/SoCora/hw/design_1_wrapper.xsa
TRACE::2026-09-01.14:36:27::SCWPlatform:: Unique name xilinx:::0.0
TRACE::2026-09-01.14:36:27::SCWPlatform::Trying to set the existing hwdb with name design_1_wrapper
TRACE::2026-09-01.14:36:27::SCWPlatform::Opened existing hwdb design_1_wrapper
TRACE::2026-09-01.14:36:27::SCWPlatform::Found the Hw Db part of the input DSA
TRACE::2026-09-01.14:36:27::SCWMssOS::Checking the sw design at  /mnt/isaac_sbay0/lbo-ws/Projects/DVR-008-002/Base_Design_Project/Reference_design_project_2020.2/PSCora/SoCora/zynq_fsbl/zynq_fsbl_bsp/system.mss
TRACE::2026-09-01.14:36:27::SCWMssOS::DEBUG:  swdes dump  /mnt/isaac_sbay0/lbo-ws/Projects/DVR-008-002/Base_Design_Project/Reference_design_project_2020.2/PSCora/SoCora/ps7_cortexa9_0/standalone_domain/bsp/system.mss|system_0||
/mnt/isaac_sbay0/lbo-ws/Projects/DVR-008-002/Base_Design_Project/Reference_design_project_2020.2/PSCora/SoCora/zynq_fsbl/zynq_fsbl_bsp/system.mss|system||

TRACE::2026-09-01.14:36:27::SCWMssOS::Sw design exists and opened at  /mnt/isaac_sbay0/lbo-ws/Projects/DVR-008-002/Base_Design_Project/Reference_design_project_2020.2/PSCora/SoCora/zynq_fsbl/zynq_fsbl_bsp/system.mss
TRACE::2026-09-01.14:36:27::SCWMssOS::Saving the mss changes /mnt/isaac_sbay0/lbo-ws/Projects/DVR-008-002/Base_Design_Project/Reference_design_project_2020.2/PSCora/SoCora/zynq_fsbl/zynq_fsbl_bsp/system.mss
TRACE::2026-09-01.14:36:27::SCWMssOS::Found a swdesign opened with the mssfile.
TRACE::2026-09-01.14:36:27::SCWMssOS::Completed writemss as part of save.
TRACE::2026-09-01.14:36:27::SCWMssOS::Commit changes completed.
TRACE::2026-09-01.14:36:27::SCWMssOS::Saving the mss changes /mnt/isaac_sbay0/lbo-ws/Projects/DVR-008-002/Base_Design_Project/Reference_design_project_2020.2/PSCora/SoCora/ps7_cortexa9_0/standalone_domain/bsp/system.mss
TRACE::2026-09-01.14:36:27::SCWMssOS::Found a swdesign opened with the mssfile.
TRACE::2026-09-01.14:36:27::SCWMssOS::Completed writemss as part of save.
TRACE::2026-09-01.14:36:27::SCWMssOS::Commit changes completed.
TRACE::2026-09-01.14:36:27::SCWPlatform::Trying to open the hw design at /mnt/isaac_sbay0/lbo-ws/Projects/DVR-008-002/Base_Design_Project/Reference_design_project_2020.2/PSCora/SoCora/hw/design_1_wrapper.xsa
TRACE::2026-09-01.14:36:27::SCWPlatform::DSA given /mnt/isaac_sbay0/lbo-ws/Projects/DVR-008-002/Base_Design_Project/Reference_design_project_2020.2/PSCora/SoCora/hw/design_1_wrapper.xsa
TRACE::2026-09-01.14:36:27::SCWPlatform::DSA absoulate path /mnt/isaac_sbay0/lbo-ws/Projects/DVR-008-002/Base_Design_Project/Reference_design_project_2020.2/PSCora/SoCora/hw/design_1_wrapper.xsa
TRACE::2026-09-01.14:36:27::SCWPlatform::DSA directory /mnt/isaac_sbay0/lbo-ws/Projects/DVR-008-002/Base_Design_Project/Reference_design_project_2020.2/PSCora/SoCora/hw
TRACE::2026-09-01.14:36:27::SCWPlatform:: Platform Path /mnt/isaac_sbay0/lbo-ws/Projects/DVR-008-002/Base_Design_Project/Reference_design_project_2020.2/PSCora/SoCora/hw/design_1_wrapper.xsa
TRACE::2026-09-01.14:36:27::SCWPlatform:: Unique name xilinx:::0.0
TRACE::2026-09-01.14:36:27::SCWPlatform::Trying to set the existing hwdb with name design_1_wrapper
TRACE::2026-09-01.14:36:27::SCWPlatform::Opened existing hwdb design_1_wrapper
TRACE::2026-09-01.14:36:27::SCWPlatform::Found the Hw Db part of the input DSA
TRACE::2026-09-01.14:36:27::SCWMssOS::Checking the sw design at  /mnt/isaac_sbay0/lbo-ws/Projects/DVR-008-002/Base_Design_Project/Reference_design_project_2020.2/PSCora/SoCora/zynq_fsbl/zynq_fsbl_bsp/system.mss
TRACE::2026-09-01.14:36:27::SCWMssOS::DEBUG:  swdes dump  /mnt/isaac_sbay0/lbo-ws/Projects/DVR-008-002/Base_Design_Project/Reference_design_project_2020.2/PSCora/SoCora/ps7_cortexa9_0/standalone_domain/bsp/system.mss|system_0||
/mnt/isaac_sbay0/lbo-ws/Projects/DVR-008-002/Base_Design_Project/Reference_design_project_2020.2/PSCora/SoCora/zynq_fsbl/zynq_fsbl_bsp/system.mss|system||

TRACE::2026-09-01.14:36:27::SCWMssOS::Sw design exists and opened at  /mnt/isaac_sbay0/lbo-ws/Projects/DVR-008-002/Base_Design_Project/Reference_design_project_2020.2/PSCora/SoCora/zynq_fsbl/zynq_fsbl_bsp/system.mss
TRACE::2026-09-01.14:36:27::SCWPlatform::Trying to open the hw design at /mnt/isaac_sbay0/lbo-ws/Projects/DVR-008-002/Base_Design_Project/Reference_design_project_2020.2/PSCora/SoCora/hw/design_1_wrapper.xsa
TRACE::2026-09-01.14:36:27::SCWPlatform::DSA given /mnt/isaac_sbay0/lbo-ws/Projects/DVR-008-002/Base_Design_Project/Reference_design_project_2020.2/PSCora/SoCora/hw/design_1_wrapper.xsa
TRACE::2026-09-01.14:36:27::SCWPlatform::DSA absoulate path /mnt/isaac_sbay0/lbo-ws/Projects/DVR-008-002/Base_Design_Project/Reference_design_project_2020.2/PSCora/SoCora/hw/design_1_wrapper.xsa
TRACE::2026-09-01.14:36:27::SCWPlatform::DSA directory /mnt/isaac_sbay0/lbo-ws/Projects/DVR-008-002/Base_Design_Project/Reference_design_project_2020.2/PSCora/SoCora/hw
TRACE::2026-09-01.14:36:27::SCWPlatform:: Platform Path /mnt/isaac_sbay0/lbo-ws/Projects/DVR-008-002/Base_Design_Project/Reference_design_project_2020.2/PSCora/SoCora/hw/design_1_wrapper.xsa
TRACE::2026-09-01.14:36:27::SCWPlatform:: Unique name xilinx:::0.0
TRACE::2026-09-01.14:36:27::SCWPlatform::Trying to set the existing hwdb with name design_1_wrapper
TRACE::2026-09-01.14:36:27::SCWPlatform::Opened existing hwdb design_1_wrapper
TRACE::2026-09-01.14:36:27::SCWPlatform::Found the Hw Db part of the input DSA
TRACE::2026-09-01.14:36:27::SCWMssOS::Checking the sw design at  /mnt/isaac_sbay0/lbo-ws/Projects/DVR-008-002/Base_Design_Project/Reference_design_project_2020.2/PSCora/SoCora/zynq_fsbl/zynq_fsbl_bsp/system.mss
TRACE::2026-09-01.14:36:27::SCWMssOS::DEBUG:  swdes dump  /mnt/isaac_sbay0/lbo-ws/Projects/DVR-008-002/Base_Design_Project/Reference_design_project_2020.2/PSCora/SoCora/ps7_cortexa9_0/standalone_domain/bsp/system.mss|system_0||
/mnt/isaac_sbay0/lbo-ws/Projects/DVR-008-002/Base_Design_Project/Reference_design_project_2020.2/PSCora/SoCora/zynq_fsbl/zynq_fsbl_bsp/system.mss|system||

TRACE::2026-09-01.14:36:27::SCWMssOS::Sw design exists and opened at  /mnt/isaac_sbay0/lbo-ws/Projects/DVR-008-002/Base_Design_Project/Reference_design_project_2020.2/PSCora/SoCora/zynq_fsbl/zynq_fsbl_bsp/system.mss
TRACE::2026-09-01.14:36:27::SCWPlatform::Trying to open the hw design at /mnt/isaac_sbay0/lbo-ws/Projects/DVR-008-002/Base_Design_Project/Reference_design_project_2020.2/PSCora/SoCora/hw/design_1_wrapper.xsa
TRACE::2026-09-01.14:36:27::SCWPlatform::DSA given /mnt/isaac_sbay0/lbo-ws/Projects/DVR-008-002/Base_Design_Project/Reference_design_project_2020.2/PSCora/SoCora/hw/design_1_wrapper.xsa
TRACE::2026-09-01.14:36:27::SCWPlatform::DSA absoulate path /mnt/isaac_sbay0/lbo-ws/Projects/DVR-008-002/Base_Design_Project/Reference_design_project_2020.2/PSCora/SoCora/hw/design_1_wrapper.xsa
TRACE::2026-09-01.14:36:27::SCWPlatform::DSA directory /mnt/isaac_sbay0/lbo-ws/Projects/DVR-008-002/Base_Design_Project/Reference_design_project_2020.2/PSCora/SoCora/hw
TRACE::2026-09-01.14:36:27::SCWPlatform:: Platform Path /mnt/isaac_sbay0/lbo-ws/Projects/DVR-008-002/Base_Design_Project/Reference_design_project_2020.2/PSCora/SoCora/hw/design_1_wrapper.xsa
TRACE::2026-09-01.14:36:27::SCWPlatform:: Unique name xilinx:::0.0
TRACE::2026-09-01.14:36:27::SCWPlatform::Trying to set the existing hwdb with name design_1_wrapper
TRACE::2026-09-01.14:36:27::SCWPlatform::Opened existing hwdb design_1_wrapper
TRACE::2026-09-01.14:36:27::SCWPlatform::Found the Hw Db part of the input DSA
TRACE::2026-09-01.14:36:27::SCWMssOS::Checking the sw design at  /mnt/isaac_sbay0/lbo-ws/Projects/DVR-008-002/Base_Design_Project/Reference_design_project_2020.2/PSCora/SoCora/zynq_fsbl/zynq_fsbl_bsp/system.mss
TRACE::2026-09-01.14:36:27::SCWMssOS::DEBUG:  swdes dump  /mnt/isaac_sbay0/lbo-ws/Projects/DVR-008-002/Base_Design_Project/Reference_design_project_2020.2/PSCora/SoCora/ps7_cortexa9_0/standalone_domain/bsp/system.mss|system_0||
/mnt/isaac_sbay0/lbo-ws/Projects/DVR-008-002/Base_Design_Project/Reference_design_project_2020.2/PSCora/SoCora/zynq_fsbl/zynq_fsbl_bsp/system.mss|system||

TRACE::2026-09-01.14:36:27::SCWMssOS::Sw design exists and opened at  /mnt/isaac_sbay0/lbo-ws/Projects/DVR-008-002/Base_Design_Project/Reference_design_project_2020.2/PSCora/SoCora/zynq_fsbl/zynq_fsbl_bsp/system.mss
TRACE::2026-09-01.14:36:27::SCWPlatform::Trying to open the hw design at /mnt/isaac_sbay0/lbo-ws/Projects/DVR-008-002/Base_Design_Project/Reference_design_project_2020.2/PSCora/SoCora/hw/design_1_wrapper.xsa
TRACE::2026-09-01.14:36:27::SCWPlatform::DSA given /mnt/isaac_sbay0/lbo-ws/Projects/DVR-008-002/Base_Design_Project/Reference_design_project_2020.2/PSCora/SoCora/hw/design_1_wrapper.xsa
TRACE::2026-09-01.14:36:27::SCWPlatform::DSA absoulate path /mnt/isaac_sbay0/lbo-ws/Projects/DVR-008-002/Base_Design_Project/Reference_design_project_2020.2/PSCora/SoCora/hw/design_1_wrapper.xsa
TRACE::2026-09-01.14:36:27::SCWPlatform::DSA directory /mnt/isaac_sbay0/lbo-ws/Projects/DVR-008-002/Base_Design_Project/Reference_design_project_2020.2/PSCora/SoCora/hw
TRACE::2026-09-01.14:36:27::SCWPlatform:: Platform Path /mnt/isaac_sbay0/lbo-ws/Projects/DVR-008-002/Base_Design_Project/Reference_design_project_2020.2/PSCora/SoCora/hw/design_1_wrapper.xsa
TRACE::2026-09-01.14:36:27::SCWPlatform:: Unique name xilinx:::0.0
TRACE::2026-09-01.14:36:27::SCWPlatform::Trying to set the existing hwdb with name design_1_wrapper
TRACE::2026-09-01.14:36:27::SCWPlatform::Opened existing hwdb design_1_wrapper
TRACE::2026-09-01.14:36:27::SCWPlatform::Found the Hw Db part of the input DSA
TRACE::2026-09-01.14:36:27::SCWMssOS::Checking the sw design at  /mnt/isaac_sbay0/lbo-ws/Projects/DVR-008-002/Base_Design_Project/Reference_design_project_2020.2/PSCora/SoCora/ps7_cortexa9_0/standalone_domain/bsp/system.mss
TRACE::2026-09-01.14:36:27::SCWMssOS::DEBUG:  swdes dump  /mnt/isaac_sbay0/lbo-ws/Projects/DVR-008-002/Base_Design_Project/Reference_design_project_2020.2/PSCora/SoCora/ps7_cortexa9_0/standalone_domain/bsp/system.mss|system_0||
/mnt/isaac_sbay0/lbo-ws/Projects/DVR-008-002/Base_Design_Project/Reference_design_project_2020.2/PSCora/SoCora/zynq_fsbl/zynq_fsbl_bsp/system.mss|system||

TRACE::2026-09-01.14:36:27::SCWMssOS::Sw design exists and opened at  /mnt/isaac_sbay0/lbo-ws/Projects/DVR-008-002/Base_Design_Project/Reference_design_project_2020.2/PSCora/SoCora/ps7_cortexa9_0/standalone_domain/bsp/system.mss
TRACE::2026-09-01.14:36:27::SCWPlatform::Trying to open the hw design at /mnt/isaac_sbay0/lbo-ws/Projects/DVR-008-002/Base_Design_Project/Reference_design_project_2020.2/PSCora/SoCora/hw/design_1_wrapper.xsa
TRACE::2026-09-01.14:36:27::SCWPlatform::DSA given /mnt/isaac_sbay0/lbo-ws/Projects/DVR-008-002/Base_Design_Project/Reference_design_project_2020.2/PSCora/SoCora/hw/design_1_wrapper.xsa
TRACE::2026-09-01.14:36:27::SCWPlatform::DSA absoulate path /mnt/isaac_sbay0/lbo-ws/Projects/DVR-008-002/Base_Design_Project/Reference_design_project_2020.2/PSCora/SoCora/hw/design_1_wrapper.xsa
TRACE::2026-09-01.14:36:27::SCWPlatform::DSA directory /mnt/isaac_sbay0/lbo-ws/Projects/DVR-008-002/Base_Design_Project/Reference_design_project_2020.2/PSCora/SoCora/hw
TRACE::2026-09-01.14:36:27::SCWPlatform:: Platform Path /mnt/isaac_sbay0/lbo-ws/Projects/DVR-008-002/Base_Design_Project/Reference_design_project_2020.2/PSCora/SoCora/hw/design_1_wrapper.xsa
TRACE::2026-09-01.14:36:27::SCWPlatform:: Unique name xilinx:::0.0
TRACE::2026-09-01.14:36:27::SCWPlatform::Trying to set the existing hwdb with name design_1_wrapper
TRACE::2026-09-01.14:36:27::SCWPlatform::Opened existing hwdb design_1_wrapper
TRACE::2026-09-01.14:36:27::SCWPlatform::Found the Hw Db part of the input DSA
TRACE::2026-09-01.14:36:27::SCWMssOS::Checking the sw design at  /mnt/isaac_sbay0/lbo-ws/Projects/DVR-008-002/Base_Design_Project/Reference_design_project_2020.2/PSCora/SoCora/ps7_cortexa9_0/standalone_domain/bsp/system.mss
TRACE::2026-09-01.14:36:27::SCWMssOS::DEBUG:  swdes dump  /mnt/isaac_sbay0/lbo-ws/Projects/DVR-008-002/Base_Design_Project/Reference_design_project_2020.2/PSCora/SoCora/ps7_cortexa9_0/standalone_domain/bsp/system.mss|system_0||
/mnt/isaac_sbay0/lbo-ws/Projects/DVR-008-002/Base_Design_Project/Reference_design_project_2020.2/PSCora/SoCora/zynq_fsbl/zynq_fsbl_bsp/system.mss|system||

TRACE::2026-09-01.14:36:27::SCWMssOS::Sw design exists and opened at  /mnt/isaac_sbay0/lbo-ws/Projects/DVR-008-002/Base_Design_Project/Reference_design_project_2020.2/PSCora/SoCora/ps7_cortexa9_0/standalone_domain/bsp/system.mss
TRACE::2026-09-01.14:36:27::SCWPlatform::Trying to open the hw design at /mnt/isaac_sbay0/lbo-ws/Projects/DVR-008-002/Base_Design_Project/Reference_design_project_2020.2/PSCora/SoCora/hw/design_1_wrapper.xsa
TRACE::2026-09-01.14:36:27::SCWPlatform::DSA given /mnt/isaac_sbay0/lbo-ws/Projects/DVR-008-002/Base_Design_Project/Reference_design_project_2020.2/PSCora/SoCora/hw/design_1_wrapper.xsa
TRACE::2026-09-01.14:36:27::SCWPlatform::DSA absoulate path /mnt/isaac_sbay0/lbo-ws/Projects/DVR-008-002/Base_Design_Project/Reference_design_project_2020.2/PSCora/SoCora/hw/design_1_wrapper.xsa
TRACE::2026-09-01.14:36:27::SCWPlatform::DSA directory /mnt/isaac_sbay0/lbo-ws/Projects/DVR-008-002/Base_Design_Project/Reference_design_project_2020.2/PSCora/SoCora/hw
TRACE::2026-09-01.14:36:27::SCWPlatform:: Platform Path /mnt/isaac_sbay0/lbo-ws/Projects/DVR-008-002/Base_Design_Project/Reference_design_project_2020.2/PSCora/SoCora/hw/design_1_wrapper.xsa
TRACE::2026-09-01.14:36:27::SCWPlatform:: Unique name xilinx:::0.0
TRACE::2026-09-01.14:36:27::SCWPlatform::Trying to set the existing hwdb with name design_1_wrapper
TRACE::2026-09-01.14:36:27::SCWPlatform::Opened existing hwdb design_1_wrapper
TRACE::2026-09-01.14:36:27::SCWPlatform::Found the Hw Db part of the input DSA
TRACE::2026-09-01.14:36:27::SCWMssOS::Checking the sw design at  /mnt/isaac_sbay0/lbo-ws/Projects/DVR-008-002/Base_Design_Project/Reference_design_project_2020.2/PSCora/SoCora/ps7_cortexa9_0/standalone_domain/bsp/system.mss
TRACE::2026-09-01.14:36:27::SCWMssOS::DEBUG:  swdes dump  /mnt/isaac_sbay0/lbo-ws/Projects/DVR-008-002/Base_Design_Project/Reference_design_project_2020.2/PSCora/SoCora/ps7_cortexa9_0/standalone_domain/bsp/system.mss|system_0||
/mnt/isaac_sbay0/lbo-ws/Projects/DVR-008-002/Base_Design_Project/Reference_design_project_2020.2/PSCora/SoCora/zynq_fsbl/zynq_fsbl_bsp/system.mss|system||

TRACE::2026-09-01.14:36:27::SCWMssOS::Sw design exists and opened at  /mnt/isaac_sbay0/lbo-ws/Projects/DVR-008-002/Base_Design_Project/Reference_design_project_2020.2/PSCora/SoCora/ps7_cortexa9_0/standalone_domain/bsp/system.mss
TRACE::2026-09-01.14:36:27::SCWWriter::formatted JSON is {
	"platformName":	"SoCora",
	"sprVersion":	"2.0",
	"mode":	"cmd",
	"dsaType":	"Fixed",
	"platformDesc":	"SoCora",
	"platHandOff":	"/mnt/isaac_sbay0/lbo-ws/Projects/DVR-008-002/Base_Design_Project/Reference_design_project_2020.2/SoCora/design_1_wrapper.xsa",
	"platIntHandOff":	"<platformDir>/hw/design_1_wrapper.xsa",
	"deviceType":	"zynq",
	"platIsPrebuiltAutogen":	"false",
	"platIsNoBootBsp":	"false",
	"platFsblTarget":	"ps7_cortexa9_0",
	"hasFsblMakeHasChanges":	"false",
	"hasPmufwMakeHasChanges":	"false",
	"fsblExtraCompilerFlags":	"-MMD -MP       -mcpu=cortex-a9 -mfpu=vfpv3 -mfloat-abi=hard ",
	"platPreBuiltFlag":	false,
	"platformSamplesDir":	"",
	"platActiveSys":	"SoCora",
	"systems":	[{
			"systemName":	"SoCora",
			"systemDesc":	"SoCora",
			"sysIsBootAutoGen":	"true",
			"systemDispName":	"SoCora",
			"sysActiveDom":	"zynq_fsbl",
			"sysDefaultDom":	"standalone_domain",
			"domains":	[{
					"domainName":	"zynq_fsbl",
					"domainDispName":	"zynq_fsbl",
					"domainDesc":	"FSBL Application BSP - Auto Generated.",
					"processors":	"ps7_cortexa9_0",
					"os":	"standalone",
					"sdxOs":	"standalone",
					"debugEnable":	"",
					"domRuntimes":	["cpp"],
					"swRepo":	"",
					"mssOsVer":	"7.3",
					"mssFile":	"",
					"md5Digest":	"d6e5e7d1372224806e87c36e715390fd",
					"compatibleApp":	"zynq_fsbl",
					"domType":	"bootDomain",
					"arch":	"32-bit",
					"appSettings":	{
						"appCompilerFlags":	"",
						"appLinkerFlags":	""
					},
					"addedLibs":	["xilffs:4.4", "xilrsa:1.6"],
					"libOptions":	{
						"libsContainingOptions":	[]
					},
					"prebuiltLibs":	{
						"prebuiltIncPath":	[],
						"prebuiltLibPath":	[]
					},
					"isolation":	{
					}
				}, {
					"domainName":	"standalone_domain",
					"domainDispName":	"standalone_domain",
					"domainDesc":	"standalone_domain",
					"processors":	"ps7_cortexa9_0",
					"os":	"standalone",
					"sdxOs":	"standalone",
					"qemuArgs":	"/tools/xilinx/Vitis/2020.2/data/emulation/platforms/zynq/sw/a9_standalone/qemu/qemu_args.txt",
					"qemuData":	"/tools/xilinx/Vitis/2020.2/data/emulation/platforms/zynq/sw/a9_standalone/qemu/",
					"debugEnable":	"False",
					"domRuntimes":	["cpp"],
					"swRepo":	"",
					"mssOsVer":	"7.3",
					"mssFile":	"",
					"md5Digest":	"b8914f3358791840b410b55d5d146ff1",
					"compatibleApp":	"",
					"domType":	"mssDomain",
					"appSettings":	{
						"appCompilerFlags":	"",
						"appLinkerFlags":	""
					},
					"addedLibs":	[],
					"libOptions":	{
						"libsContainingOptions":	[]
					},
					"prebuiltLibs":	{
						"prebuiltIncPath":	[],
						"prebuiltLibPath":	[]
					},
					"isolation":	{
					}
				}]
		}]
}
TRACE::2026-09-01.14:36:27::SCWMssOS::Saving the mss changes /mnt/isaac_sbay0/lbo-ws/Projects/DVR-008-002/Base_Design_Project/Reference_design_project_2020.2/PSCora/SoCora/zynq_fsbl/zynq_fsbl_bsp/system.mss
TRACE::2026-09-01.14:36:27::SCWMssOS::Found a swdesign opened with the mssfile.
TRACE::2026-09-01.14:36:27::SCWMssOS::Completed writemss as part of save.
TRACE::2026-09-01.14:36:27::SCWMssOS::Commit changes completed.
TRACE::2026-09-01.14:36:27::SCWPlatform::Trying to open the hw design at /mnt/isaac_sbay0/lbo-ws/Projects/DVR-008-002/Base_Design_Project/Reference_design_project_2020.2/PSCora/SoCora/hw/design_1_wrapper.xsa
TRACE::2026-09-01.14:36:27::SCWPlatform::DSA given /mnt/isaac_sbay0/lbo-ws/Projects/DVR-008-002/Base_Design_Project/Reference_design_project_2020.2/PSCora/SoCora/hw/design_1_wrapper.xsa
TRACE::2026-09-01.14:36:27::SCWPlatform::DSA absoulate path /mnt/isaac_sbay0/lbo-ws/Projects/DVR-008-002/Base_Design_Project/Reference_design_project_2020.2/PSCora/SoCora/hw/design_1_wrapper.xsa
TRACE::2026-09-01.14:36:27::SCWPlatform::DSA directory /mnt/isaac_sbay0/lbo-ws/Projects/DVR-008-002/Base_Design_Project/Reference_design_project_2020.2/PSCora/SoCora/hw
TRACE::2026-09-01.14:36:27::SCWPlatform:: Platform Path /mnt/isaac_sbay0/lbo-ws/Projects/DVR-008-002/Base_Design_Project/Reference_design_project_2020.2/PSCora/SoCora/hw/design_1_wrapper.xsa
TRACE::2026-09-01.14:36:27::SCWPlatform:: Unique name xilinx:::0.0
TRACE::2026-09-01.14:36:27::SCWPlatform::Trying to set the existing hwdb with name design_1_wrapper
TRACE::2026-09-01.14:36:27::SCWPlatform::Opened existing hwdb design_1_wrapper
TRACE::2026-09-01.14:36:27::SCWPlatform::Found the Hw Db part of the input DSA
TRACE::2026-09-01.14:36:27::SCWMssOS::Checking the sw design at  /mnt/isaac_sbay0/lbo-ws/Projects/DVR-008-002/Base_Design_Project/Reference_design_project_2020.2/PSCora/SoCora/zynq_fsbl/zynq_fsbl_bsp/system.mss
TRACE::2026-09-01.14:36:27::SCWMssOS::DEBUG:  swdes dump  /mnt/isaac_sbay0/lbo-ws/Projects/DVR-008-002/Base_Design_Project/Reference_design_project_2020.2/PSCora/SoCora/ps7_cortexa9_0/standalone_domain/bsp/system.mss|system_0||
/mnt/isaac_sbay0/lbo-ws/Projects/DVR-008-002/Base_Design_Project/Reference_design_project_2020.2/PSCora/SoCora/zynq_fsbl/zynq_fsbl_bsp/system.mss|system||

TRACE::2026-09-01.14:36:27::SCWMssOS::Sw design exists and opened at  /mnt/isaac_sbay0/lbo-ws/Projects/DVR-008-002/Base_Design_Project/Reference_design_project_2020.2/PSCora/SoCora/zynq_fsbl/zynq_fsbl_bsp/system.mss
TRACE::2026-09-01.14:36:27::SCWMssOS::Removing the swdes entry for  /mnt/isaac_sbay0/lbo-ws/Projects/DVR-008-002/Base_Design_Project/Reference_design_project_2020.2/PSCora/SoCora/zynq_fsbl/zynq_fsbl_bsp/system.mss
TRACE::2026-09-01.14:36:27::SCWPlatform::Trying to open the hw design at /mnt/isaac_sbay0/lbo-ws/Projects/DVR-008-002/Base_Design_Project/Reference_design_project_2020.2/PSCora/SoCora/hw/design_1_wrapper.xsa
TRACE::2026-09-01.14:36:27::SCWPlatform::DSA given /mnt/isaac_sbay0/lbo-ws/Projects/DVR-008-002/Base_Design_Project/Reference_design_project_2020.2/PSCora/SoCora/hw/design_1_wrapper.xsa
TRACE::2026-09-01.14:36:27::SCWPlatform::DSA absoulate path /mnt/isaac_sbay0/lbo-ws/Projects/DVR-008-002/Base_Design_Project/Reference_design_project_2020.2/PSCora/SoCora/hw/design_1_wrapper.xsa
TRACE::2026-09-01.14:36:27::SCWPlatform::DSA directory /mnt/isaac_sbay0/lbo-ws/Projects/DVR-008-002/Base_Design_Project/Reference_design_project_2020.2/PSCora/SoCora/hw
TRACE::2026-09-01.14:36:27::SCWPlatform:: Platform Path /mnt/isaac_sbay0/lbo-ws/Projects/DVR-008-002/Base_Design_Project/Reference_design_project_2020.2/PSCora/SoCora/hw/design_1_wrapper.xsa
TRACE::2026-09-01.14:36:27::SCWPlatform:: Unique name xilinx:::0.0
TRACE::2026-09-01.14:36:27::SCWPlatform::Trying to set the existing hwdb with name design_1_wrapper
TRACE::2026-09-01.14:36:27::SCWPlatform::Opened existing hwdb design_1_wrapper
TRACE::2026-09-01.14:36:27::SCWPlatform::Found the Hw Db part of the input DSA
TRACE::2026-09-01.14:36:27::SCWMssOS::Checking the sw design at  /mnt/isaac_sbay0/lbo-ws/Projects/DVR-008-002/Base_Design_Project/Reference_design_project_2020.2/PSCora/SoCora/ps7_cortexa9_0/standalone_domain/bsp/system.mss
TRACE::2026-09-01.14:36:27::SCWMssOS::DEBUG:  swdes dump  /mnt/isaac_sbay0/lbo-ws/Projects/DVR-008-002/Base_Design_Project/Reference_design_project_2020.2/PSCora/SoCora/ps7_cortexa9_0/standalone_domain/bsp/system.mss|system_0||

TRACE::2026-09-01.14:36:27::SCWMssOS::Sw design exists and opened at  /mnt/isaac_sbay0/lbo-ws/Projects/DVR-008-002/Base_Design_Project/Reference_design_project_2020.2/PSCora/SoCora/ps7_cortexa9_0/standalone_domain/bsp/system.mss
TRACE::2026-09-01.14:36:27::SCWMssOS::Saving the mss changes /mnt/isaac_sbay0/lbo-ws/Projects/DVR-008-002/Base_Design_Project/Reference_design_project_2020.2/PSCora/SoCora/zynq_fsbl/zynq_fsbl_bsp/system.mss
TRACE::2026-09-01.14:36:27::SCWMssOS::Adding the swdes entry, mss present, able to open swdb /mnt/isaac_sbay0/lbo-ws/Projects/DVR-008-002/Base_Design_Project/Reference_design_project_2020.2/PSCora/SoCora/zynq_fsbl/zynq_fsbl_bsp/system.mss with des name system
TRACE::2026-09-01.14:36:27::SCWMssOS::Writing the mss file completed /mnt/isaac_sbay0/lbo-ws/Projects/DVR-008-002/Base_Design_Project/Reference_design_project_2020.2/PSCora/SoCora/zynq_fsbl/zynq_fsbl_bsp/system.mss
TRACE::2026-09-01.14:36:27::SCWMssOS::Commit changes completed.
TRACE::2026-09-01.14:36:27::SCWMssOS::Saving the mss changes /mnt/isaac_sbay0/lbo-ws/Projects/DVR-008-002/Base_Design_Project/Reference_design_project_2020.2/PSCora/SoCora/ps7_cortexa9_0/standalone_domain/bsp/system.mss
TRACE::2026-09-01.14:36:27::SCWMssOS::Found a swdesign opened with the mssfile.
TRACE::2026-09-01.14:36:27::SCWMssOS::Completed writemss as part of save.
TRACE::2026-09-01.14:36:27::SCWMssOS::Commit changes completed.
TRACE::2026-09-01.14:36:27::SCWPlatform::Trying to open the hw design at /mnt/isaac_sbay0/lbo-ws/Projects/DVR-008-002/Base_Design_Project/Reference_design_project_2020.2/PSCora/SoCora/hw/design_1_wrapper.xsa
TRACE::2026-09-01.14:36:27::SCWPlatform::DSA given /mnt/isaac_sbay0/lbo-ws/Projects/DVR-008-002/Base_Design_Project/Reference_design_project_2020.2/PSCora/SoCora/hw/design_1_wrapper.xsa
TRACE::2026-09-01.14:36:27::SCWPlatform::DSA absoulate path /mnt/isaac_sbay0/lbo-ws/Projects/DVR-008-002/Base_Design_Project/Reference_design_project_2020.2/PSCora/SoCora/hw/design_1_wrapper.xsa
TRACE::2026-09-01.14:36:27::SCWPlatform::DSA directory /mnt/isaac_sbay0/lbo-ws/Projects/DVR-008-002/Base_Design_Project/Reference_design_project_2020.2/PSCora/SoCora/hw
TRACE::2026-09-01.14:36:27::SCWPlatform:: Platform Path /mnt/isaac_sbay0/lbo-ws/Projects/DVR-008-002/Base_Design_Project/Reference_design_project_2020.2/PSCora/SoCora/hw/design_1_wrapper.xsa
TRACE::2026-09-01.14:36:27::SCWPlatform:: Unique name xilinx:::0.0
TRACE::2026-09-01.14:36:27::SCWPlatform::Trying to set the existing hwdb with name design_1_wrapper
TRACE::2026-09-01.14:36:27::SCWPlatform::Opened existing hwdb design_1_wrapper
TRACE::2026-09-01.14:36:27::SCWPlatform::Found the Hw Db part of the input DSA
TRACE::2026-09-01.14:36:27::SCWMssOS::Checking the sw design at  /mnt/isaac_sbay0/lbo-ws/Projects/DVR-008-002/Base_Design_Project/Reference_design_project_2020.2/PSCora/SoCora/zynq_fsbl/zynq_fsbl_bsp/system.mss
TRACE::2026-09-01.14:36:27::SCWMssOS::DEBUG:  swdes dump  /mnt/isaac_sbay0/lbo-ws/Projects/DVR-008-002/Base_Design_Project/Reference_design_project_2020.2/PSCora/SoCora/ps7_cortexa9_0/standalone_domain/bsp/system.mss|system_0||
/mnt/isaac_sbay0/lbo-ws/Projects/DVR-008-002/Base_Design_Project/Reference_design_project_2020.2/PSCora/SoCora/zynq_fsbl/zynq_fsbl_bsp/system.mss|system||

TRACE::2026-09-01.14:36:27::SCWMssOS::Sw design exists and opened at  /mnt/isaac_sbay0/lbo-ws/Projects/DVR-008-002/Base_Design_Project/Reference_design_project_2020.2/PSCora/SoCora/zynq_fsbl/zynq_fsbl_bsp/system.mss
TRACE::2026-09-01.14:36:27::SCWPlatform::Trying to open the hw design at /mnt/isaac_sbay0/lbo-ws/Projects/DVR-008-002/Base_Design_Project/Reference_design_project_2020.2/PSCora/SoCora/hw/design_1_wrapper.xsa
TRACE::2026-09-01.14:36:27::SCWPlatform::DSA given /mnt/isaac_sbay0/lbo-ws/Projects/DVR-008-002/Base_Design_Project/Reference_design_project_2020.2/PSCora/SoCora/hw/design_1_wrapper.xsa
TRACE::2026-09-01.14:36:27::SCWPlatform::DSA absoulate path /mnt/isaac_sbay0/lbo-ws/Projects/DVR-008-002/Base_Design_Project/Reference_design_project_2020.2/PSCora/SoCora/hw/design_1_wrapper.xsa
TRACE::2026-09-01.14:36:27::SCWPlatform::DSA directory /mnt/isaac_sbay0/lbo-ws/Projects/DVR-008-002/Base_Design_Project/Reference_design_project_2020.2/PSCora/SoCora/hw
TRACE::2026-09-01.14:36:27::SCWPlatform:: Platform Path /mnt/isaac_sbay0/lbo-ws/Projects/DVR-008-002/Base_Design_Project/Reference_design_project_2020.2/PSCora/SoCora/hw/design_1_wrapper.xsa
TRACE::2026-09-01.14:36:27::SCWPlatform:: Unique name xilinx:::0.0
TRACE::2026-09-01.14:36:27::SCWPlatform::Trying to set the existing hwdb with name design_1_wrapper
TRACE::2026-09-01.14:36:27::SCWPlatform::Opened existing hwdb design_1_wrapper
TRACE::2026-09-01.14:36:27::SCWPlatform::Found the Hw Db part of the input DSA
TRACE::2026-09-01.14:36:27::SCWMssOS::Checking the sw design at  /mnt/isaac_sbay0/lbo-ws/Projects/DVR-008-002/Base_Design_Project/Reference_design_project_2020.2/PSCora/SoCora/zynq_fsbl/zynq_fsbl_bsp/system.mss
TRACE::2026-09-01.14:36:27::SCWMssOS::DEBUG:  swdes dump  /mnt/isaac_sbay0/lbo-ws/Projects/DVR-008-002/Base_Design_Project/Reference_design_project_2020.2/PSCora/SoCora/ps7_cortexa9_0/standalone_domain/bsp/system.mss|system_0||
/mnt/isaac_sbay0/lbo-ws/Projects/DVR-008-002/Base_Design_Project/Reference_design_project_2020.2/PSCora/SoCora/zynq_fsbl/zynq_fsbl_bsp/system.mss|system||

TRACE::2026-09-01.14:36:27::SCWMssOS::Sw design exists and opened at  /mnt/isaac_sbay0/lbo-ws/Projects/DVR-008-002/Base_Design_Project/Reference_design_project_2020.2/PSCora/SoCora/zynq_fsbl/zynq_fsbl_bsp/system.mss
TRACE::2026-09-01.14:36:27::SCWPlatform::Trying to open the hw design at /mnt/isaac_sbay0/lbo-ws/Projects/DVR-008-002/Base_Design_Project/Reference_design_project_2020.2/PSCora/SoCora/hw/design_1_wrapper.xsa
TRACE::2026-09-01.14:36:27::SCWPlatform::DSA given /mnt/isaac_sbay0/lbo-ws/Projects/DVR-008-002/Base_Design_Project/Reference_design_project_2020.2/PSCora/SoCora/hw/design_1_wrapper.xsa
TRACE::2026-09-01.14:36:27::SCWPlatform::DSA absoulate path /mnt/isaac_sbay0/lbo-ws/Projects/DVR-008-002/Base_Design_Project/Reference_design_project_2020.2/PSCora/SoCora/hw/design_1_wrapper.xsa
TRACE::2026-09-01.14:36:27::SCWPlatform::DSA directory /mnt/isaac_sbay0/lbo-ws/Projects/DVR-008-002/Base_Design_Project/Reference_design_project_2020.2/PSCora/SoCora/hw
TRACE::2026-09-01.14:36:27::SCWPlatform:: Platform Path /mnt/isaac_sbay0/lbo-ws/Projects/DVR-008-002/Base_Design_Project/Reference_design_project_2020.2/PSCora/SoCora/hw/design_1_wrapper.xsa
TRACE::2026-09-01.14:36:27::SCWPlatform:: Unique name xilinx:::0.0
TRACE::2026-09-01.14:36:27::SCWPlatform::Trying to set the existing hwdb with name design_1_wrapper
TRACE::2026-09-01.14:36:27::SCWPlatform::Opened existing hwdb design_1_wrapper
TRACE::2026-09-01.14:36:27::SCWPlatform::Found the Hw Db part of the input DSA
TRACE::2026-09-01.14:36:27::SCWMssOS::Checking the sw design at  /mnt/isaac_sbay0/lbo-ws/Projects/DVR-008-002/Base_Design_Project/Reference_design_project_2020.2/PSCora/SoCora/zynq_fsbl/zynq_fsbl_bsp/system.mss
TRACE::2026-09-01.14:36:27::SCWMssOS::DEBUG:  swdes dump  /mnt/isaac_sbay0/lbo-ws/Projects/DVR-008-002/Base_Design_Project/Reference_design_project_2020.2/PSCora/SoCora/ps7_cortexa9_0/standalone_domain/bsp/system.mss|system_0||
/mnt/isaac_sbay0/lbo-ws/Projects/DVR-008-002/Base_Design_Project/Reference_design_project_2020.2/PSCora/SoCora/zynq_fsbl/zynq_fsbl_bsp/system.mss|system||

TRACE::2026-09-01.14:36:27::SCWMssOS::Sw design exists and opened at  /mnt/isaac_sbay0/lbo-ws/Projects/DVR-008-002/Base_Design_Project/Reference_design_project_2020.2/PSCora/SoCora/zynq_fsbl/zynq_fsbl_bsp/system.mss
TRACE::2026-09-01.14:36:27::SCWPlatform::Trying to open the hw design at /mnt/isaac_sbay0/lbo-ws/Projects/DVR-008-002/Base_Design_Project/Reference_design_project_2020.2/PSCora/SoCora/hw/design_1_wrapper.xsa
TRACE::2026-09-01.14:36:27::SCWPlatform::DSA given /mnt/isaac_sbay0/lbo-ws/Projects/DVR-008-002/Base_Design_Project/Reference_design_project_2020.2/PSCora/SoCora/hw/design_1_wrapper.xsa
TRACE::2026-09-01.14:36:27::SCWPlatform::DSA absoulate path /mnt/isaac_sbay0/lbo-ws/Projects/DVR-008-002/Base_Design_Project/Reference_design_project_2020.2/PSCora/SoCora/hw/design_1_wrapper.xsa
TRACE::2026-09-01.14:36:27::SCWPlatform::DSA directory /mnt/isaac_sbay0/lbo-ws/Projects/DVR-008-002/Base_Design_Project/Reference_design_project_2020.2/PSCora/SoCora/hw
TRACE::2026-09-01.14:36:27::SCWPlatform:: Platform Path /mnt/isaac_sbay0/lbo-ws/Projects/DVR-008-002/Base_Design_Project/Reference_design_project_2020.2/PSCora/SoCora/hw/design_1_wrapper.xsa
TRACE::2026-09-01.14:36:27::SCWPlatform:: Unique name xilinx:::0.0
TRACE::2026-09-01.14:36:27::SCWPlatform::Trying to set the existing hwdb with name design_1_wrapper
TRACE::2026-09-01.14:36:27::SCWPlatform::Opened existing hwdb design_1_wrapper
TRACE::2026-09-01.14:36:27::SCWPlatform::Found the Hw Db part of the input DSA
TRACE::2026-09-01.14:36:27::SCWMssOS::Checking the sw design at  /mnt/isaac_sbay0/lbo-ws/Projects/DVR-008-002/Base_Design_Project/Reference_design_project_2020.2/PSCora/SoCora/ps7_cortexa9_0/standalone_domain/bsp/system.mss
TRACE::2026-09-01.14:36:27::SCWMssOS::DEBUG:  swdes dump  /mnt/isaac_sbay0/lbo-ws/Projects/DVR-008-002/Base_Design_Project/Reference_design_project_2020.2/PSCora/SoCora/ps7_cortexa9_0/standalone_domain/bsp/system.mss|system_0||
/mnt/isaac_sbay0/lbo-ws/Projects/DVR-008-002/Base_Design_Project/Reference_design_project_2020.2/PSCora/SoCora/zynq_fsbl/zynq_fsbl_bsp/system.mss|system||

TRACE::2026-09-01.14:36:27::SCWMssOS::Sw design exists and opened at  /mnt/isaac_sbay0/lbo-ws/Projects/DVR-008-002/Base_Design_Project/Reference_design_project_2020.2/PSCora/SoCora/ps7_cortexa9_0/standalone_domain/bsp/system.mss
TRACE::2026-09-01.14:36:27::SCWPlatform::Trying to open the hw design at /mnt/isaac_sbay0/lbo-ws/Projects/DVR-008-002/Base_Design_Project/Reference_design_project_2020.2/PSCora/SoCora/hw/design_1_wrapper.xsa
TRACE::2026-09-01.14:36:27::SCWPlatform::DSA given /mnt/isaac_sbay0/lbo-ws/Projects/DVR-008-002/Base_Design_Project/Reference_design_project_2020.2/PSCora/SoCora/hw/design_1_wrapper.xsa
TRACE::2026-09-01.14:36:27::SCWPlatform::DSA absoulate path /mnt/isaac_sbay0/lbo-ws/Projects/DVR-008-002/Base_Design_Project/Reference_design_project_2020.2/PSCora/SoCora/hw/design_1_wrapper.xsa
TRACE::2026-09-01.14:36:27::SCWPlatform::DSA directory /mnt/isaac_sbay0/lbo-ws/Projects/DVR-008-002/Base_Design_Project/Reference_design_project_2020.2/PSCora/SoCora/hw
TRACE::2026-09-01.14:36:27::SCWPlatform:: Platform Path /mnt/isaac_sbay0/lbo-ws/Projects/DVR-008-002/Base_Design_Project/Reference_design_project_2020.2/PSCora/SoCora/hw/design_1_wrapper.xsa
TRACE::2026-09-01.14:36:27::SCWPlatform:: Unique name xilinx:::0.0
TRACE::2026-09-01.14:36:27::SCWPlatform::Trying to set the existing hwdb with name design_1_wrapper
TRACE::2026-09-01.14:36:27::SCWPlatform::Opened existing hwdb design_1_wrapper
TRACE::2026-09-01.14:36:27::SCWPlatform::Found the Hw Db part of the input DSA
TRACE::2026-09-01.14:36:27::SCWMssOS::Checking the sw design at  /mnt/isaac_sbay0/lbo-ws/Projects/DVR-008-002/Base_Design_Project/Reference_design_project_2020.2/PSCora/SoCora/ps7_cortexa9_0/standalone_domain/bsp/system.mss
TRACE::2026-09-01.14:36:27::SCWMssOS::DEBUG:  swdes dump  /mnt/isaac_sbay0/lbo-ws/Projects/DVR-008-002/Base_Design_Project/Reference_design_project_2020.2/PSCora/SoCora/ps7_cortexa9_0/standalone_domain/bsp/system.mss|system_0||
/mnt/isaac_sbay0/lbo-ws/Projects/DVR-008-002/Base_Design_Project/Reference_design_project_2020.2/PSCora/SoCora/zynq_fsbl/zynq_fsbl_bsp/system.mss|system||

TRACE::2026-09-01.14:36:27::SCWMssOS::Sw design exists and opened at  /mnt/isaac_sbay0/lbo-ws/Projects/DVR-008-002/Base_Design_Project/Reference_design_project_2020.2/PSCora/SoCora/ps7_cortexa9_0/standalone_domain/bsp/system.mss
TRACE::2026-09-01.14:36:27::SCWPlatform::Trying to open the hw design at /mnt/isaac_sbay0/lbo-ws/Projects/DVR-008-002/Base_Design_Project/Reference_design_project_2020.2/PSCora/SoCora/hw/design_1_wrapper.xsa
TRACE::2026-09-01.14:36:27::SCWPlatform::DSA given /mnt/isaac_sbay0/lbo-ws/Projects/DVR-008-002/Base_Design_Project/Reference_design_project_2020.2/PSCora/SoCora/hw/design_1_wrapper.xsa
TRACE::2026-09-01.14:36:27::SCWPlatform::DSA absoulate path /mnt/isaac_sbay0/lbo-ws/Projects/DVR-008-002/Base_Design_Project/Reference_design_project_2020.2/PSCora/SoCora/hw/design_1_wrapper.xsa
TRACE::2026-09-01.14:36:27::SCWPlatform::DSA directory /mnt/isaac_sbay0/lbo-ws/Projects/DVR-008-002/Base_Design_Project/Reference_design_project_2020.2/PSCora/SoCora/hw
TRACE::2026-09-01.14:36:27::SCWPlatform:: Platform Path /mnt/isaac_sbay0/lbo-ws/Projects/DVR-008-002/Base_Design_Project/Reference_design_project_2020.2/PSCora/SoCora/hw/design_1_wrapper.xsa
TRACE::2026-09-01.14:36:27::SCWPlatform:: Unique name xilinx:::0.0
TRACE::2026-09-01.14:36:27::SCWPlatform::Trying to set the existing hwdb with name design_1_wrapper
TRACE::2026-09-01.14:36:27::SCWPlatform::Opened existing hwdb design_1_wrapper
TRACE::2026-09-01.14:36:27::SCWPlatform::Found the Hw Db part of the input DSA
TRACE::2026-09-01.14:36:27::SCWMssOS::Checking the sw design at  /mnt/isaac_sbay0/lbo-ws/Projects/DVR-008-002/Base_Design_Project/Reference_design_project_2020.2/PSCora/SoCora/ps7_cortexa9_0/standalone_domain/bsp/system.mss
TRACE::2026-09-01.14:36:27::SCWMssOS::DEBUG:  swdes dump  /mnt/isaac_sbay0/lbo-ws/Projects/DVR-008-002/Base_Design_Project/Reference_design_project_2020.2/PSCora/SoCora/ps7_cortexa9_0/standalone_domain/bsp/system.mss|system_0||
/mnt/isaac_sbay0/lbo-ws/Projects/DVR-008-002/Base_Design_Project/Reference_design_project_2020.2/PSCora/SoCora/zynq_fsbl/zynq_fsbl_bsp/system.mss|system||

TRACE::2026-09-01.14:36:27::SCWMssOS::Sw design exists and opened at  /mnt/isaac_sbay0/lbo-ws/Projects/DVR-008-002/Base_Design_Project/Reference_design_project_2020.2/PSCora/SoCora/ps7_cortexa9_0/standalone_domain/bsp/system.mss
TRACE::2026-09-01.14:36:27::SCWWriter::formatted JSON is {
	"platformName":	"SoCora",
	"sprVersion":	"2.0",
	"mode":	"cmd",
	"dsaType":	"Fixed",
	"platformDesc":	"SoCora",
	"platHandOff":	"/mnt/isaac_sbay0/lbo-ws/Projects/DVR-008-002/Base_Design_Project/Reference_design_project_2020.2/SoCora/design_1_wrapper.xsa",
	"platIntHandOff":	"<platformDir>/hw/design_1_wrapper.xsa",
	"deviceType":	"zynq",
	"platIsPrebuiltAutogen":	"false",
	"platIsNoBootBsp":	"false",
	"platFsblTarget":	"ps7_cortexa9_0",
	"hasFsblMakeHasChanges":	"false",
	"hasPmufwMakeHasChanges":	"false",
	"fsblExtraCompilerFlags":	"-MMD -MP       -mcpu=cortex-a9 -mfpu=vfpv3 -mfloat-abi=hard ",
	"platPreBuiltFlag":	false,
	"platformSamplesDir":	"",
	"platActiveSys":	"SoCora",
	"systems":	[{
			"systemName":	"SoCora",
			"systemDesc":	"SoCora",
			"sysIsBootAutoGen":	"true",
			"systemDispName":	"SoCora",
			"sysActiveDom":	"standalone_domain",
			"sysDefaultDom":	"standalone_domain",
			"domains":	[{
					"domainName":	"zynq_fsbl",
					"domainDispName":	"zynq_fsbl",
					"domainDesc":	"FSBL Application BSP - Auto Generated.",
					"processors":	"ps7_cortexa9_0",
					"os":	"standalone",
					"sdxOs":	"standalone",
					"debugEnable":	"",
					"domRuntimes":	["cpp"],
					"swRepo":	"",
					"mssOsVer":	"7.3",
					"mssFile":	"",
					"md5Digest":	"d6e5e7d1372224806e87c36e715390fd",
					"compatibleApp":	"zynq_fsbl",
					"domType":	"bootDomain",
					"arch":	"32-bit",
					"appSettings":	{
						"appCompilerFlags":	"",
						"appLinkerFlags":	""
					},
					"addedLibs":	["xilffs:4.4", "xilrsa:1.6"],
					"libOptions":	{
						"libsContainingOptions":	[]
					},
					"prebuiltLibs":	{
						"prebuiltIncPath":	[],
						"prebuiltLibPath":	[]
					},
					"isolation":	{
					}
				}, {
					"domainName":	"standalone_domain",
					"domainDispName":	"standalone_domain",
					"domainDesc":	"standalone_domain",
					"processors":	"ps7_cortexa9_0",
					"os":	"standalone",
					"sdxOs":	"standalone",
					"qemuArgs":	"/tools/xilinx/Vitis/2020.2/data/emulation/platforms/zynq/sw/a9_standalone/qemu/qemu_args.txt",
					"qemuData":	"/tools/xilinx/Vitis/2020.2/data/emulation/platforms/zynq/sw/a9_standalone/qemu/",
					"debugEnable":	"False",
					"domRuntimes":	["cpp"],
					"swRepo":	"",
					"mssOsVer":	"7.3",
					"mssFile":	"",
					"md5Digest":	"b8914f3358791840b410b55d5d146ff1",
					"compatibleApp":	"",
					"domType":	"mssDomain",
					"appSettings":	{
						"appCompilerFlags":	"",
						"appLinkerFlags":	""
					},
					"addedLibs":	[],
					"libOptions":	{
						"libsContainingOptions":	[]
					},
					"prebuiltLibs":	{
						"prebuiltIncPath":	[],
						"prebuiltLibPath":	[]
					},
					"isolation":	{
					}
				}]
		}]
}
TRACE::2026-09-01.14:36:27::SCWMssOS::Saving the mss changes /mnt/isaac_sbay0/lbo-ws/Projects/DVR-008-002/Base_Design_Project/Reference_design_project_2020.2/PSCora/SoCora/ps7_cortexa9_0/standalone_domain/bsp/system.mss
TRACE::2026-09-01.14:36:27::SCWMssOS::Found a swdesign opened with the mssfile.
TRACE::2026-09-01.14:36:27::SCWMssOS::Completed writemss as part of save.
TRACE::2026-09-01.14:36:27::SCWMssOS::Commit changes completed.
TRACE::2026-09-01.14:36:27::SCWPlatform::Trying to open the hw design at /mnt/isaac_sbay0/lbo-ws/Projects/DVR-008-002/Base_Design_Project/Reference_design_project_2020.2/PSCora/SoCora/hw/design_1_wrapper.xsa
TRACE::2026-09-01.14:36:27::SCWPlatform::DSA given /mnt/isaac_sbay0/lbo-ws/Projects/DVR-008-002/Base_Design_Project/Reference_design_project_2020.2/PSCora/SoCora/hw/design_1_wrapper.xsa
TRACE::2026-09-01.14:36:27::SCWPlatform::DSA absoulate path /mnt/isaac_sbay0/lbo-ws/Projects/DVR-008-002/Base_Design_Project/Reference_design_project_2020.2/PSCora/SoCora/hw/design_1_wrapper.xsa
TRACE::2026-09-01.14:36:27::SCWPlatform::DSA directory /mnt/isaac_sbay0/lbo-ws/Projects/DVR-008-002/Base_Design_Project/Reference_design_project_2020.2/PSCora/SoCora/hw
TRACE::2026-09-01.14:36:27::SCWPlatform:: Platform Path /mnt/isaac_sbay0/lbo-ws/Projects/DVR-008-002/Base_Design_Project/Reference_design_project_2020.2/PSCora/SoCora/hw/design_1_wrapper.xsa
TRACE::2026-09-01.14:36:27::SCWPlatform:: Unique name xilinx:::0.0
TRACE::2026-09-01.14:36:27::SCWPlatform::Trying to set the existing hwdb with name design_1_wrapper
TRACE::2026-09-01.14:36:27::SCWPlatform::Opened existing hwdb design_1_wrapper
TRACE::2026-09-01.14:36:27::SCWPlatform::Found the Hw Db part of the input DSA
TRACE::2026-09-01.14:36:27::SCWMssOS::Checking the sw design at  /mnt/isaac_sbay0/lbo-ws/Projects/DVR-008-002/Base_Design_Project/Reference_design_project_2020.2/PSCora/SoCora/ps7_cortexa9_0/standalone_domain/bsp/system.mss
TRACE::2026-09-01.14:36:27::SCWMssOS::DEBUG:  swdes dump  /mnt/isaac_sbay0/lbo-ws/Projects/DVR-008-002/Base_Design_Project/Reference_design_project_2020.2/PSCora/SoCora/ps7_cortexa9_0/standalone_domain/bsp/system.mss|system_0||
/mnt/isaac_sbay0/lbo-ws/Projects/DVR-008-002/Base_Design_Project/Reference_design_project_2020.2/PSCora/SoCora/zynq_fsbl/zynq_fsbl_bsp/system.mss|system||

TRACE::2026-09-01.14:36:27::SCWMssOS::Sw design exists and opened at  /mnt/isaac_sbay0/lbo-ws/Projects/DVR-008-002/Base_Design_Project/Reference_design_project_2020.2/PSCora/SoCora/ps7_cortexa9_0/standalone_domain/bsp/system.mss
TRACE::2026-09-01.14:36:27::SCWMssOS::Removing the swdes entry for  /mnt/isaac_sbay0/lbo-ws/Projects/DVR-008-002/Base_Design_Project/Reference_design_project_2020.2/PSCora/SoCora/ps7_cortexa9_0/standalone_domain/bsp/system.mss
LOG::2026-09-01.14:36:30::SCWPlatform::Started generating the artifacts platform SoCora
TRACE::2026-09-01.14:36:30::SCWPlatform::Sanity checking of platform is completed
LOG::2026-09-01.14:36:30::SCWPlatform::Started generating the artifacts for system configuration SoCora
LOG::2026-09-01.14:36:30::SCWSystem::Checking the domain zynq_fsbl
LOG::2026-09-01.14:36:30::SCWSystem::Doing application build for :  zynq_fsbl
TRACE::2026-09-01.14:36:30::SCWBDomain::Not a forced makefile updation, No changes are present. 
TRACE::2026-09-01.14:36:30::SCWDomain::Building the domain as part of full build :  zynq_fsbl
TRACE::2026-09-01.14:36:30::SCWPlatform::Trying to open the hw design at /mnt/isaac_sbay0/lbo-ws/Projects/DVR-008-002/Base_Design_Project/Reference_design_project_2020.2/PSCora/SoCora/hw/design_1_wrapper.xsa
TRACE::2026-09-01.14:36:30::SCWPlatform::DSA given /mnt/isaac_sbay0/lbo-ws/Projects/DVR-008-002/Base_Design_Project/Reference_design_project_2020.2/PSCora/SoCora/hw/design_1_wrapper.xsa
TRACE::2026-09-01.14:36:30::SCWPlatform::DSA absoulate path /mnt/isaac_sbay0/lbo-ws/Projects/DVR-008-002/Base_Design_Project/Reference_design_project_2020.2/PSCora/SoCora/hw/design_1_wrapper.xsa
TRACE::2026-09-01.14:36:30::SCWPlatform::DSA directory /mnt/isaac_sbay0/lbo-ws/Projects/DVR-008-002/Base_Design_Project/Reference_design_project_2020.2/PSCora/SoCora/hw
TRACE::2026-09-01.14:36:30::SCWPlatform:: Platform Path /mnt/isaac_sbay0/lbo-ws/Projects/DVR-008-002/Base_Design_Project/Reference_design_project_2020.2/PSCora/SoCora/hw/design_1_wrapper.xsa
TRACE::2026-09-01.14:36:30::SCWPlatform:: Unique name xilinx:::0.0
TRACE::2026-09-01.14:36:30::SCWPlatform::Trying to set the existing hwdb with name design_1_wrapper
TRACE::2026-09-01.14:36:30::SCWPlatform::Opened existing hwdb design_1_wrapper
TRACE::2026-09-01.14:36:30::SCWPlatform::Found the Hw Db part of the input DSA
TRACE::2026-09-01.14:36:30::SCWMssOS::Checking the sw design at  /mnt/isaac_sbay0/lbo-ws/Projects/DVR-008-002/Base_Design_Project/Reference_design_project_2020.2/PSCora/SoCora/zynq_fsbl/zynq_fsbl_bsp/system.mss
TRACE::2026-09-01.14:36:30::SCWMssOS::DEBUG:  swdes dump  /mnt/isaac_sbay0/lbo-ws/Projects/DVR-008-002/Base_Design_Project/Reference_design_project_2020.2/PSCora/SoCora/zynq_fsbl/zynq_fsbl_bsp/system.mss|system||

TRACE::2026-09-01.14:36:30::SCWMssOS::Sw design exists and opened at  /mnt/isaac_sbay0/lbo-ws/Projects/DVR-008-002/Base_Design_Project/Reference_design_project_2020.2/PSCora/SoCora/zynq_fsbl/zynq_fsbl_bsp/system.mss
TRACE::2026-09-01.14:36:30::SCWBDomain::Completed writing the mss file at /mnt/isaac_sbay0/lbo-ws/Projects/DVR-008-002/Base_Design_Project/Reference_design_project_2020.2/PSCora/SoCora/zynq_fsbl/zynq_fsbl_bsp
TRACE::2026-09-01.14:36:30::SCWBDomain::bsp generated is upto date with the mss file. Skipping bsp generation.
TRACE::2026-09-01.14:36:30::SCWBDomain::Not a forced makefile updation, No changes are present. 
TRACE::2026-09-01.14:36:30::SCWBDomain::System Command Ran  cd  /mnt/isaac_sbay0/lbo-ws/Projects/DVR-008-002/Base_Design_Project/Reference_design_project_2020.2/PSCora/SoCora/zynq_fsbl ; bash -c " make -C zynq_fsbl_bsp ; make  " 
TRACE::2026-09-01.14:36:30::SCWBDomain::make: Entering directory '/mnt/isaac_sbay0/lbo-ws/Projects/DVR-008-002/Base_Design_Project/Reference_design_project_2020.2/PSCo
TRACE::2026-09-01.14:36:30::SCWBDomain::ra/SoCora/zynq_fsbl/zynq_fsbl_bsp'

TRACE::2026-09-01.14:36:30::SCWBDomain::make --no-print-directory seq_libs

TRACE::2026-09-01.14:36:30::SCWBDomain::Running Make include in ps7_cortexa9_0/libsrc/gpiops_v3_8/src

TRACE::2026-09-01.14:36:30::SCWBDomain::make -C ps7_cortexa9_0/libsrc/gpiops_v3_8/src -s include  "SHELL=/bin/sh" "COMPILER=arm-none-eabi-gcc" "ASSEMBLER=arm-none-eabi
TRACE::2026-09-01.14:36:30::SCWBDomain::-as" "ARCHIVER=arm-none-eabi-ar" "COMPILER_FLAGS=  -O2 -c" "EXTRA_COMPILER_FLAGS=-mcpu=cortex-a9 -mfpu=vfpv3 -mfloat-abi=hard -
TRACE::2026-09-01.14:36:30::SCWBDomain::nostartfiles -g -Wall -Wextra"

TRACE::2026-09-01.14:36:30::SCWBDomain::Running Make include in ps7_cortexa9_0/libsrc/xilffs_v4_4/src

TRACE::2026-09-01.14:36:30::SCWBDomain::make -C ps7_cortexa9_0/libsrc/xilffs_v4_4/src -s include  "SHELL=/bin/sh" "COMPILER=arm-none-eabi-gcc" "ASSEMBLER=arm-none-eabi
TRACE::2026-09-01.14:36:30::SCWBDomain::-as" "ARCHIVER=arm-none-eabi-ar" "COMPILER_FLAGS=  -O2 -c" "EXTRA_COMPILER_FLAGS=-mcpu=cortex-a9 -mfpu=vfpv3 -mfloat-abi=hard -
TRACE::2026-09-01.14:36:30::SCWBDomain::nostartfiles -g -Wall -Wextra"

TRACE::2026-09-01.14:36:30::SCWBDomain::Running Make include in ps7_cortexa9_0/libsrc/standalone_v7_3/src

TRACE::2026-09-01.14:36:30::SCWBDomain::make -C ps7_cortexa9_0/libsrc/standalone_v7_3/src -s include  "SHELL=/bin/sh" "COMPILER=arm-none-eabi-gcc" "ASSEMBLER=arm-none-
TRACE::2026-09-01.14:36:30::SCWBDomain::eabi-as" "ARCHIVER=arm-none-eabi-ar" "COMPILER_FLAGS=  -O2 -c" "EXTRA_COMPILER_FLAGS=-mcpu=cortex-a9 -mfpu=vfpv3 -mfloat-abi=ha
TRACE::2026-09-01.14:36:30::SCWBDomain::rd -nostartfiles -g -Wall -Wextra"

TRACE::2026-09-01.14:36:30::SCWBDomain::Running Make include in ps7_cortexa9_0/libsrc/emacps_v3_12/src

TRACE::2026-09-01.14:36:30::SCWBDomain::make -C ps7_cortexa9_0/libsrc/emacps_v3_12/src -s include  "SHELL=/bin/sh" "COMPILER=arm-none-eabi-gcc" "ASSEMBLER=arm-none-eab
TRACE::2026-09-01.14:36:30::SCWBDomain::i-as" "ARCHIVER=arm-none-eabi-ar" "COMPILER_FLAGS=  -O2 -c" "EXTRA_COMPILER_FLAGS=-mcpu=cortex-a9 -mfpu=vfpv3 -mfloat-abi=hard 
TRACE::2026-09-01.14:36:30::SCWBDomain::-nostartfiles -g -Wall -Wextra"

TRACE::2026-09-01.14:36:30::SCWBDomain::Running Make include in ps7_cortexa9_0/libsrc/usbps_v2_6/src

TRACE::2026-09-01.14:36:30::SCWBDomain::make -C ps7_cortexa9_0/libsrc/usbps_v2_6/src -s include  "SHELL=/bin/sh" "COMPILER=arm-none-eabi-gcc" "ASSEMBLER=arm-none-eabi-
TRACE::2026-09-01.14:36:30::SCWBDomain::as" "ARCHIVER=arm-none-eabi-ar" "COMPILER_FLAGS=  -O2 -c" "EXTRA_COMPILER_FLAGS=-mcpu=cortex-a9 -mfpu=vfpv3 -mfloat-abi=hard -n
TRACE::2026-09-01.14:36:30::SCWBDomain::ostartfiles -g -Wall -Wextra"

TRACE::2026-09-01.14:36:30::SCWBDomain::Running Make include in ps7_cortexa9_0/libsrc/cpu_cortexa9_v2_10/src

TRACE::2026-09-01.14:36:30::SCWBDomain::make -C ps7_cortexa9_0/libsrc/cpu_cortexa9_v2_10/src -s include  "SHELL=/bin/sh" "COMPILER=arm-none-eabi-gcc" "ASSEMBLER=arm-no
TRACE::2026-09-01.14:36:30::SCWBDomain::ne-eabi-as" "ARCHIVER=arm-none-eabi-ar" "COMPILER_FLAGS=  -O2 -c" "EXTRA_COMPILER_FLAGS=-mcpu=cortex-a9 -mfpu=vfpv3 -mfloat-abi
TRACE::2026-09-01.14:36:30::SCWBDomain::=hard -nostartfiles -g -Wall -Wextra"

TRACE::2026-09-01.14:36:30::SCWBDomain::Running Make include in ps7_cortexa9_0/libsrc/devcfg_v3_7/src

TRACE::2026-09-01.14:36:30::SCWBDomain::make -C ps7_cortexa9_0/libsrc/devcfg_v3_7/src -s include  "SHELL=/bin/sh" "COMPILER=arm-none-eabi-gcc" "ASSEMBLER=arm-none-eabi
TRACE::2026-09-01.14:36:30::SCWBDomain::-as" "ARCHIVER=arm-none-eabi-ar" "COMPILER_FLAGS=  -O2 -c" "EXTRA_COMPILER_FLAGS=-mcpu=cortex-a9 -mfpu=vfpv3 -mfloat-abi=hard -
TRACE::2026-09-01.14:36:30::SCWBDomain::nostartfiles -g -Wall -Wextra"

TRACE::2026-09-01.14:36:30::SCWBDomain::Running Make include in ps7_cortexa9_0/libsrc/scuwdt_v2_3/src

TRACE::2026-09-01.14:36:30::SCWBDomain::make -C ps7_cortexa9_0/libsrc/scuwdt_v2_3/src -s include  "SHELL=/bin/sh" "COMPILER=arm-none-eabi-gcc" "ASSEMBLER=arm-none-eabi
TRACE::2026-09-01.14:36:30::SCWBDomain::-as" "ARCHIVER=arm-none-eabi-ar" "COMPILER_FLAGS=  -O2 -c" "EXTRA_COMPILER_FLAGS=-mcpu=cortex-a9 -mfpu=vfpv3 -mfloat-abi=hard -
TRACE::2026-09-01.14:36:30::SCWBDomain::nostartfiles -g -Wall -Wextra"

TRACE::2026-09-01.14:36:30::SCWBDomain::Running Make include in ps7_cortexa9_0/libsrc/xilrsa_v1_6/src

TRACE::2026-09-01.14:36:30::SCWBDomain::make -C ps7_cortexa9_0/libsrc/xilrsa_v1_6/src -s include  "SHELL=/bin/sh" "COMPILER=arm-none-eabi-gcc" "ASSEMBLER=arm-none-eabi
TRACE::2026-09-01.14:36:30::SCWBDomain::-as" "ARCHIVER=arm-none-eabi-ar" "COMPILER_FLAGS=  -O2 -c" "EXTRA_COMPILER_FLAGS=-mcpu=cortex-a9 -mfpu=vfpv3 -mfloat-abi=hard -
TRACE::2026-09-01.14:36:30::SCWBDomain::nostartfiles -g -Wall -Wextra"

TRACE::2026-09-01.14:36:30::SCWBDomain::Running Make include in ps7_cortexa9_0/libsrc/scutimer_v2_3/src

TRACE::2026-09-01.14:36:30::SCWBDomain::make -C ps7_cortexa9_0/libsrc/scutimer_v2_3/src -s include  "SHELL=/bin/sh" "COMPILER=arm-none-eabi-gcc" "ASSEMBLER=arm-none-ea
TRACE::2026-09-01.14:36:30::SCWBDomain::bi-as" "ARCHIVER=arm-none-eabi-ar" "COMPILER_FLAGS=  -O2 -c" "EXTRA_COMPILER_FLAGS=-mcpu=cortex-a9 -mfpu=vfpv3 -mfloat-abi=hard
TRACE::2026-09-01.14:36:30::SCWBDomain:: -nostartfiles -g -Wall -Wextra"

TRACE::2026-09-01.14:36:30::SCWBDomain::Running Make include in ps7_cortexa9_0/libsrc/gpio_v4_7/src

TRACE::2026-09-01.14:36:30::SCWBDomain::make -C ps7_cortexa9_0/libsrc/gpio_v4_7/src -s include  "SHELL=/bin/sh" "COMPILER=arm-none-eabi-gcc" "ASSEMBLER=arm-none-eabi-a
TRACE::2026-09-01.14:36:30::SCWBDomain::s" "ARCHIVER=arm-none-eabi-ar" "COMPILER_FLAGS=  -O2 -c" "EXTRA_COMPILER_FLAGS=-mcpu=cortex-a9 -mfpu=vfpv3 -mfloat-abi=hard -no
TRACE::2026-09-01.14:36:30::SCWBDomain::startfiles -g -Wall -Wextra"

TRACE::2026-09-01.14:36:30::SCWBDomain::Running Make include in ps7_cortexa9_0/libsrc/xadcps_v2_5/src

TRACE::2026-09-01.14:36:30::SCWBDomain::make -C ps7_cortexa9_0/libsrc/xadcps_v2_5/src -s include  "SHELL=/bin/sh" "COMPILER=arm-none-eabi-gcc" "ASSEMBLER=arm-none-eabi
TRACE::2026-09-01.14:36:30::SCWBDomain::-as" "ARCHIVER=arm-none-eabi-ar" "COMPILER_FLAGS=  -O2 -c" "EXTRA_COMPILER_FLAGS=-mcpu=cortex-a9 -mfpu=vfpv3 -mfloat-abi=hard -
TRACE::2026-09-01.14:36:30::SCWBDomain::nostartfiles -g -Wall -Wextra"

TRACE::2026-09-01.14:36:30::SCWBDomain::Running Make include in ps7_cortexa9_0/libsrc/coresightps_dcc_v1_8/src

TRACE::2026-09-01.14:36:30::SCWBDomain::make -C ps7_cortexa9_0/libsrc/coresightps_dcc_v1_8/src -s include  "SHELL=/bin/sh" "COMPILER=arm-none-eabi-gcc" "ASSEMBLER=arm-
TRACE::2026-09-01.14:36:30::SCWBDomain::none-eabi-as" "ARCHIVER=arm-none-eabi-ar" "COMPILER_FLAGS=  -O2 -c" "EXTRA_COMPILER_FLAGS=-mcpu=cortex-a9 -mfpu=vfpv3 -mfloat-a
TRACE::2026-09-01.14:36:30::SCWBDomain::bi=hard -nostartfiles -g -Wall -Wextra"

TRACE::2026-09-01.14:36:30::SCWBDomain::Running Make include in ps7_cortexa9_0/libsrc/sdps_v3_10/src

TRACE::2026-09-01.14:36:30::SCWBDomain::make -C ps7_cortexa9_0/libsrc/sdps_v3_10/src -s include  "SHELL=/bin/sh" "COMPILER=arm-none-eabi-gcc" "ASSEMBLER=arm-none-eabi-
TRACE::2026-09-01.14:36:30::SCWBDomain::as" "ARCHIVER=arm-none-eabi-ar" "COMPILER_FLAGS=  -O2 -c" "EXTRA_COMPILER_FLAGS=-mcpu=cortex-a9 -mfpu=vfpv3 -mfloat-abi=hard -n
TRACE::2026-09-01.14:36:30::SCWBDomain::ostartfiles -g -Wall -Wextra"

TRACE::2026-09-01.14:36:30::SCWBDomain::Running Make include in ps7_cortexa9_0/libsrc/ddrps_v1_2/src

TRACE::2026-09-01.14:36:30::SCWBDomain::make -C ps7_cortexa9_0/libsrc/ddrps_v1_2/src -s include  "SHELL=/bin/sh" "COMPILER=arm-none-eabi-gcc" "ASSEMBLER=arm-none-eabi-
TRACE::2026-09-01.14:36:30::SCWBDomain::as" "ARCHIVER=arm-none-eabi-ar" "COMPILER_FLAGS=  -O2 -c" "EXTRA_COMPILER_FLAGS=-mcpu=cortex-a9 -mfpu=vfpv3 -mfloat-abi=hard -n
TRACE::2026-09-01.14:36:30::SCWBDomain::ostartfiles -g -Wall -Wextra"

TRACE::2026-09-01.14:36:30::SCWBDomain::Running Make include in ps7_cortexa9_0/libsrc/uartps_v3_10/src

TRACE::2026-09-01.14:36:30::SCWBDomain::make -C ps7_cortexa9_0/libsrc/uartps_v3_10/src -s include  "SHELL=/bin/sh" "COMPILER=arm-none-eabi-gcc" "ASSEMBLER=arm-none-eab
TRACE::2026-09-01.14:36:30::SCWBDomain::i-as" "ARCHIVER=arm-none-eabi-ar" "COMPILER_FLAGS=  -O2 -c" "EXTRA_COMPILER_FLAGS=-mcpu=cortex-a9 -mfpu=vfpv3 -mfloat-abi=hard 
TRACE::2026-09-01.14:36:30::SCWBDomain::-nostartfiles -g -Wall -Wextra"

TRACE::2026-09-01.14:36:30::SCWBDomain::Running Make include in ps7_cortexa9_0/libsrc/scugic_v4_3/src

TRACE::2026-09-01.14:36:30::SCWBDomain::make -C ps7_cortexa9_0/libsrc/scugic_v4_3/src -s include  "SHELL=/bin/sh" "COMPILER=arm-none-eabi-gcc" "ASSEMBLER=arm-none-eabi
TRACE::2026-09-01.14:36:30::SCWBDomain::-as" "ARCHIVER=arm-none-eabi-ar" "COMPILER_FLAGS=  -O2 -c" "EXTRA_COMPILER_FLAGS=-mcpu=cortex-a9 -mfpu=vfpv3 -mfloat-abi=hard -
TRACE::2026-09-01.14:36:30::SCWBDomain::nostartfiles -g -Wall -Wextra"

TRACE::2026-09-01.14:36:30::SCWBDomain::Running Make include in ps7_cortexa9_0/libsrc/dmaps_v2_7/src

TRACE::2026-09-01.14:36:30::SCWBDomain::make -C ps7_cortexa9_0/libsrc/dmaps_v2_7/src -s include  "SHELL=/bin/sh" "COMPILER=arm-none-eabi-gcc" "ASSEMBLER=arm-none-eabi-
TRACE::2026-09-01.14:36:30::SCWBDomain::as" "ARCHIVER=arm-none-eabi-ar" "COMPILER_FLAGS=  -O2 -c" "EXTRA_COMPILER_FLAGS=-mcpu=cortex-a9 -mfpu=vfpv3 -mfloat-abi=hard -n
TRACE::2026-09-01.14:36:30::SCWBDomain::ostartfiles -g -Wall -Wextra"

TRACE::2026-09-01.14:36:30::SCWBDomain::Running Make libs in ps7_cortexa9_0/libsrc/xilrsa_v1_6/src

TRACE::2026-09-01.14:36:30::SCWBDomain::make -C ps7_cortexa9_0/libsrc/xilrsa_v1_6/src -s libs  "SHELL=/bin/sh" "COMPILER=arm-none-eabi-gcc" "ASSEMBLER=arm-none-eabi-as
TRACE::2026-09-01.14:36:30::SCWBDomain::" "ARCHIVER=arm-none-eabi-ar" "COMPILER_FLAGS=  -O2 -c" "EXTRA_COMPILER_FLAGS=-mcpu=cortex-a9 -mfpu=vfpv3 -mfloat-abi=hard -nos
TRACE::2026-09-01.14:36:30::SCWBDomain::tartfiles -g -Wall -Wextra"

TRACE::2026-09-01.14:36:30::SCWBDomain::Finished building libraries sequentially.

TRACE::2026-09-01.14:36:30::SCWBDomain::make -j --no-print-directory par_libs

TRACE::2026-09-01.14:36:30::SCWBDomain::Running Make include in ps7_cortexa9_0/libsrc/xilffs_v4_4/src

TRACE::2026-09-01.14:36:30::SCWBDomain::Running Make include in ps7_cortexa9_0/libsrc/standalone_v7_3/src

TRACE::2026-09-01.14:36:30::SCWBDomain::make -C ps7_cortexa9_0/libsrc/xilffs_v4_4/src -s include  "SHELL=/bin/sh" "COMPILER=arm-none-eabi-gcc" "ASSEMBLER=arm-none-eabi
TRACE::2026-09-01.14:36:30::SCWBDomain::-as" "ARCHIVER=arm-none-eabi-ar" "COMPILER_FLAGS=  -O2 -c" "EXTRA_COMPILER_FLAGS=-mcpu=cortex-a9 -mfpu=vfpv3 -mfloat-abi=hard -
TRACE::2026-09-01.14:36:30::SCWBDomain::nostartfiles -g -Wall -Wextra"

TRACE::2026-09-01.14:36:30::SCWBDomain::make -C ps7_cortexa9_0/libsrc/standalone_v7_3/src -s include  "SHELL=/bin/sh" "COMPILER=arm-none-eabi-gcc" "ASSEMBLER=arm-none-
TRACE::2026-09-01.14:36:30::SCWBDomain::eabi-as" "ARCHIVER=arm-none-eabi-ar" "COMPILER_FLAGS=  -O2 -c" "EXTRA_COMPILER_FLAGS=-mcpu=cortex-a9 -mfpu=vfpv3 -mfloat-abi=ha
TRACE::2026-09-01.14:36:30::SCWBDomain::rd -nostartfiles -g -Wall -Wextra"

TRACE::2026-09-01.14:36:30::SCWBDomain::Running Make include in ps7_cortexa9_0/libsrc/scuwdt_v2_3/src

TRACE::2026-09-01.14:36:30::SCWBDomain::make -C ps7_cortexa9_0/libsrc/scuwdt_v2_3/src -s include  "SHELL=/bin/sh" "COMPILER=arm-none-eabi-gcc" "ASSEMBLER=arm-none-eabi
TRACE::2026-09-01.14:36:30::SCWBDomain::-as" "ARCHIVER=arm-none-eabi-ar" "COMPILER_FLAGS=  -O2 -c" "EXTRA_COMPILER_FLAGS=-mcpu=cortex-a9 -mfpu=vfpv3 -mfloat-abi=hard -
TRACE::2026-09-01.14:36:30::SCWBDomain::nostartfiles -g -Wall -Wextra"

TRACE::2026-09-01.14:36:30::SCWBDomain::Running Make include in ps7_cortexa9_0/libsrc/xilrsa_v1_6/src

TRACE::2026-09-01.14:36:30::SCWBDomain::make -C ps7_cortexa9_0/libsrc/xilrsa_v1_6/src -s include  "SHELL=/bin/sh" "COMPILER=arm-none-eabi-gcc" "ASSEMBLER=arm-none-eabi
TRACE::2026-09-01.14:36:30::SCWBDomain::-as" "ARCHIVER=arm-none-eabi-ar" "COMPILER_FLAGS=  -O2 -c" "EXTRA_COMPILER_FLAGS=-mcpu=cortex-a9 -mfpu=vfpv3 -mfloat-abi=hard -
TRACE::2026-09-01.14:36:30::SCWBDomain::nostartfiles -g -Wall -Wextra"

TRACE::2026-09-01.14:36:30::SCWBDomain::Running Make include in ps7_cortexa9_0/libsrc/gpiops_v3_8/src

TRACE::2026-09-01.14:36:30::SCWBDomain::Running Make include in ps7_cortexa9_0/libsrc/emacps_v3_12/src

TRACE::2026-09-01.14:36:30::SCWBDomain::Running Make include in ps7_cortexa9_0/libsrc/devcfg_v3_7/src

TRACE::2026-09-01.14:36:30::SCWBDomain::Running Make include in ps7_cortexa9_0/libsrc/cpu_cortexa9_v2_10/src

TRACE::2026-09-01.14:36:30::SCWBDomain::Running Make include in ps7_cortexa9_0/libsrc/usbps_v2_6/src

TRACE::2026-09-01.14:36:30::SCWBDomain::make -C ps7_cortexa9_0/libsrc/gpiops_v3_8/src -s include  "SHELL=/bin/sh" "COMPILER=arm-none-eabi-gcc" "ASSEMBLER=arm-none-eabi
TRACE::2026-09-01.14:36:30::SCWBDomain::-as" "ARCHIVER=arm-none-eabi-ar" "COMPILER_FLAGS=  -O2 -c" "EXTRA_COMPILER_FLAGS=-mcpu=cortex-a9 -mfpu=vfpv3 -mfloat-abi=hard -
TRACE::2026-09-01.14:36:30::SCWBDomain::nostartfiles -g -Wall -Wextra"

TRACE::2026-09-01.14:36:30::SCWBDomain::Running Make include in ps7_cortexa9_0/libsrc/scutimer_v2_3/src

TRACE::2026-09-01.14:36:30::SCWBDomain::make -C ps7_cortexa9_0/libsrc/emacps_v3_12/src -s include  "SHELL=/bin/sh" "COMPILER=arm-none-eabi-gcc" "ASSEMBLER=arm-none-eab
TRACE::2026-09-01.14:36:30::SCWBDomain::i-as" "ARCHIVER=arm-none-eabi-ar" "COMPILER_FLAGS=  -O2 -c" "EXTRA_COMPILER_FLAGS=-mcpu=cortex-a9 -mfpu=vfpv3 -mfloat-abi=hard 
TRACE::2026-09-01.14:36:30::SCWBDomain::-nostartfiles -g -Wall -Wextra"

TRACE::2026-09-01.14:36:30::SCWBDomain::make -C ps7_cortexa9_0/libsrc/usbps_v2_6/src -s include  "SHELL=/bin/sh" "COMPILER=arm-none-eabi-gcc" "ASSEMBLER=arm-none-eabi-
TRACE::2026-09-01.14:36:30::SCWBDomain::as" "ARCHIVER=arm-none-eabi-ar" "COMPILER_FLAGS=  -O2 -c" "EXTRA_COMPILER_FLAGS=-mcpu=cortex-a9 -mfpu=vfpv3 -mfloat-abi=hard -n
TRACE::2026-09-01.14:36:30::SCWBDomain::ostartfiles -g -Wall -Wextra"

TRACE::2026-09-01.14:36:30::SCWBDomain::Running Make include in ps7_cortexa9_0/libsrc/gpio_v4_7/src

TRACE::2026-09-01.14:36:30::SCWBDomain::make -C ps7_cortexa9_0/libsrc/cpu_cortexa9_v2_10/src -s include  "SHELL=/bin/sh" "COMPILER=arm-none-eabi-gcc" "ASSEMBLER=arm-no
TRACE::2026-09-01.14:36:30::SCWBDomain::ne-eabi-as" "ARCHIVER=arm-none-eabi-ar" "COMPILER_FLAGS=  -O2 -c" "EXTRA_COMPILER_FLAGS=-mcpu=cortex-a9 -mfpu=vfpv3 -mfloat-abi
TRACE::2026-09-01.14:36:30::SCWBDomain::=hard -nostartfiles -g -Wall -Wextra"

TRACE::2026-09-01.14:36:30::SCWBDomain::make -C ps7_cortexa9_0/libsrc/devcfg_v3_7/src -s include  "SHELL=/bin/sh" "COMPILER=arm-none-eabi-gcc" "ASSEMBLER=arm-none-eabi
TRACE::2026-09-01.14:36:30::SCWBDomain::-as" "ARCHIVER=arm-none-eabi-ar" "COMPILER_FLAGS=  -O2 -c" "EXTRA_COMPILER_FLAGS=-mcpu=cortex-a9 -mfpu=vfpv3 -mfloat-abi=hard -
TRACE::2026-09-01.14:36:30::SCWBDomain::nostartfiles -g -Wall -Wextra"

TRACE::2026-09-01.14:36:30::SCWBDomain::Running Make include in ps7_cortexa9_0/libsrc/xadcps_v2_5/src

TRACE::2026-09-01.14:36:30::SCWBDomain::make -C ps7_cortexa9_0/libsrc/scutimer_v2_3/src -s include  "SHELL=/bin/sh" "COMPILER=arm-none-eabi-gcc" "ASSEMBLER=arm-none-ea
TRACE::2026-09-01.14:36:30::SCWBDomain::bi-as" "ARCHIVER=arm-none-eabi-ar" "COMPILER_FLAGS=  -O2 -c" "EXTRA_COMPILER_FLAGS=-mcpu=cortex-a9 -mfpu=vfpv3 -mfloat-abi=hard
TRACE::2026-09-01.14:36:30::SCWBDomain:: -nostartfiles -g -Wall -Wextra"

TRACE::2026-09-01.14:36:30::SCWBDomain::make -C ps7_cortexa9_0/libsrc/gpio_v4_7/src -s include  "SHELL=/bin/sh" "COMPILER=arm-none-eabi-gcc" "ASSEMBLER=arm-none-eabi-a
TRACE::2026-09-01.14:36:30::SCWBDomain::s" "ARCHIVER=arm-none-eabi-ar" "COMPILER_FLAGS=  -O2 -c" "EXTRA_COMPILER_FLAGS=-mcpu=cortex-a9 -mfpu=vfpv3 -mfloat-abi=hard -no
TRACE::2026-09-01.14:36:30::SCWBDomain::startfiles -g -Wall -Wextra"

TRACE::2026-09-01.14:36:30::SCWBDomain::make -C ps7_cortexa9_0/libsrc/xadcps_v2_5/src -s include  "SHELL=/bin/sh" "COMPILER=arm-none-eabi-gcc" "ASSEMBLER=arm-none-eabi
TRACE::2026-09-01.14:36:30::SCWBDomain::-as" "ARCHIVER=arm-none-eabi-ar" "COMPILER_FLAGS=  -O2 -c" "EXTRA_COMPILER_FLAGS=-mcpu=cortex-a9 -mfpu=vfpv3 -mfloat-abi=hard -
TRACE::2026-09-01.14:36:30::SCWBDomain::nostartfiles -g -Wall -Wextra"

TRACE::2026-09-01.14:36:30::SCWBDomain::Running Make include in ps7_cortexa9_0/libsrc/coresightps_dcc_v1_8/src

TRACE::2026-09-01.14:36:30::SCWBDomain::make -C ps7_cortexa9_0/libsrc/coresightps_dcc_v1_8/src -s include  "SHELL=/bin/sh" "COMPILER=arm-none-eabi-gcc" "ASSEMBLER=arm-
TRACE::2026-09-01.14:36:30::SCWBDomain::none-eabi-as" "ARCHIVER=arm-none-eabi-ar" "COMPILER_FLAGS=  -O2 -c" "EXTRA_COMPILER_FLAGS=-mcpu=cortex-a9 -mfpu=vfpv3 -mfloat-a
TRACE::2026-09-01.14:36:30::SCWBDomain::bi=hard -nostartfiles -g -Wall -Wextra"

TRACE::2026-09-01.14:36:30::SCWBDomain::Running Make include in ps7_cortexa9_0/libsrc/sdps_v3_10/src

TRACE::2026-09-01.14:36:30::SCWBDomain::make -C ps7_cortexa9_0/libsrc/sdps_v3_10/src -s include  "SHELL=/bin/sh" "COMPILER=arm-none-eabi-gcc" "ASSEMBLER=arm-none-eabi-
TRACE::2026-09-01.14:36:30::SCWBDomain::as" "ARCHIVER=arm-none-eabi-ar" "COMPILER_FLAGS=  -O2 -c" "EXTRA_COMPILER_FLAGS=-mcpu=cortex-a9 -mfpu=vfpv3 -mfloat-abi=hard -n
TRACE::2026-09-01.14:36:30::SCWBDomain::ostartfiles -g -Wall -Wextra"

TRACE::2026-09-01.14:36:30::SCWBDomain::Running Make include in ps7_cortexa9_0/libsrc/ddrps_v1_2/src

TRACE::2026-09-01.14:36:30::SCWBDomain::make -C ps7_cortexa9_0/libsrc/ddrps_v1_2/src -s include  "SHELL=/bin/sh" "COMPILER=arm-none-eabi-gcc" "ASSEMBLER=arm-none-eabi-
TRACE::2026-09-01.14:36:30::SCWBDomain::as" "ARCHIVER=arm-none-eabi-ar" "COMPILER_FLAGS=  -O2 -c" "EXTRA_COMPILER_FLAGS=-mcpu=cortex-a9 -mfpu=vfpv3 -mfloat-abi=hard -n
TRACE::2026-09-01.14:36:30::SCWBDomain::ostartfiles -g -Wall -Wextra"

TRACE::2026-09-01.14:36:30::SCWBDomain::Running Make include in ps7_cortexa9_0/libsrc/uartps_v3_10/src

TRACE::2026-09-01.14:36:30::SCWBDomain::Running Make include in ps7_cortexa9_0/libsrc/scugic_v4_3/src

TRACE::2026-09-01.14:36:30::SCWBDomain::make -C ps7_cortexa9_0/libsrc/uartps_v3_10/src -s include  "SHELL=/bin/sh" "COMPILER=arm-none-eabi-gcc" "ASSEMBLER=arm-none-eab
TRACE::2026-09-01.14:36:30::SCWBDomain::i-as" "ARCHIVER=arm-none-eabi-ar" "COMPILER_FLAGS=  -O2 -c" "EXTRA_COMPILER_FLAGS=-mcpu=cortex-a9 -mfpu=vfpv3 -mfloat-abi=hard 
TRACE::2026-09-01.14:36:30::SCWBDomain::-nostartfiles -g -Wall -Wextra"

TRACE::2026-09-01.14:36:30::SCWBDomain::Running Make include in ps7_cortexa9_0/libsrc/dmaps_v2_7/src

TRACE::2026-09-01.14:36:30::SCWBDomain::make -C ps7_cortexa9_0/libsrc/scugic_v4_3/src -s include  "SHELL=/bin/sh" "COMPILER=arm-none-eabi-gcc" "ASSEMBLER=arm-none-eabi
TRACE::2026-09-01.14:36:30::SCWBDomain::-as" "ARCHIVER=arm-none-eabi-ar" "COMPILER_FLAGS=  -O2 -c" "EXTRA_COMPILER_FLAGS=-mcpu=cortex-a9 -mfpu=vfpv3 -mfloat-abi=hard -
TRACE::2026-09-01.14:36:30::SCWBDomain::nostartfiles -g -Wall -Wextra"

TRACE::2026-09-01.14:36:30::SCWBDomain::make -C ps7_cortexa9_0/libsrc/dmaps_v2_7/src -s include  "SHELL=/bin/sh" "COMPILER=arm-none-eabi-gcc" "ASSEMBLER=arm-none-eabi-
TRACE::2026-09-01.14:36:30::SCWBDomain::as" "ARCHIVER=arm-none-eabi-ar" "COMPILER_FLAGS=  -O2 -c" "EXTRA_COMPILER_FLAGS=-mcpu=cortex-a9 -mfpu=vfpv3 -mfloat-abi=hard -n
TRACE::2026-09-01.14:36:30::SCWBDomain::ostartfiles -g -Wall -Wextra"

TRACE::2026-09-01.14:36:30::SCWBDomain::Running Make libs in ps7_cortexa9_0/libsrc/gpiops_v3_8/src

TRACE::2026-09-01.14:36:30::SCWBDomain::Running Make libs in ps7_cortexa9_0/libsrc/xilffs_v4_4/src

TRACE::2026-09-01.14:36:30::SCWBDomain::make -C ps7_cortexa9_0/libsrc/gpiops_v3_8/src -s libs  "SHELL=/bin/sh" "COMPILER=arm-none-eabi-gcc" "ASSEMBLER=arm-none-eabi-as
TRACE::2026-09-01.14:36:30::SCWBDomain::" "ARCHIVER=arm-none-eabi-ar" "COMPILER_FLAGS=  -O2 -c" "EXTRA_COMPILER_FLAGS=-mcpu=cortex-a9 -mfpu=vfpv3 -mfloat-abi=hard -nos
TRACE::2026-09-01.14:36:30::SCWBDomain::tartfiles -g -Wall -Wextra"

TRACE::2026-09-01.14:36:30::SCWBDomain::make -C ps7_cortexa9_0/libsrc/xilffs_v4_4/src -s libs  "SHELL=/bin/sh" "COMPILER=arm-none-eabi-gcc" "ASSEMBLER=arm-none-eabi-as
TRACE::2026-09-01.14:36:30::SCWBDomain::" "ARCHIVER=arm-none-eabi-ar" "COMPILER_FLAGS=  -O2 -c" "EXTRA_COMPILER_FLAGS=-mcpu=cortex-a9 -mfpu=vfpv3 -mfloat-abi=hard -nos
TRACE::2026-09-01.14:36:30::SCWBDomain::tartfiles -g -Wall -Wextra"

TRACE::2026-09-01.14:36:30::SCWBDomain::Running Make libs in ps7_cortexa9_0/libsrc/standalone_v7_3/src

TRACE::2026-09-01.14:36:30::SCWBDomain::Running Make libs in ps7_cortexa9_0/libsrc/emacps_v3_12/src

TRACE::2026-09-01.14:36:30::SCWBDomain::make -C ps7_cortexa9_0/libsrc/standalone_v7_3/src -s libs  "SHELL=/bin/sh" "COMPILER=arm-none-eabi-gcc" "ASSEMBLER=arm-none-eab
TRACE::2026-09-01.14:36:30::SCWBDomain::i-as" "ARCHIVER=arm-none-eabi-ar" "COMPILER_FLAGS=  -O2 -c" "EXTRA_COMPILER_FLAGS=-mcpu=cortex-a9 -mfpu=vfpv3 -mfloat-abi=hard 
TRACE::2026-09-01.14:36:30::SCWBDomain::-nostartfiles -g -Wall -Wextra"

TRACE::2026-09-01.14:36:30::SCWBDomain::make -C ps7_cortexa9_0/libsrc/emacps_v3_12/src -s libs  "SHELL=/bin/sh" "COMPILER=arm-none-eabi-gcc" "ASSEMBLER=arm-none-eabi-a
TRACE::2026-09-01.14:36:30::SCWBDomain::s" "ARCHIVER=arm-none-eabi-ar" "COMPILER_FLAGS=  -O2 -c" "EXTRA_COMPILER_FLAGS=-mcpu=cortex-a9 -mfpu=vfpv3 -mfloat-abi=hard -no
TRACE::2026-09-01.14:36:30::SCWBDomain::startfiles -g -Wall -Wextra"

TRACE::2026-09-01.14:36:30::SCWBDomain::Running Make libs in ps7_cortexa9_0/libsrc/usbps_v2_6/src

TRACE::2026-09-01.14:36:30::SCWBDomain::make -C ps7_cortexa9_0/libsrc/usbps_v2_6/src -s libs  "SHELL=/bin/sh" "COMPILER=arm-none-eabi-gcc" "ASSEMBLER=arm-none-eabi-as"
TRACE::2026-09-01.14:36:30::SCWBDomain:: "ARCHIVER=arm-none-eabi-ar" "COMPILER_FLAGS=  -O2 -c" "EXTRA_COMPILER_FLAGS=-mcpu=cortex-a9 -mfpu=vfpv3 -mfloat-abi=hard -nost
TRACE::2026-09-01.14:36:30::SCWBDomain::artfiles -g -Wall -Wextra"

TRACE::2026-09-01.14:36:30::SCWBDomain::Running Make libs in ps7_cortexa9_0/libsrc/cpu_cortexa9_v2_10/src

TRACE::2026-09-01.14:36:30::SCWBDomain::Running Make libs in ps7_cortexa9_0/libsrc/devcfg_v3_7/src

TRACE::2026-09-01.14:36:30::SCWBDomain::make -C ps7_cortexa9_0/libsrc/cpu_cortexa9_v2_10/src -s libs  "SHELL=/bin/sh" "COMPILER=arm-none-eabi-gcc" "ASSEMBLER=arm-none-
TRACE::2026-09-01.14:36:30::SCWBDomain::eabi-as" "ARCHIVER=arm-none-eabi-ar" "COMPILER_FLAGS=  -O2 -c" "EXTRA_COMPILER_FLAGS=-mcpu=cortex-a9 -mfpu=vfpv3 -mfloat-abi=ha
TRACE::2026-09-01.14:36:30::SCWBDomain::rd -nostartfiles -g -Wall -Wextra"

TRACE::2026-09-01.14:36:30::SCWBDomain::make -C ps7_cortexa9_0/libsrc/devcfg_v3_7/src -s libs  "SHELL=/bin/sh" "COMPILER=arm-none-eabi-gcc" "ASSEMBLER=arm-none-eabi-as
TRACE::2026-09-01.14:36:30::SCWBDomain::" "ARCHIVER=arm-none-eabi-ar" "COMPILER_FLAGS=  -O2 -c" "EXTRA_COMPILER_FLAGS=-mcpu=cortex-a9 -mfpu=vfpv3 -mfloat-abi=hard -nos
TRACE::2026-09-01.14:36:30::SCWBDomain::tartfiles -g -Wall -Wextra"

TRACE::2026-09-01.14:36:30::SCWBDomain::Running Make libs in ps7_cortexa9_0/libsrc/scuwdt_v2_3/src

TRACE::2026-09-01.14:36:30::SCWBDomain::Running Make libs in ps7_cortexa9_0/libsrc/scutimer_v2_3/src

TRACE::2026-09-01.14:36:30::SCWBDomain::make -C ps7_cortexa9_0/libsrc/scuwdt_v2_3/src -s libs  "SHELL=/bin/sh" "COMPILER=arm-none-eabi-gcc" "ASSEMBLER=arm-none-eabi-as
TRACE::2026-09-01.14:36:30::SCWBDomain::" "ARCHIVER=arm-none-eabi-ar" "COMPILER_FLAGS=  -O2 -c" "EXTRA_COMPILER_FLAGS=-mcpu=cortex-a9 -mfpu=vfpv3 -mfloat-abi=hard -nos
TRACE::2026-09-01.14:36:30::SCWBDomain::tartfiles -g -Wall -Wextra"

TRACE::2026-09-01.14:36:30::SCWBDomain::make -C ps7_cortexa9_0/libsrc/scutimer_v2_3/src -s libs  "SHELL=/bin/sh" "COMPILER=arm-none-eabi-gcc" "ASSEMBLER=arm-none-eabi-
TRACE::2026-09-01.14:36:30::SCWBDomain::as" "ARCHIVER=arm-none-eabi-ar" "COMPILER_FLAGS=  -O2 -c" "EXTRA_COMPILER_FLAGS=-mcpu=cortex-a9 -mfpu=vfpv3 -mfloat-abi=hard -n
TRACE::2026-09-01.14:36:30::SCWBDomain::ostartfiles -g -Wall -Wextra"

TRACE::2026-09-01.14:36:30::SCWBDomain::Running Make libs in ps7_cortexa9_0/libsrc/gpio_v4_7/src

TRACE::2026-09-01.14:36:30::SCWBDomain::make -C ps7_cortexa9_0/libsrc/gpio_v4_7/src -s libs  "SHELL=/bin/sh" "COMPILER=arm-none-eabi-gcc" "ASSEMBLER=arm-none-eabi-as" 
TRACE::2026-09-01.14:36:30::SCWBDomain::"ARCHIVER=arm-none-eabi-ar" "COMPILER_FLAGS=  -O2 -c" "EXTRA_COMPILER_FLAGS=-mcpu=cortex-a9 -mfpu=vfpv3 -mfloat-abi=hard -nosta
TRACE::2026-09-01.14:36:30::SCWBDomain::rtfiles -g -Wall -Wextra"

TRACE::2026-09-01.14:36:30::SCWBDomain::Running Make libs in ps7_cortexa9_0/libsrc/xadcps_v2_5/src

TRACE::2026-09-01.14:36:30::SCWBDomain::make -C ps7_cortexa9_0/libsrc/xadcps_v2_5/src -s libs  "SHELL=/bin/sh" "COMPILER=arm-none-eabi-gcc" "ASSEMBLER=arm-none-eabi-as
TRACE::2026-09-01.14:36:30::SCWBDomain::" "ARCHIVER=arm-none-eabi-ar" "COMPILER_FLAGS=  -O2 -c" "EXTRA_COMPILER_FLAGS=-mcpu=cortex-a9 -mfpu=vfpv3 -mfloat-abi=hard -nos
TRACE::2026-09-01.14:36:30::SCWBDomain::tartfiles -g -Wall -Wextra"

TRACE::2026-09-01.14:36:30::SCWBDomain::Running Make libs in ps7_cortexa9_0/libsrc/coresightps_dcc_v1_8/src

TRACE::2026-09-01.14:36:30::SCWBDomain::Running Make libs in ps7_cortexa9_0/libsrc/sdps_v3_10/src

TRACE::2026-09-01.14:36:30::SCWBDomain::make -C ps7_cortexa9_0/libsrc/coresightps_dcc_v1_8/src -s libs  "SHELL=/bin/sh" "COMPILER=arm-none-eabi-gcc" "ASSEMBLER=arm-non
TRACE::2026-09-01.14:36:30::SCWBDomain::e-eabi-as" "ARCHIVER=arm-none-eabi-ar" "COMPILER_FLAGS=  -O2 -c" "EXTRA_COMPILER_FLAGS=-mcpu=cortex-a9 -mfpu=vfpv3 -mfloat-abi=
TRACE::2026-09-01.14:36:30::SCWBDomain::hard -nostartfiles -g -Wall -Wextra"

TRACE::2026-09-01.14:36:30::SCWBDomain::Running Make libs in ps7_cortexa9_0/libsrc/ddrps_v1_2/src

TRACE::2026-09-01.14:36:30::SCWBDomain::make -C ps7_cortexa9_0/libsrc/sdps_v3_10/src -s libs  "SHELL=/bin/sh" "COMPILER=arm-none-eabi-gcc" "ASSEMBLER=arm-none-eabi-as"
TRACE::2026-09-01.14:36:30::SCWBDomain:: "ARCHIVER=arm-none-eabi-ar" "COMPILER_FLAGS=  -O2 -c" "EXTRA_COMPILER_FLAGS=-mcpu=cortex-a9 -mfpu=vfpv3 -mfloat-abi=hard -nost
TRACE::2026-09-01.14:36:30::SCWBDomain::artfiles -g -Wall -Wextra"

TRACE::2026-09-01.14:36:30::SCWBDomain::make -C ps7_cortexa9_0/libsrc/ddrps_v1_2/src -s libs  "SHELL=/bin/sh" "COMPILER=arm-none-eabi-gcc" "ASSEMBLER=arm-none-eabi-as"
TRACE::2026-09-01.14:36:30::SCWBDomain:: "ARCHIVER=arm-none-eabi-ar" "COMPILER_FLAGS=  -O2 -c" "EXTRA_COMPILER_FLAGS=-mcpu=cortex-a9 -mfpu=vfpv3 -mfloat-abi=hard -nost
TRACE::2026-09-01.14:36:30::SCWBDomain::artfiles -g -Wall -Wextra"

TRACE::2026-09-01.14:36:30::SCWBDomain::Running Make libs in ps7_cortexa9_0/libsrc/scugic_v4_3/src

TRACE::2026-09-01.14:36:30::SCWBDomain::Running Make libs in ps7_cortexa9_0/libsrc/uartps_v3_10/src

TRACE::2026-09-01.14:36:30::SCWBDomain::make -C ps7_cortexa9_0/libsrc/uartps_v3_10/src -s libs  "SHELL=/bin/sh" "COMPILER=arm-none-eabi-gcc" "ASSEMBLER=arm-none-eabi-a
TRACE::2026-09-01.14:36:30::SCWBDomain::s" "ARCHIVER=arm-none-eabi-ar" "COMPILER_FLAGS=  -O2 -c" "EXTRA_COMPILER_FLAGS=-mcpu=cortex-a9 -mfpu=vfpv3 -mfloat-abi=hard -no
TRACE::2026-09-01.14:36:30::SCWBDomain::startfiles -g -Wall -Wextra"

TRACE::2026-09-01.14:36:30::SCWBDomain::make -C ps7_cortexa9_0/libsrc/scugic_v4_3/src -s libs  "SHELL=/bin/sh" "COMPILER=arm-none-eabi-gcc" "ASSEMBLER=arm-none-eabi-as
TRACE::2026-09-01.14:36:30::SCWBDomain::" "ARCHIVER=arm-none-eabi-ar" "COMPILER_FLAGS=  -O2 -c" "EXTRA_COMPILER_FLAGS=-mcpu=cortex-a9 -mfpu=vfpv3 -mfloat-abi=hard -nos
TRACE::2026-09-01.14:36:30::SCWBDomain::tartfiles -g -Wall -Wextra"

TRACE::2026-09-01.14:36:30::SCWBDomain::Running Make libs in ps7_cortexa9_0/libsrc/dmaps_v2_7/src

TRACE::2026-09-01.14:36:30::SCWBDomain::make -C ps7_cortexa9_0/libsrc/dmaps_v2_7/src -s libs  "SHELL=/bin/sh" "COMPILER=arm-none-eabi-gcc" "ASSEMBLER=arm-none-eabi-as"
TRACE::2026-09-01.14:36:30::SCWBDomain:: "ARCHIVER=arm-none-eabi-ar" "COMPILER_FLAGS=  -O2 -c" "EXTRA_COMPILER_FLAGS=-mcpu=cortex-a9 -mfpu=vfpv3 -mfloat-abi=hard -nost
TRACE::2026-09-01.14:36:30::SCWBDomain::artfiles -g -Wall -Wextra"

TRACE::2026-09-01.14:36:30::SCWBDomain::Finished building libraries parallelly.

TRACE::2026-09-01.14:36:30::SCWBDomain::make --no-print-directory archive

TRACE::2026-09-01.14:36:30::SCWBDomain::arm-none-eabi-ar -r  ps7_cortexa9_0/lib/libxil.a ps7_cortexa9_0/lib/xgpio_intr.o ps7_cortexa9_0/lib/xscuwdt_sinit.o ps7_cortexa
TRACE::2026-09-01.14:36:30::SCWBDomain::9_0/lib/outbyte.o ps7_cortexa9_0/lib/xdevcfg_g.o ps7_cortexa9_0/lib/fcntl.o ps7_cortexa9_0/lib/xuartps_sinit.o ps7_cortexa9_0/l
TRACE::2026-09-01.14:36:30::SCWBDomain::ib/xscutimer.o ps7_cortexa9_0/lib/xgpiops_intr.o ps7_cortexa9_0/lib/xadcps.o ps7_cortexa9_0/lib/xuartps_g.o ps7_cortexa9_0/lib/
TRACE::2026-09-01.14:36:30::SCWBDomain::xusbps_endpoint.o ps7_cortexa9_0/lib/xscugic_g.o ps7_cortexa9_0/lib/xil_printf.o ps7_cortexa9_0/lib/xil_sleepcommon.o ps7_corte
TRACE::2026-09-01.14:36:30::SCWBDomain::xa9_0/lib/xdevcfg_intr.o ps7_cortexa9_0/lib/xgpiops_sinit.o ps7_cortexa9_0/lib/xgpio_selftest.o ps7_cortexa9_0/lib/cpu_init.o p
TRACE::2026-09-01.14:36:30::SCWBDomain::s7_cortexa9_0/lib/xemacps_bdring.o ps7_cortexa9_0/lib/boot.o ps7_cortexa9_0/lib/xgpio_sinit.o ps7_cortexa9_0/lib/xil_clocking.o
TRACE::2026-09-01.14:36:30::SCWBDomain:: ps7_cortexa9_0/lib/xgpiops.o ps7_cortexa9_0/lib/xadcps_g.o ps7_cortexa9_0/lib/translation_table.o ps7_cortexa9_0/lib/xgpio_g.o
TRACE::2026-09-01.14:36:30::SCWBDomain:: ps7_cortexa9_0/lib/xgpiops_selftest.o ps7_cortexa9_0/lib/vectors.o ps7_cortexa9_0/lib/xusbps_sinit.o ps7_cortexa9_0/lib/xscugi
TRACE::2026-09-01.14:36:30::SCWBDomain::c_hw.o ps7_cortexa9_0/lib/xsdps.o ps7_cortexa9_0/lib/xgpiops_g.o ps7_cortexa9_0/lib/print.o ps7_cortexa9_0/lib/lseek.o ps7_cort
TRACE::2026-09-01.14:36:30::SCWBDomain::exa9_0/lib/xdmaps_selftest.o ps7_cortexa9_0/lib/xemacps_sinit.o ps7_cortexa9_0/lib/xil_util.o ps7_cortexa9_0/lib/xil_cache.o ps
TRACE::2026-09-01.14:36:30::SCWBDomain::7_cortexa9_0/lib/xemacps_hw.o ps7_cortexa9_0/lib/xscutimer_sinit.o ps7_cortexa9_0/lib/xdmaps_sinit.o ps7_cortexa9_0/lib/xil_mis
TRACE::2026-09-01.14:36:30::SCWBDomain::c_psreset_api.o ps7_cortexa9_0/lib/xsdps_options.o ps7_cortexa9_0/lib/xscutimer_g.o ps7_cortexa9_0/lib/xdmaps_g.o ps7_cortexa9_
TRACE::2026-09-01.14:36:30::SCWBDomain::0/lib/close.o ps7_cortexa9_0/lib/xadcps_intr.o ps7_cortexa9_0/lib/xil_sleeptimer.o ps7_cortexa9_0/lib/xdevcfg_hw.o ps7_cortexa9
TRACE::2026-09-01.14:36:30::SCWBDomain::_0/lib/unlink.o ps7_cortexa9_0/lib/sleep.o ps7_cortexa9_0/lib/xil_testio.o ps7_cortexa9_0/lib/xsdps_card.o ps7_cortexa9_0/lib/_
TRACE::2026-09-01.14:36:30::SCWBDomain::sbrk.o ps7_cortexa9_0/lib/read.o ps7_cortexa9_0/lib/xil_mmu.o ps7_cortexa9_0/lib/errno.o ps7_cortexa9_0/lib/xplatform_info.o ps
TRACE::2026-09-01.14:36:30::SCWBDomain::7_cortexa9_0/lib/xscugic_sinit.o ps7_cortexa9_0/lib/kill.o ps7_cortexa9_0/lib/usleep.o ps7_cortexa9_0/lib/xadcps_selftest.o ps7
TRACE::2026-09-01.14:36:30::SCWBDomain::_cortexa9_0/lib/xusbps.o ps7_cortexa9_0/lib/xil_testcache.o ps7_cortexa9_0/lib/xdevcfg.o ps7_cortexa9_0/lib/_open.o ps7_cortexa
TRACE::2026-09-01.14:36:30::SCWBDomain::9_0/lib/xil_mem.o ps7_cortexa9_0/lib/cpputest_time.o ps7_cortexa9_0/lib/open.o ps7_cortexa9_0/lib/xscuwdt_g.o ps7_cortexa9_0/li
TRACE::2026-09-01.14:36:30::SCWBDomain::b/xil-crt0.o ps7_cortexa9_0/lib/xuartps_hw.o ps7_cortexa9_0/lib/xscugic.o ps7_cortexa9_0/lib/xadcps_sinit.o ps7_cortexa9_0/lib/
TRACE::2026-09-01.14:36:30::SCWBDomain::isatty.o ps7_cortexa9_0/lib/xsdps_host.o ps7_cortexa9_0/lib/xgpio_extra.o ps7_cortexa9_0/lib/xusbps_intr.o ps7_cortexa9_0/lib/x
TRACE::2026-09-01.14:36:30::SCWBDomain::scuwdt_selftest.o ps7_cortexa9_0/lib/xemacps_intr.o ps7_cortexa9_0/lib/_exit.o ps7_cortexa9_0/lib/putnum.o ps7_cortexa9_0/lib/x
TRACE::2026-09-01.14:36:30::SCWBDomain::emacps_control.o ps7_cortexa9_0/lib/write.o ps7_cortexa9_0/lib/xil_testmem.o ps7_cortexa9_0/lib/xil_exception.o ps7_cortexa9_0/
TRACE::2026-09-01.14:36:30::SCWBDomain::lib/xuartps_selftest.o ps7_cortexa9_0/lib/xuartps_options.o ps7_cortexa9_0/lib/xscutimer_selftest.o ps7_cortexa9_0/lib/xsdps_si
TRACE::2026-09-01.14:36:30::SCWBDomain::nit.o ps7_cortexa9_0/lib/xusbps_g.o ps7_cortexa9_0/lib/xemacps.o ps7_cortexa9_0/lib/xsdps_g.o ps7_cortexa9_0/lib/xgpiops_hw.o p
TRACE::2026-09-01.14:36:30::SCWBDomain::s7_cortexa9_0/lib/sbrk.o ps7_cortexa9_0/lib/getpid.o ps7_cortexa9_0/lib/xgpio.o ps7_cortexa9_0/lib/xusbps_hw.o ps7_cortexa9_0/l
TRACE::2026-09-01.14:36:30::SCWBDomain::ib/xemacps_g.o ps7_cortexa9_0/lib/inbyte.o ps7_cortexa9_0/lib/xcoresightpsdcc.o ps7_cortexa9_0/lib/xscuwdt.o ps7_cortexa9_0/lib
TRACE::2026-09-01.14:36:30::SCWBDomain::/xdevcfg_selftest.o ps7_cortexa9_0/lib/xdmaps_hw.o ps7_cortexa9_0/lib/xdevcfg_sinit.o ps7_cortexa9_0/lib/xil_assert.o ps7_corte
TRACE::2026-09-01.14:36:30::SCWBDomain::xa9_0/lib/xuartps.o ps7_cortexa9_0/lib/xuartps_intr.o ps7_cortexa9_0/lib/xscugic_intr.o ps7_cortexa9_0/lib/abort.o ps7_cortexa9
TRACE::2026-09-01.14:36:30::SCWBDomain::_0/lib/xscugic_selftest.o ps7_cortexa9_0/lib/asm_vectors.o ps7_cortexa9_0/lib/xdmaps.o ps7_cortexa9_0/lib/xl2cc_counter.o ps7_c
TRACE::2026-09-01.14:36:30::SCWBDomain::ortexa9_0/lib/xtime_l.o ps7_cortexa9_0/lib/fstat.o ps7_cortexa9_0/lib/xpm_counter.o

TRACE::2026-09-01.14:36:30::SCWBDomain::Finished building libraries

TRACE::2026-09-01.14:36:30::SCWBDomain::make: Leaving directory '/mnt/isaac_sbay0/lbo-ws/Projects/DVR-008-002/Base_Design_Project/Reference_design_project_2020.2/PSCor
TRACE::2026-09-01.14:36:30::SCWBDomain::a/SoCora/zynq_fsbl/zynq_fsbl_bsp'

TRACE::2026-09-01.14:36:30::SCWBDomain::arm-none-eabi-gcc -o fsbl.elf  pcap.o  nand.o  qspi.o  rsa.o  main.o  fsbl_hooks.o  md5.o  image_mover.o  ps7_init.o  nor.o  sd
TRACE::2026-09-01.14:36:30::SCWBDomain::.o  fsbl_handoff.o  -MMD -MP       -mcpu=cortex-a9 -mfpu=vfpv3 -mfloat-abi=hard   -mcpu=cortex-a9 -mfpu=vfpv3 -mfloat-abi=hard 
TRACE::2026-09-01.14:36:30::SCWBDomain::-Wl,-build-id=none -specs=Xilinx.spec  -lrsa -Wl,--start-group,-lxil,-lgcc,-lc,--end-group -Wl,--start-group,-lxilffs,-lxil,-lg
TRACE::2026-09-01.14:36:30::SCWBDomain::cc,-lc,--end-group -Wl,--start-group,-lrsa,-lxil,-lgcc,-lc,--end-group                                   -Wl,--gc-sections -Lzy
TRACE::2026-09-01.14:36:30::SCWBDomain::nq_fsbl_bsp/ps7_cortexa9_0/lib -L./ -Tlscript.ld

LOG::2026-09-01.14:36:30::SCWSystem::Checking the domain standalone_domain
LOG::2026-09-01.14:36:30::SCWSystem::Not a boot domain 
LOG::2026-09-01.14:36:30::SCWSystem::Started Processing the domain standalone_domain
TRACE::2026-09-01.14:36:30::SCWDomain::Generating domain artifcats
TRACE::2026-09-01.14:36:30::SCWMssOS::Generating standalone artifcats
TRACE::2026-09-01.14:36:30::SCWMssOS::Copying the qemu file from  /tools/xilinx/Vitis/2020.2/data/emulation/platforms/zynq/sw/a9_standalone/qemu/qemu_args.txt To /mnt/isaac_sbay0/lbo-ws/Projects/DVR-008-002/Base_Design_Project/Reference_design_project_2020.2/PSCora/SoCora/export/SoCora/sw/SoCora/qemu/
TRACE::2026-09-01.14:36:30::SCWMssOS::Copying the qemu file from  /tools/xilinx/Vitis/2020.2/data/emulation/platforms/zynq/sw/a9_standalone/qemu/qemu_args.txt To /mnt/isaac_sbay0/lbo-ws/Projects/DVR-008-002/Base_Design_Project/Reference_design_project_2020.2/PSCora/SoCora/export/SoCora/sw/SoCora/standalone_domain/qemu/
TRACE::2026-09-01.14:36:30::SCWMssOS:: Copying the user libraries. 
TRACE::2026-09-01.14:36:30::SCWPlatform::Trying to open the hw design at /mnt/isaac_sbay0/lbo-ws/Projects/DVR-008-002/Base_Design_Project/Reference_design_project_2020.2/PSCora/SoCora/hw/design_1_wrapper.xsa
TRACE::2026-09-01.14:36:30::SCWPlatform::DSA given /mnt/isaac_sbay0/lbo-ws/Projects/DVR-008-002/Base_Design_Project/Reference_design_project_2020.2/PSCora/SoCora/hw/design_1_wrapper.xsa
TRACE::2026-09-01.14:36:30::SCWPlatform::DSA absoulate path /mnt/isaac_sbay0/lbo-ws/Projects/DVR-008-002/Base_Design_Project/Reference_design_project_2020.2/PSCora/SoCora/hw/design_1_wrapper.xsa
TRACE::2026-09-01.14:36:30::SCWPlatform::DSA directory /mnt/isaac_sbay0/lbo-ws/Projects/DVR-008-002/Base_Design_Project/Reference_design_project_2020.2/PSCora/SoCora/hw
TRACE::2026-09-01.14:36:30::SCWPlatform:: Platform Path /mnt/isaac_sbay0/lbo-ws/Projects/DVR-008-002/Base_Design_Project/Reference_design_project_2020.2/PSCora/SoCora/hw/design_1_wrapper.xsa
TRACE::2026-09-01.14:36:30::SCWPlatform:: Unique name xilinx:::0.0
TRACE::2026-09-01.14:36:30::SCWPlatform::Trying to set the existing hwdb with name design_1_wrapper
TRACE::2026-09-01.14:36:30::SCWPlatform::Opened existing hwdb design_1_wrapper
TRACE::2026-09-01.14:36:30::SCWPlatform::Found the Hw Db part of the input DSA
TRACE::2026-09-01.14:36:30::SCWMssOS::Checking the sw design at  /mnt/isaac_sbay0/lbo-ws/Projects/DVR-008-002/Base_Design_Project/Reference_design_project_2020.2/PSCora/SoCora/ps7_cortexa9_0/standalone_domain/bsp/system.mss
TRACE::2026-09-01.14:36:30::SCWMssOS::DEBUG:  swdes dump  /mnt/isaac_sbay0/lbo-ws/Projects/DVR-008-002/Base_Design_Project/Reference_design_project_2020.2/PSCora/SoCora/zynq_fsbl/zynq_fsbl_bsp/system.mss|system||

TRACE::2026-09-01.14:36:30::SCWMssOS::No sw design opened at  /mnt/isaac_sbay0/lbo-ws/Projects/DVR-008-002/Base_Design_Project/Reference_design_project_2020.2/PSCora/SoCora/ps7_cortexa9_0/standalone_domain/bsp/system.mss
TRACE::2026-09-01.14:36:30::SCWMssOS::mss exists loading the mss file  /mnt/isaac_sbay0/lbo-ws/Projects/DVR-008-002/Base_Design_Project/Reference_design_project_2020.2/PSCora/SoCora/ps7_cortexa9_0/standalone_domain/bsp/system.mss
TRACE::2026-09-01.14:36:30::SCWMssOS::Opened the sw design from mss  /mnt/isaac_sbay0/lbo-ws/Projects/DVR-008-002/Base_Design_Project/Reference_design_project_2020.2/PSCora/SoCora/ps7_cortexa9_0/standalone_domain/bsp/system.mss
TRACE::2026-09-01.14:36:30::SCWMssOS::Adding the swdes entry /mnt/isaac_sbay0/lbo-ws/Projects/DVR-008-002/Base_Design_Project/Reference_design_project_2020.2/PSCora/SoCora/ps7_cortexa9_0/standalone_domain/bsp/system.mss with des name system_0
TRACE::2026-09-01.14:36:30::SCWMssOS::updating the scw layer about changes
TRACE::2026-09-01.14:36:30::SCWMssOS::Opened the sw design.  /mnt/isaac_sbay0/lbo-ws/Projects/DVR-008-002/Base_Design_Project/Reference_design_project_2020.2/PSCora/SoCora/ps7_cortexa9_0/standalone_domain/bsp/system.mss
TRACE::2026-09-01.14:36:30::SCWMssOS::Completed writing the mss file at /mnt/isaac_sbay0/lbo-ws/Projects/DVR-008-002/Base_Design_Project/Reference_design_project_2020.2/PSCora/SoCora/ps7_cortexa9_0/standalone_domain/bsp
TRACE::2026-09-01.14:36:30::SCWMssOS::Mss edits present, copying mssfile into export location /mnt/isaac_sbay0/lbo-ws/Projects/DVR-008-002/Base_Design_Project/Reference_design_project_2020.2/PSCora/SoCora/ps7_cortexa9_0/standalone_domain/bsp/system.mss
TRACE::2026-09-01.14:36:30::SCWMssOS::bsp generated is upto date with the mss file. Skipping bsp generation.
TRACE::2026-09-01.14:36:30::SCWMssOS::BSP is already built. skipping the bsp build ... 
TRACE::2026-09-01.14:36:30::SCWDomain::Building the domain as part of full build :  standalone_domain
TRACE::2026-09-01.14:36:30::SCWMssOS::doing bsp build ... 
TRACE::2026-09-01.14:36:30::SCWMssOS::System Command Ran  cd  /mnt/isaac_sbay0/lbo-ws/Projects/DVR-008-002/Base_Design_Project/Reference_design_project_2020.2/PSCora/SoCora/ps7_cortexa9_0/standalone_domain/bsp ; bash -c "make  " 
TRACE::2026-09-01.14:36:30::SCWMssOS::make --no-print-directory seq_libs

TRACE::2026-09-01.14:36:30::SCWMssOS::Finished building libraries sequentially.

TRACE::2026-09-01.14:36:30::SCWMssOS::make -j --no-print-directory par_libs

TRACE::2026-09-01.14:36:30::SCWMssOS::Running Make include in ps7_cortexa9_0/libsrc/gpiops_v3_8/src

TRACE::2026-09-01.14:36:30::SCWMssOS::make -C ps7_cortexa9_0/libsrc/gpiops_v3_8/src -s include  "SHELL=/bin/sh" "COMPILER=arm-none-eabi-gcc" "ASSEMBLER=arm-none-eabi
TRACE::2026-09-01.14:36:30::SCWMssOS::-as" "ARCHIVER=arm-none-eabi-ar" "COMPILER_FLAGS=  -O2 -c" "EXTRA_COMPILER_FLAGS=-mcpu=cortex-a9 -mfpu=vfpv3 -mfloat-abi=hard -
TRACE::2026-09-01.14:36:30::SCWMssOS::nostartfiles -g -Wall -Wextra"

TRACE::2026-09-01.14:36:30::SCWMssOS::Running Make include in ps7_cortexa9_0/libsrc/standalone_v7_3/src

TRACE::2026-09-01.14:36:30::SCWMssOS::Running Make include in ps7_cortexa9_0/libsrc/emacps_v3_12/src

TRACE::2026-09-01.14:36:30::SCWMssOS::make -C ps7_cortexa9_0/libsrc/standalone_v7_3/src -s include  "SHELL=/bin/sh" "COMPILER=arm-none-eabi-gcc" "ASSEMBLER=arm-none-
TRACE::2026-09-01.14:36:30::SCWMssOS::eabi-as" "ARCHIVER=arm-none-eabi-ar" "COMPILER_FLAGS=  -O2 -c" "EXTRA_COMPILER_FLAGS=-mcpu=cortex-a9 -mfpu=vfpv3 -mfloat-abi=ha
TRACE::2026-09-01.14:36:30::SCWMssOS::rd -nostartfiles -g -Wall -Wextra"

TRACE::2026-09-01.14:36:30::SCWMssOS::Running Make include in ps7_cortexa9_0/libsrc/usbps_v2_6/src

TRACE::2026-09-01.14:36:30::SCWMssOS::Running Make include in ps7_cortexa9_0/libsrc/cpu_cortexa9_v2_10/src

TRACE::2026-09-01.14:36:30::SCWMssOS::make -C ps7_cortexa9_0/libsrc/emacps_v3_12/src -s include  "SHELL=/bin/sh" "COMPILER=arm-none-eabi-gcc" "ASSEMBLER=arm-none-eab
TRACE::2026-09-01.14:36:30::SCWMssOS::i-as" "ARCHIVER=arm-none-eabi-ar" "COMPILER_FLAGS=  -O2 -c" "EXTRA_COMPILER_FLAGS=-mcpu=cortex-a9 -mfpu=vfpv3 -mfloat-abi=hard 
TRACE::2026-09-01.14:36:30::SCWMssOS::-nostartfiles -g -Wall -Wextra"

TRACE::2026-09-01.14:36:30::SCWMssOS::Running Make include in ps7_cortexa9_0/libsrc/devcfg_v3_7/src

TRACE::2026-09-01.14:36:30::SCWMssOS::make -C ps7_cortexa9_0/libsrc/usbps_v2_6/src -s include  "SHELL=/bin/sh" "COMPILER=arm-none-eabi-gcc" "ASSEMBLER=arm-none-eabi-
TRACE::2026-09-01.14:36:30::SCWMssOS::as" "ARCHIVER=arm-none-eabi-ar" "COMPILER_FLAGS=  -O2 -c" "EXTRA_COMPILER_FLAGS=-mcpu=cortex-a9 -mfpu=vfpv3 -mfloat-abi=hard -n
TRACE::2026-09-01.14:36:30::SCWMssOS::ostartfiles -g -Wall -Wextra"

TRACE::2026-09-01.14:36:30::SCWMssOS::make -C ps7_cortexa9_0/libsrc/cpu_cortexa9_v2_10/src -s include  "SHELL=/bin/sh" "COMPILER=arm-none-eabi-gcc" "ASSEMBLER=arm-no
TRACE::2026-09-01.14:36:30::SCWMssOS::ne-eabi-as" "ARCHIVER=arm-none-eabi-ar" "COMPILER_FLAGS=  -O2 -c" "EXTRA_COMPILER_FLAGS=-mcpu=cortex-a9 -mfpu=vfpv3 -mfloat-abi
TRACE::2026-09-01.14:36:30::SCWMssOS::=hard -nostartfiles -g -Wall -Wextra"

TRACE::2026-09-01.14:36:30::SCWMssOS::make -C ps7_cortexa9_0/libsrc/devcfg_v3_7/src -s include  "SHELL=/bin/sh" "COMPILER=arm-none-eabi-gcc" "ASSEMBLER=arm-none-eabi
TRACE::2026-09-01.14:36:30::SCWMssOS::-as" "ARCHIVER=arm-none-eabi-ar" "COMPILER_FLAGS=  -O2 -c" "EXTRA_COMPILER_FLAGS=-mcpu=cortex-a9 -mfpu=vfpv3 -mfloat-abi=hard -
TRACE::2026-09-01.14:36:30::SCWMssOS::nostartfiles -g -Wall -Wextra"

TRACE::2026-09-01.14:36:30::SCWMssOS::Running Make include in ps7_cortexa9_0/libsrc/scuwdt_v2_3/src

TRACE::2026-09-01.14:36:30::SCWMssOS::Running Make include in ps7_cortexa9_0/libsrc/scutimer_v2_3/src

TRACE::2026-09-01.14:36:30::SCWMssOS::Running Make include in ps7_cortexa9_0/libsrc/gpio_v4_7/src

TRACE::2026-09-01.14:36:30::SCWMssOS::make -C ps7_cortexa9_0/libsrc/scuwdt_v2_3/src -s include  "SHELL=/bin/sh" "COMPILER=arm-none-eabi-gcc" "ASSEMBLER=arm-none-eabi
TRACE::2026-09-01.14:36:30::SCWMssOS::-as" "ARCHIVER=arm-none-eabi-ar" "COMPILER_FLAGS=  -O2 -c" "EXTRA_COMPILER_FLAGS=-mcpu=cortex-a9 -mfpu=vfpv3 -mfloat-abi=hard -
TRACE::2026-09-01.14:36:30::SCWMssOS::nostartfiles -g -Wall -Wextra"

TRACE::2026-09-01.14:36:30::SCWMssOS::make -C ps7_cortexa9_0/libsrc/scutimer_v2_3/src -s include  "SHELL=/bin/sh" "COMPILER=arm-none-eabi-gcc" "ASSEMBLER=arm-none-ea
TRACE::2026-09-01.14:36:30::SCWMssOS::bi-as" "ARCHIVER=arm-none-eabi-ar" "COMPILER_FLAGS=  -O2 -c" "EXTRA_COMPILER_FLAGS=-mcpu=cortex-a9 -mfpu=vfpv3 -mfloat-abi=hard
TRACE::2026-09-01.14:36:30::SCWMssOS:: -nostartfiles -g -Wall -Wextra"

TRACE::2026-09-01.14:36:30::SCWMssOS::make -C ps7_cortexa9_0/libsrc/gpio_v4_7/src -s include  "SHELL=/bin/sh" "COMPILER=arm-none-eabi-gcc" "ASSEMBLER=arm-none-eabi-a
TRACE::2026-09-01.14:36:30::SCWMssOS::s" "ARCHIVER=arm-none-eabi-ar" "COMPILER_FLAGS=  -O2 -c" "EXTRA_COMPILER_FLAGS=-mcpu=cortex-a9 -mfpu=vfpv3 -mfloat-abi=hard -no
TRACE::2026-09-01.14:36:30::SCWMssOS::startfiles -g -Wall -Wextra"

TRACE::2026-09-01.14:36:30::SCWMssOS::Running Make include in ps7_cortexa9_0/libsrc/xadcps_v2_5/src

TRACE::2026-09-01.14:36:30::SCWMssOS::make -C ps7_cortexa9_0/libsrc/xadcps_v2_5/src -s include  "SHELL=/bin/sh" "COMPILER=arm-none-eabi-gcc" "ASSEMBLER=arm-none-eabi
TRACE::2026-09-01.14:36:30::SCWMssOS::-as" "ARCHIVER=arm-none-eabi-ar" "COMPILER_FLAGS=  -O2 -c" "EXTRA_COMPILER_FLAGS=-mcpu=cortex-a9 -mfpu=vfpv3 -mfloat-abi=hard -
TRACE::2026-09-01.14:36:30::SCWMssOS::nostartfiles -g -Wall -Wextra"

TRACE::2026-09-01.14:36:30::SCWMssOS::Running Make include in ps7_cortexa9_0/libsrc/coresightps_dcc_v1_8/src

TRACE::2026-09-01.14:36:30::SCWMssOS::make -C ps7_cortexa9_0/libsrc/coresightps_dcc_v1_8/src -s include  "SHELL=/bin/sh" "COMPILER=arm-none-eabi-gcc" "ASSEMBLER=arm-
TRACE::2026-09-01.14:36:30::SCWMssOS::none-eabi-as" "ARCHIVER=arm-none-eabi-ar" "COMPILER_FLAGS=  -O2 -c" "EXTRA_COMPILER_FLAGS=-mcpu=cortex-a9 -mfpu=vfpv3 -mfloat-a
TRACE::2026-09-01.14:36:30::SCWMssOS::bi=hard -nostartfiles -g -Wall -Wextra"

TRACE::2026-09-01.14:36:30::SCWMssOS::Running Make include in ps7_cortexa9_0/libsrc/ddrps_v1_2/src

TRACE::2026-09-01.14:36:30::SCWMssOS::Running Make include in ps7_cortexa9_0/libsrc/sdps_v3_10/src

TRACE::2026-09-01.14:36:30::SCWMssOS::make -C ps7_cortexa9_0/libsrc/sdps_v3_10/src -s include  "SHELL=/bin/sh" "COMPILER=arm-none-eabi-gcc" "ASSEMBLER=arm-none-eabi-
TRACE::2026-09-01.14:36:30::SCWMssOS::as" "ARCHIVER=arm-none-eabi-ar" "COMPILER_FLAGS=  -O2 -c" "EXTRA_COMPILER_FLAGS=-mcpu=cortex-a9 -mfpu=vfpv3 -mfloat-abi=hard -n
TRACE::2026-09-01.14:36:30::SCWMssOS::ostartfiles -g -Wall -Wextra"

TRACE::2026-09-01.14:36:30::SCWMssOS::make -C ps7_cortexa9_0/libsrc/ddrps_v1_2/src -s include  "SHELL=/bin/sh" "COMPILER=arm-none-eabi-gcc" "ASSEMBLER=arm-none-eabi-
TRACE::2026-09-01.14:36:30::SCWMssOS::as" "ARCHIVER=arm-none-eabi-ar" "COMPILER_FLAGS=  -O2 -c" "EXTRA_COMPILER_FLAGS=-mcpu=cortex-a9 -mfpu=vfpv3 -mfloat-abi=hard -n
TRACE::2026-09-01.14:36:30::SCWMssOS::ostartfiles -g -Wall -Wextra"

TRACE::2026-09-01.14:36:30::SCWMssOS::Running Make include in ps7_cortexa9_0/libsrc/uartps_v3_10/src

TRACE::2026-09-01.14:36:30::SCWMssOS::Running Make include in ps7_cortexa9_0/libsrc/scugic_v4_3/src

TRACE::2026-09-01.14:36:30::SCWMssOS::make -C ps7_cortexa9_0/libsrc/uartps_v3_10/src -s include  "SHELL=/bin/sh" "COMPILER=arm-none-eabi-gcc" "ASSEMBLER=arm-none-eab
TRACE::2026-09-01.14:36:30::SCWMssOS::i-as" "ARCHIVER=arm-none-eabi-ar" "COMPILER_FLAGS=  -O2 -c" "EXTRA_COMPILER_FLAGS=-mcpu=cortex-a9 -mfpu=vfpv3 -mfloat-abi=hard 
TRACE::2026-09-01.14:36:30::SCWMssOS::-nostartfiles -g -Wall -Wextra"

TRACE::2026-09-01.14:36:30::SCWMssOS::make -C ps7_cortexa9_0/libsrc/scugic_v4_3/src -s include  "SHELL=/bin/sh" "COMPILER=arm-none-eabi-gcc" "ASSEMBLER=arm-none-eabi
TRACE::2026-09-01.14:36:30::SCWMssOS::-as" "ARCHIVER=arm-none-eabi-ar" "COMPILER_FLAGS=  -O2 -c" "EXTRA_COMPILER_FLAGS=-mcpu=cortex-a9 -mfpu=vfpv3 -mfloat-abi=hard -
TRACE::2026-09-01.14:36:30::SCWMssOS::nostartfiles -g -Wall -Wextra"

TRACE::2026-09-01.14:36:30::SCWMssOS::Running Make include in ps7_cortexa9_0/libsrc/dmaps_v2_7/src

TRACE::2026-09-01.14:36:30::SCWMssOS::make -C ps7_cortexa9_0/libsrc/dmaps_v2_7/src -s include  "SHELL=/bin/sh" "COMPILER=arm-none-eabi-gcc" "ASSEMBLER=arm-none-eabi-
TRACE::2026-09-01.14:36:30::SCWMssOS::as" "ARCHIVER=arm-none-eabi-ar" "COMPILER_FLAGS=  -O2 -c" "EXTRA_COMPILER_FLAGS=-mcpu=cortex-a9 -mfpu=vfpv3 -mfloat-abi=hard -n
TRACE::2026-09-01.14:36:30::SCWMssOS::ostartfiles -g -Wall -Wextra"

TRACE::2026-09-01.14:36:30::SCWMssOS::Running Make libs in ps7_cortexa9_0/libsrc/standalone_v7_3/src

TRACE::2026-09-01.14:36:30::SCWMssOS::Running Make libs in ps7_cortexa9_0/libsrc/gpiops_v3_8/src

TRACE::2026-09-01.14:36:30::SCWMssOS::make -C ps7_cortexa9_0/libsrc/standalone_v7_3/src -s libs  "SHELL=/bin/sh" "COMPILER=arm-none-eabi-gcc" "ASSEMBLER=arm-none-eab
TRACE::2026-09-01.14:36:30::SCWMssOS::i-as" "ARCHIVER=arm-none-eabi-ar" "COMPILER_FLAGS=  -O2 -c" "EXTRA_COMPILER_FLAGS=-mcpu=cortex-a9 -mfpu=vfpv3 -mfloat-abi=hard 
TRACE::2026-09-01.14:36:30::SCWMssOS::-nostartfiles -g -Wall -Wextra"

TRACE::2026-09-01.14:36:30::SCWMssOS::Running Make libs in ps7_cortexa9_0/libsrc/emacps_v3_12/src

TRACE::2026-09-01.14:36:30::SCWMssOS::make -C ps7_cortexa9_0/libsrc/gpiops_v3_8/src -s libs  "SHELL=/bin/sh" "COMPILER=arm-none-eabi-gcc" "ASSEMBLER=arm-none-eabi-as
TRACE::2026-09-01.14:36:30::SCWMssOS::" "ARCHIVER=arm-none-eabi-ar" "COMPILER_FLAGS=  -O2 -c" "EXTRA_COMPILER_FLAGS=-mcpu=cortex-a9 -mfpu=vfpv3 -mfloat-abi=hard -nos
TRACE::2026-09-01.14:36:30::SCWMssOS::tartfiles -g -Wall -Wextra"

TRACE::2026-09-01.14:36:30::SCWMssOS::make -C ps7_cortexa9_0/libsrc/emacps_v3_12/src -s libs  "SHELL=/bin/sh" "COMPILER=arm-none-eabi-gcc" "ASSEMBLER=arm-none-eabi-a
TRACE::2026-09-01.14:36:30::SCWMssOS::s" "ARCHIVER=arm-none-eabi-ar" "COMPILER_FLAGS=  -O2 -c" "EXTRA_COMPILER_FLAGS=-mcpu=cortex-a9 -mfpu=vfpv3 -mfloat-abi=hard -no
TRACE::2026-09-01.14:36:30::SCWMssOS::startfiles -g -Wall -Wextra"

TRACE::2026-09-01.14:36:30::SCWMssOS::Running Make libs in ps7_cortexa9_0/libsrc/usbps_v2_6/src

TRACE::2026-09-01.14:36:30::SCWMssOS::Running Make libs in ps7_cortexa9_0/libsrc/devcfg_v3_7/src

TRACE::2026-09-01.14:36:30::SCWMssOS::Running Make libs in ps7_cortexa9_0/libsrc/cpu_cortexa9_v2_10/src

TRACE::2026-09-01.14:36:30::SCWMssOS::make -C ps7_cortexa9_0/libsrc/usbps_v2_6/src -s libs  "SHELL=/bin/sh" "COMPILER=arm-none-eabi-gcc" "ASSEMBLER=arm-none-eabi-as"
TRACE::2026-09-01.14:36:30::SCWMssOS:: "ARCHIVER=arm-none-eabi-ar" "COMPILER_FLAGS=  -O2 -c" "EXTRA_COMPILER_FLAGS=-mcpu=cortex-a9 -mfpu=vfpv3 -mfloat-abi=hard -nost
TRACE::2026-09-01.14:36:30::SCWMssOS::artfiles -g -Wall -Wextra"

TRACE::2026-09-01.14:36:30::SCWMssOS::make -C ps7_cortexa9_0/libsrc/cpu_cortexa9_v2_10/src -s libs  "SHELL=/bin/sh" "COMPILER=arm-none-eabi-gcc" "ASSEMBLER=arm-none-
TRACE::2026-09-01.14:36:30::SCWMssOS::eabi-as" "ARCHIVER=arm-none-eabi-ar" "COMPILER_FLAGS=  -O2 -c" "EXTRA_COMPILER_FLAGS=-mcpu=cortex-a9 -mfpu=vfpv3 -mfloat-abi=ha
TRACE::2026-09-01.14:36:30::SCWMssOS::rd -nostartfiles -g -Wall -Wextra"

TRACE::2026-09-01.14:36:30::SCWMssOS::make -C ps7_cortexa9_0/libsrc/devcfg_v3_7/src -s libs  "SHELL=/bin/sh" "COMPILER=arm-none-eabi-gcc" "ASSEMBLER=arm-none-eabi-as
TRACE::2026-09-01.14:36:30::SCWMssOS::" "ARCHIVER=arm-none-eabi-ar" "COMPILER_FLAGS=  -O2 -c" "EXTRA_COMPILER_FLAGS=-mcpu=cortex-a9 -mfpu=vfpv3 -mfloat-abi=hard -nos
TRACE::2026-09-01.14:36:30::SCWMssOS::tartfiles -g -Wall -Wextra"

TRACE::2026-09-01.14:36:30::SCWMssOS::Running Make libs in ps7_cortexa9_0/libsrc/scutimer_v2_3/src

TRACE::2026-09-01.14:36:30::SCWMssOS::Running Make libs in ps7_cortexa9_0/libsrc/scuwdt_v2_3/src

TRACE::2026-09-01.14:36:30::SCWMssOS::make -C ps7_cortexa9_0/libsrc/scutimer_v2_3/src -s libs  "SHELL=/bin/sh" "COMPILER=arm-none-eabi-gcc" "ASSEMBLER=arm-none-eabi-
TRACE::2026-09-01.14:36:30::SCWMssOS::as" "ARCHIVER=arm-none-eabi-ar" "COMPILER_FLAGS=  -O2 -c" "EXTRA_COMPILER_FLAGS=-mcpu=cortex-a9 -mfpu=vfpv3 -mfloat-abi=hard -n
TRACE::2026-09-01.14:36:30::SCWMssOS::ostartfiles -g -Wall -Wextra"

TRACE::2026-09-01.14:36:30::SCWMssOS::make -C ps7_cortexa9_0/libsrc/scuwdt_v2_3/src -s libs  "SHELL=/bin/sh" "COMPILER=arm-none-eabi-gcc" "ASSEMBLER=arm-none-eabi-as
TRACE::2026-09-01.14:36:30::SCWMssOS::" "ARCHIVER=arm-none-eabi-ar" "COMPILER_FLAGS=  -O2 -c" "EXTRA_COMPILER_FLAGS=-mcpu=cortex-a9 -mfpu=vfpv3 -mfloat-abi=hard -nos
TRACE::2026-09-01.14:36:30::SCWMssOS::tartfiles -g -Wall -Wextra"

TRACE::2026-09-01.14:36:30::SCWMssOS::Running Make libs in ps7_cortexa9_0/libsrc/xadcps_v2_5/src

TRACE::2026-09-01.14:36:30::SCWMssOS::Running Make libs in ps7_cortexa9_0/libsrc/gpio_v4_7/src

TRACE::2026-09-01.14:36:30::SCWMssOS::make -C ps7_cortexa9_0/libsrc/gpio_v4_7/src -s libs  "SHELL=/bin/sh" "COMPILER=arm-none-eabi-gcc" "ASSEMBLER=arm-none-eabi-as" 
TRACE::2026-09-01.14:36:30::SCWMssOS::"ARCHIVER=arm-none-eabi-ar" "COMPILER_FLAGS=  -O2 -c" "EXTRA_COMPILER_FLAGS=-mcpu=cortex-a9 -mfpu=vfpv3 -mfloat-abi=hard -nosta
TRACE::2026-09-01.14:36:30::SCWMssOS::rtfiles -g -Wall -Wextra"

TRACE::2026-09-01.14:36:30::SCWMssOS::make -C ps7_cortexa9_0/libsrc/xadcps_v2_5/src -s libs  "SHELL=/bin/sh" "COMPILER=arm-none-eabi-gcc" "ASSEMBLER=arm-none-eabi-as
TRACE::2026-09-01.14:36:30::SCWMssOS::" "ARCHIVER=arm-none-eabi-ar" "COMPILER_FLAGS=  -O2 -c" "EXTRA_COMPILER_FLAGS=-mcpu=cortex-a9 -mfpu=vfpv3 -mfloat-abi=hard -nos
TRACE::2026-09-01.14:36:30::SCWMssOS::tartfiles -g -Wall -Wextra"

TRACE::2026-09-01.14:36:30::SCWMssOS::Running Make libs in ps7_cortexa9_0/libsrc/coresightps_dcc_v1_8/src

TRACE::2026-09-01.14:36:30::SCWMssOS::make -C ps7_cortexa9_0/libsrc/coresightps_dcc_v1_8/src -s libs  "SHELL=/bin/sh" "COMPILER=arm-none-eabi-gcc" "ASSEMBLER=arm-non
TRACE::2026-09-01.14:36:30::SCWMssOS::e-eabi-as" "ARCHIVER=arm-none-eabi-ar" "COMPILER_FLAGS=  -O2 -c" "EXTRA_COMPILER_FLAGS=-mcpu=cortex-a9 -mfpu=vfpv3 -mfloat-abi=
TRACE::2026-09-01.14:36:30::SCWMssOS::hard -nostartfiles -g -Wall -Wextra"

TRACE::2026-09-01.14:36:30::SCWMssOS::Running Make libs in ps7_cortexa9_0/libsrc/sdps_v3_10/src

TRACE::2026-09-01.14:36:30::SCWMssOS::Running Make libs in ps7_cortexa9_0/libsrc/ddrps_v1_2/src

TRACE::2026-09-01.14:36:30::SCWMssOS::make -C ps7_cortexa9_0/libsrc/sdps_v3_10/src -s libs  "SHELL=/bin/sh" "COMPILER=arm-none-eabi-gcc" "ASSEMBLER=arm-none-eabi-as"
TRACE::2026-09-01.14:36:30::SCWMssOS:: "ARCHIVER=arm-none-eabi-ar" "COMPILER_FLAGS=  -O2 -c" "EXTRA_COMPILER_FLAGS=-mcpu=cortex-a9 -mfpu=vfpv3 -mfloat-abi=hard -nost
TRACE::2026-09-01.14:36:30::SCWMssOS::artfiles -g -Wall -Wextra"

TRACE::2026-09-01.14:36:30::SCWMssOS::make -C ps7_cortexa9_0/libsrc/ddrps_v1_2/src -s libs  "SHELL=/bin/sh" "COMPILER=arm-none-eabi-gcc" "ASSEMBLER=arm-none-eabi-as"
TRACE::2026-09-01.14:36:30::SCWMssOS:: "ARCHIVER=arm-none-eabi-ar" "COMPILER_FLAGS=  -O2 -c" "EXTRA_COMPILER_FLAGS=-mcpu=cortex-a9 -mfpu=vfpv3 -mfloat-abi=hard -nost
TRACE::2026-09-01.14:36:30::SCWMssOS::artfiles -g -Wall -Wextra"

TRACE::2026-09-01.14:36:30::SCWMssOS::Running Make libs in ps7_cortexa9_0/libsrc/scugic_v4_3/src

TRACE::2026-09-01.14:36:30::SCWMssOS::make -C ps7_cortexa9_0/libsrc/scugic_v4_3/src -s libs  "SHELL=/bin/sh" "COMPILER=arm-none-eabi-gcc" "ASSEMBLER=arm-none-eabi-as
TRACE::2026-09-01.14:36:30::SCWMssOS::" "ARCHIVER=arm-none-eabi-ar" "COMPILER_FLAGS=  -O2 -c" "EXTRA_COMPILER_FLAGS=-mcpu=cortex-a9 -mfpu=vfpv3 -mfloat-abi=hard -nos
TRACE::2026-09-01.14:36:30::SCWMssOS::tartfiles -g -Wall -Wextra"

TRACE::2026-09-01.14:36:30::SCWMssOS::Running Make libs in ps7_cortexa9_0/libsrc/dmaps_v2_7/src

TRACE::2026-09-01.14:36:30::SCWMssOS::Running Make libs in ps7_cortexa9_0/libsrc/uartps_v3_10/src

TRACE::2026-09-01.14:36:30::SCWMssOS::make -C ps7_cortexa9_0/libsrc/uartps_v3_10/src -s libs  "SHELL=/bin/sh" "COMPILER=arm-none-eabi-gcc" "ASSEMBLER=arm-none-eabi-a
TRACE::2026-09-01.14:36:30::SCWMssOS::s" "ARCHIVER=arm-none-eabi-ar" "COMPILER_FLAGS=  -O2 -c" "EXTRA_COMPILER_FLAGS=-mcpu=cortex-a9 -mfpu=vfpv3 -mfloat-abi=hard -no
TRACE::2026-09-01.14:36:30::SCWMssOS::startfiles -g -Wall -Wextra"

TRACE::2026-09-01.14:36:30::SCWMssOS::make -C ps7_cortexa9_0/libsrc/dmaps_v2_7/src -s libs  "SHELL=/bin/sh" "COMPILER=arm-none-eabi-gcc" "ASSEMBLER=arm-none-eabi-as"
TRACE::2026-09-01.14:36:30::SCWMssOS:: "ARCHIVER=arm-none-eabi-ar" "COMPILER_FLAGS=  -O2 -c" "EXTRA_COMPILER_FLAGS=-mcpu=cortex-a9 -mfpu=vfpv3 -mfloat-abi=hard -nost
TRACE::2026-09-01.14:36:30::SCWMssOS::artfiles -g -Wall -Wextra"

TRACE::2026-09-01.14:36:30::SCWMssOS::Finished building libraries parallelly.

TRACE::2026-09-01.14:36:30::SCWMssOS::make --no-print-directory archive

TRACE::2026-09-01.14:36:30::SCWMssOS::arm-none-eabi-ar -r  ps7_cortexa9_0/lib/libxil.a ps7_cortexa9_0/lib/xgpio_intr.o ps7_cortexa9_0/lib/xscuwdt_sinit.o ps7_cortexa
TRACE::2026-09-01.14:36:30::SCWMssOS::9_0/lib/outbyte.o ps7_cortexa9_0/lib/xdevcfg_g.o ps7_cortexa9_0/lib/fcntl.o ps7_cortexa9_0/lib/xuartps_sinit.o ps7_cortexa9_0/l
TRACE::2026-09-01.14:36:30::SCWMssOS::ib/xadcps_sinit.o ps7_cortexa9_0/lib/xgpiops_intr.o ps7_cortexa9_0/lib/xadcps.o ps7_cortexa9_0/lib/xuartps_g.o ps7_cortexa9_0/l
TRACE::2026-09-01.14:36:30::SCWMssOS::ib/xusbps_endpoint.o ps7_cortexa9_0/lib/xscugic_g.o ps7_cortexa9_0/lib/xil_printf.o ps7_cortexa9_0/lib/xil_sleepcommon.o ps7_co
TRACE::2026-09-01.14:36:30::SCWMssOS::rtexa9_0/lib/xdevcfg_intr.o ps7_cortexa9_0/lib/xgpiops_sinit.o ps7_cortexa9_0/lib/xgpio_selftest.o ps7_cortexa9_0/lib/cpu_init.
TRACE::2026-09-01.14:36:30::SCWMssOS::o ps7_cortexa9_0/lib/xemacps_bdring.o ps7_cortexa9_0/lib/boot.o ps7_cortexa9_0/lib/xgpio_sinit.o ps7_cortexa9_0/lib/xil_clockin
TRACE::2026-09-01.14:36:30::SCWMssOS::g.o ps7_cortexa9_0/lib/xgpiops.o ps7_cortexa9_0/lib/xadcps_g.o ps7_cortexa9_0/lib/translation_table.o ps7_cortexa9_0/lib/xgpio_
TRACE::2026-09-01.14:36:30::SCWMssOS::g.o ps7_cortexa9_0/lib/xgpiops_selftest.o ps7_cortexa9_0/lib/vectors.o ps7_cortexa9_0/lib/xusbps_sinit.o ps7_cortexa9_0/lib/xsc
TRACE::2026-09-01.14:36:30::SCWMssOS::ugic_hw.o ps7_cortexa9_0/lib/xsdps.o ps7_cortexa9_0/lib/xgpiops_g.o ps7_cortexa9_0/lib/print.o ps7_cortexa9_0/lib/lseek.o ps7_c
TRACE::2026-09-01.14:36:30::SCWMssOS::ortexa9_0/lib/xdmaps_selftest.o ps7_cortexa9_0/lib/xemacps_sinit.o ps7_cortexa9_0/lib/xil_util.o ps7_cortexa9_0/lib/xil_cache.o
TRACE::2026-09-01.14:36:30::SCWMssOS:: ps7_cortexa9_0/lib/xemacps_hw.o ps7_cortexa9_0/lib/xscutimer_sinit.o ps7_cortexa9_0/lib/xdmaps_sinit.o ps7_cortexa9_0/lib/xil_
TRACE::2026-09-01.14:36:30::SCWMssOS::misc_psreset_api.o ps7_cortexa9_0/lib/xsdps_options.o ps7_cortexa9_0/lib/xscutimer_g.o ps7_cortexa9_0/lib/xdmaps_g.o ps7_cortex
TRACE::2026-09-01.14:36:30::SCWMssOS::a9_0/lib/xusbps_hw.o ps7_cortexa9_0/lib/xadcps_intr.o ps7_cortexa9_0/lib/xil_sleeptimer.o ps7_cortexa9_0/lib/xdevcfg_hw.o ps7_c
TRACE::2026-09-01.14:36:30::SCWMssOS::ortexa9_0/lib/unlink.o ps7_cortexa9_0/lib/sleep.o ps7_cortexa9_0/lib/xil_testio.o ps7_cortexa9_0/lib/xsdps_card.o ps7_cortexa9_
TRACE::2026-09-01.14:36:30::SCWMssOS::0/lib/read.o ps7_cortexa9_0/lib/xscutimer.o ps7_cortexa9_0/lib/xil_mmu.o ps7_cortexa9_0/lib/errno.o ps7_cortexa9_0/lib/xplatfor
TRACE::2026-09-01.14:36:30::SCWMssOS::m_info.o ps7_cortexa9_0/lib/xscugic_sinit.o ps7_cortexa9_0/lib/kill.o ps7_cortexa9_0/lib/usleep.o ps7_cortexa9_0/lib/xadcps_sel
TRACE::2026-09-01.14:36:30::SCWMssOS::ftest.o ps7_cortexa9_0/lib/xusbps.o ps7_cortexa9_0/lib/xil_testcache.o ps7_cortexa9_0/lib/xdevcfg.o ps7_cortexa9_0/lib/_open.o 
TRACE::2026-09-01.14:36:30::SCWMssOS::ps7_cortexa9_0/lib/xil_mem.o ps7_cortexa9_0/lib/cpputest_time.o ps7_cortexa9_0/lib/open.o ps7_cortexa9_0/lib/xscuwdt_g.o ps7_co
TRACE::2026-09-01.14:36:30::SCWMssOS::rtexa9_0/lib/xil-crt0.o ps7_cortexa9_0/lib/xuartps_hw.o ps7_cortexa9_0/lib/xscugic.o ps7_cortexa9_0/lib/isatty.o ps7_cortexa9_0
TRACE::2026-09-01.14:36:30::SCWMssOS::/lib/xsdps_host.o ps7_cortexa9_0/lib/xgpio_extra.o ps7_cortexa9_0/lib/xusbps_intr.o ps7_cortexa9_0/lib/xscuwdt_selftest.o ps7_c
TRACE::2026-09-01.14:36:30::SCWMssOS::ortexa9_0/lib/xemacps_intr.o ps7_cortexa9_0/lib/_exit.o ps7_cortexa9_0/lib/putnum.o ps7_cortexa9_0/lib/xemacps_control.o ps7_co
TRACE::2026-09-01.14:36:30::SCWMssOS::rtexa9_0/lib/write.o ps7_cortexa9_0/lib/xil_testmem.o ps7_cortexa9_0/lib/xil_exception.o ps7_cortexa9_0/lib/xuartps_selftest.o 
TRACE::2026-09-01.14:36:30::SCWMssOS::ps7_cortexa9_0/lib/_sbrk.o ps7_cortexa9_0/lib/xuartps_options.o ps7_cortexa9_0/lib/xscutimer_selftest.o ps7_cortexa9_0/lib/xsdp
TRACE::2026-09-01.14:36:30::SCWMssOS::s_sinit.o ps7_cortexa9_0/lib/xusbps_g.o ps7_cortexa9_0/lib/xemacps.o ps7_cortexa9_0/lib/xsdps_g.o ps7_cortexa9_0/lib/xgpiops_hw
TRACE::2026-09-01.14:36:30::SCWMssOS::.o ps7_cortexa9_0/lib/sbrk.o ps7_cortexa9_0/lib/getpid.o ps7_cortexa9_0/lib/xgpio.o ps7_cortexa9_0/lib/close.o ps7_cortexa9_0/l
TRACE::2026-09-01.14:36:30::SCWMssOS::ib/xemacps_g.o ps7_cortexa9_0/lib/inbyte.o ps7_cortexa9_0/lib/xcoresightpsdcc.o ps7_cortexa9_0/lib/xscuwdt.o ps7_cortexa9_0/lib
TRACE::2026-09-01.14:36:30::SCWMssOS::/xdevcfg_selftest.o ps7_cortexa9_0/lib/xdmaps_hw.o ps7_cortexa9_0/lib/xdevcfg_sinit.o ps7_cortexa9_0/lib/xil_assert.o ps7_corte
TRACE::2026-09-01.14:36:30::SCWMssOS::xa9_0/lib/xuartps.o ps7_cortexa9_0/lib/xuartps_intr.o ps7_cortexa9_0/lib/xscugic_intr.o ps7_cortexa9_0/lib/abort.o ps7_cortexa9
TRACE::2026-09-01.14:36:30::SCWMssOS::_0/lib/xscugic_selftest.o ps7_cortexa9_0/lib/asm_vectors.o ps7_cortexa9_0/lib/xdmaps.o ps7_cortexa9_0/lib/xl2cc_counter.o ps7_c
TRACE::2026-09-01.14:36:30::SCWMssOS::ortexa9_0/lib/xtime_l.o ps7_cortexa9_0/lib/fstat.o ps7_cortexa9_0/lib/xpm_counter.o

TRACE::2026-09-01.14:36:30::SCWMssOS::Finished building libraries

TRACE::2026-09-01.14:36:30::SCWMssOS::Copying to export directory.
TRACE::2026-09-01.14:36:30::SCWMssOS:: Checking if to create the Supporting Applications
TRACE::2026-09-01.14:36:30::SCWMssOS:: No Linux domain exists, trying to generate FSBL 
LOG::2026-09-01.14:36:30::SCWSystem::Completed Processing the domain standalone_domain
LOG::2026-09-01.14:36:30::SCWSystem::Completed Processing the sysconfig SoCora
LOG::2026-09-01.14:36:30::SCWPlatform::Completed generating the artifacts for system configuration SoCora
TRACE::2026-09-01.14:36:30::SCWPlatform::Started preparing the platform 
TRACE::2026-09-01.14:36:30::SCWSystem::Writing the bif file for system config SoCora
TRACE::2026-09-01.14:36:30::SCWSystem::dir created 
TRACE::2026-09-01.14:36:30::SCWSystem::Writing the bif 
TRACE::2026-09-01.14:36:30::SCWPlatform::Started writing the spfm file 
TRACE::2026-09-01.14:36:30::SCWPlatform::Started writing the xpfm file 
TRACE::2026-09-01.14:36:30::SCWPlatform::Completed generating the platform
TRACE::2026-09-01.14:36:30::SCWMssOS::Saving the mss changes /mnt/isaac_sbay0/lbo-ws/Projects/DVR-008-002/Base_Design_Project/Reference_design_project_2020.2/PSCora/SoCora/zynq_fsbl/zynq_fsbl_bsp/system.mss
TRACE::2026-09-01.14:36:30::SCWMssOS::Found a swdesign opened with the mssfile.
TRACE::2026-09-01.14:36:30::SCWMssOS::Completed writemss as part of save.
TRACE::2026-09-01.14:36:30::SCWMssOS::Commit changes completed.
TRACE::2026-09-01.14:36:30::SCWMssOS::Saving the mss changes /mnt/isaac_sbay0/lbo-ws/Projects/DVR-008-002/Base_Design_Project/Reference_design_project_2020.2/PSCora/SoCora/ps7_cortexa9_0/standalone_domain/bsp/system.mss
TRACE::2026-09-01.14:36:30::SCWMssOS::Found a swdesign opened with the mssfile.
TRACE::2026-09-01.14:36:30::SCWMssOS::Completed writemss as part of save.
TRACE::2026-09-01.14:36:30::SCWMssOS::Commit changes completed.
TRACE::2026-09-01.14:36:30::SCWPlatform::Trying to open the hw design at /mnt/isaac_sbay0/lbo-ws/Projects/DVR-008-002/Base_Design_Project/Reference_design_project_2020.2/PSCora/SoCora/hw/design_1_wrapper.xsa
TRACE::2026-09-01.14:36:30::SCWPlatform::DSA given /mnt/isaac_sbay0/lbo-ws/Projects/DVR-008-002/Base_Design_Project/Reference_design_project_2020.2/PSCora/SoCora/hw/design_1_wrapper.xsa
TRACE::2026-09-01.14:36:30::SCWPlatform::DSA absoulate path /mnt/isaac_sbay0/lbo-ws/Projects/DVR-008-002/Base_Design_Project/Reference_design_project_2020.2/PSCora/SoCora/hw/design_1_wrapper.xsa
TRACE::2026-09-01.14:36:30::SCWPlatform::DSA directory /mnt/isaac_sbay0/lbo-ws/Projects/DVR-008-002/Base_Design_Project/Reference_design_project_2020.2/PSCora/SoCora/hw
TRACE::2026-09-01.14:36:30::SCWPlatform:: Platform Path /mnt/isaac_sbay0/lbo-ws/Projects/DVR-008-002/Base_Design_Project/Reference_design_project_2020.2/PSCora/SoCora/hw/design_1_wrapper.xsa
TRACE::2026-09-01.14:36:30::SCWPlatform:: Unique name xilinx:::0.0
TRACE::2026-09-01.14:36:30::SCWPlatform::Trying to set the existing hwdb with name design_1_wrapper
TRACE::2026-09-01.14:36:30::SCWPlatform::Opened existing hwdb design_1_wrapper
TRACE::2026-09-01.14:36:30::SCWPlatform::Found the Hw Db part of the input DSA
TRACE::2026-09-01.14:36:30::SCWMssOS::Checking the sw design at  /mnt/isaac_sbay0/lbo-ws/Projects/DVR-008-002/Base_Design_Project/Reference_design_project_2020.2/PSCora/SoCora/zynq_fsbl/zynq_fsbl_bsp/system.mss
TRACE::2026-09-01.14:36:30::SCWMssOS::DEBUG:  swdes dump  /mnt/isaac_sbay0/lbo-ws/Projects/DVR-008-002/Base_Design_Project/Reference_design_project_2020.2/PSCora/SoCora/ps7_cortexa9_0/standalone_domain/bsp/system.mss|system_0||
/mnt/isaac_sbay0/lbo-ws/Projects/DVR-008-002/Base_Design_Project/Reference_design_project_2020.2/PSCora/SoCora/zynq_fsbl/zynq_fsbl_bsp/system.mss|system||

TRACE::2026-09-01.14:36:30::SCWMssOS::Sw design exists and opened at  /mnt/isaac_sbay0/lbo-ws/Projects/DVR-008-002/Base_Design_Project/Reference_design_project_2020.2/PSCora/SoCora/zynq_fsbl/zynq_fsbl_bsp/system.mss
TRACE::2026-09-01.14:36:30::SCWPlatform::Trying to open the hw design at /mnt/isaac_sbay0/lbo-ws/Projects/DVR-008-002/Base_Design_Project/Reference_design_project_2020.2/PSCora/SoCora/hw/design_1_wrapper.xsa
TRACE::2026-09-01.14:36:30::SCWPlatform::DSA given /mnt/isaac_sbay0/lbo-ws/Projects/DVR-008-002/Base_Design_Project/Reference_design_project_2020.2/PSCora/SoCora/hw/design_1_wrapper.xsa
TRACE::2026-09-01.14:36:30::SCWPlatform::DSA absoulate path /mnt/isaac_sbay0/lbo-ws/Projects/DVR-008-002/Base_Design_Project/Reference_design_project_2020.2/PSCora/SoCora/hw/design_1_wrapper.xsa
TRACE::2026-09-01.14:36:30::SCWPlatform::DSA directory /mnt/isaac_sbay0/lbo-ws/Projects/DVR-008-002/Base_Design_Project/Reference_design_project_2020.2/PSCora/SoCora/hw
TRACE::2026-09-01.14:36:30::SCWPlatform:: Platform Path /mnt/isaac_sbay0/lbo-ws/Projects/DVR-008-002/Base_Design_Project/Reference_design_project_2020.2/PSCora/SoCora/hw/design_1_wrapper.xsa
TRACE::2026-09-01.14:36:30::SCWPlatform:: Unique name xilinx:::0.0
TRACE::2026-09-01.14:36:30::SCWPlatform::Trying to set the existing hwdb with name design_1_wrapper
TRACE::2026-09-01.14:36:30::SCWPlatform::Opened existing hwdb design_1_wrapper
TRACE::2026-09-01.14:36:30::SCWPlatform::Found the Hw Db part of the input DSA
TRACE::2026-09-01.14:36:30::SCWMssOS::Checking the sw design at  /mnt/isaac_sbay0/lbo-ws/Projects/DVR-008-002/Base_Design_Project/Reference_design_project_2020.2/PSCora/SoCora/zynq_fsbl/zynq_fsbl_bsp/system.mss
TRACE::2026-09-01.14:36:30::SCWMssOS::DEBUG:  swdes dump  /mnt/isaac_sbay0/lbo-ws/Projects/DVR-008-002/Base_Design_Project/Reference_design_project_2020.2/PSCora/SoCora/ps7_cortexa9_0/standalone_domain/bsp/system.mss|system_0||
/mnt/isaac_sbay0/lbo-ws/Projects/DVR-008-002/Base_Design_Project/Reference_design_project_2020.2/PSCora/SoCora/zynq_fsbl/zynq_fsbl_bsp/system.mss|system||

TRACE::2026-09-01.14:36:30::SCWMssOS::Sw design exists and opened at  /mnt/isaac_sbay0/lbo-ws/Projects/DVR-008-002/Base_Design_Project/Reference_design_project_2020.2/PSCora/SoCora/zynq_fsbl/zynq_fsbl_bsp/system.mss
TRACE::2026-09-01.14:36:30::SCWPlatform::Trying to open the hw design at /mnt/isaac_sbay0/lbo-ws/Projects/DVR-008-002/Base_Design_Project/Reference_design_project_2020.2/PSCora/SoCora/hw/design_1_wrapper.xsa
TRACE::2026-09-01.14:36:30::SCWPlatform::DSA given /mnt/isaac_sbay0/lbo-ws/Projects/DVR-008-002/Base_Design_Project/Reference_design_project_2020.2/PSCora/SoCora/hw/design_1_wrapper.xsa
TRACE::2026-09-01.14:36:30::SCWPlatform::DSA absoulate path /mnt/isaac_sbay0/lbo-ws/Projects/DVR-008-002/Base_Design_Project/Reference_design_project_2020.2/PSCora/SoCora/hw/design_1_wrapper.xsa
TRACE::2026-09-01.14:36:30::SCWPlatform::DSA directory /mnt/isaac_sbay0/lbo-ws/Projects/DVR-008-002/Base_Design_Project/Reference_design_project_2020.2/PSCora/SoCora/hw
TRACE::2026-09-01.14:36:30::SCWPlatform:: Platform Path /mnt/isaac_sbay0/lbo-ws/Projects/DVR-008-002/Base_Design_Project/Reference_design_project_2020.2/PSCora/SoCora/hw/design_1_wrapper.xsa
TRACE::2026-09-01.14:36:30::SCWPlatform:: Unique name xilinx:::0.0
TRACE::2026-09-01.14:36:30::SCWPlatform::Trying to set the existing hwdb with name design_1_wrapper
TRACE::2026-09-01.14:36:30::SCWPlatform::Opened existing hwdb design_1_wrapper
TRACE::2026-09-01.14:36:30::SCWPlatform::Found the Hw Db part of the input DSA
TRACE::2026-09-01.14:36:30::SCWMssOS::Checking the sw design at  /mnt/isaac_sbay0/lbo-ws/Projects/DVR-008-002/Base_Design_Project/Reference_design_project_2020.2/PSCora/SoCora/zynq_fsbl/zynq_fsbl_bsp/system.mss
TRACE::2026-09-01.14:36:30::SCWMssOS::DEBUG:  swdes dump  /mnt/isaac_sbay0/lbo-ws/Projects/DVR-008-002/Base_Design_Project/Reference_design_project_2020.2/PSCora/SoCora/ps7_cortexa9_0/standalone_domain/bsp/system.mss|system_0||
/mnt/isaac_sbay0/lbo-ws/Projects/DVR-008-002/Base_Design_Project/Reference_design_project_2020.2/PSCora/SoCora/zynq_fsbl/zynq_fsbl_bsp/system.mss|system||

TRACE::2026-09-01.14:36:30::SCWMssOS::Sw design exists and opened at  /mnt/isaac_sbay0/lbo-ws/Projects/DVR-008-002/Base_Design_Project/Reference_design_project_2020.2/PSCora/SoCora/zynq_fsbl/zynq_fsbl_bsp/system.mss
TRACE::2026-09-01.14:36:30::SCWPlatform::Trying to open the hw design at /mnt/isaac_sbay0/lbo-ws/Projects/DVR-008-002/Base_Design_Project/Reference_design_project_2020.2/PSCora/SoCora/hw/design_1_wrapper.xsa
TRACE::2026-09-01.14:36:30::SCWPlatform::DSA given /mnt/isaac_sbay0/lbo-ws/Projects/DVR-008-002/Base_Design_Project/Reference_design_project_2020.2/PSCora/SoCora/hw/design_1_wrapper.xsa
TRACE::2026-09-01.14:36:30::SCWPlatform::DSA absoulate path /mnt/isaac_sbay0/lbo-ws/Projects/DVR-008-002/Base_Design_Project/Reference_design_project_2020.2/PSCora/SoCora/hw/design_1_wrapper.xsa
TRACE::2026-09-01.14:36:30::SCWPlatform::DSA directory /mnt/isaac_sbay0/lbo-ws/Projects/DVR-008-002/Base_Design_Project/Reference_design_project_2020.2/PSCora/SoCora/hw
TRACE::2026-09-01.14:36:30::SCWPlatform:: Platform Path /mnt/isaac_sbay0/lbo-ws/Projects/DVR-008-002/Base_Design_Project/Reference_design_project_2020.2/PSCora/SoCora/hw/design_1_wrapper.xsa
TRACE::2026-09-01.14:36:30::SCWPlatform:: Unique name xilinx:::0.0
TRACE::2026-09-01.14:36:30::SCWPlatform::Trying to set the existing hwdb with name design_1_wrapper
TRACE::2026-09-01.14:36:30::SCWPlatform::Opened existing hwdb design_1_wrapper
TRACE::2026-09-01.14:36:30::SCWPlatform::Found the Hw Db part of the input DSA
TRACE::2026-09-01.14:36:30::SCWMssOS::Checking the sw design at  /mnt/isaac_sbay0/lbo-ws/Projects/DVR-008-002/Base_Design_Project/Reference_design_project_2020.2/PSCora/SoCora/ps7_cortexa9_0/standalone_domain/bsp/system.mss
TRACE::2026-09-01.14:36:30::SCWMssOS::DEBUG:  swdes dump  /mnt/isaac_sbay0/lbo-ws/Projects/DVR-008-002/Base_Design_Project/Reference_design_project_2020.2/PSCora/SoCora/ps7_cortexa9_0/standalone_domain/bsp/system.mss|system_0||
/mnt/isaac_sbay0/lbo-ws/Projects/DVR-008-002/Base_Design_Project/Reference_design_project_2020.2/PSCora/SoCora/zynq_fsbl/zynq_fsbl_bsp/system.mss|system||

TRACE::2026-09-01.14:36:30::SCWMssOS::Sw design exists and opened at  /mnt/isaac_sbay0/lbo-ws/Projects/DVR-008-002/Base_Design_Project/Reference_design_project_2020.2/PSCora/SoCora/ps7_cortexa9_0/standalone_domain/bsp/system.mss
TRACE::2026-09-01.14:36:30::SCWPlatform::Trying to open the hw design at /mnt/isaac_sbay0/lbo-ws/Projects/DVR-008-002/Base_Design_Project/Reference_design_project_2020.2/PSCora/SoCora/hw/design_1_wrapper.xsa
TRACE::2026-09-01.14:36:30::SCWPlatform::DSA given /mnt/isaac_sbay0/lbo-ws/Projects/DVR-008-002/Base_Design_Project/Reference_design_project_2020.2/PSCora/SoCora/hw/design_1_wrapper.xsa
TRACE::2026-09-01.14:36:30::SCWPlatform::DSA absoulate path /mnt/isaac_sbay0/lbo-ws/Projects/DVR-008-002/Base_Design_Project/Reference_design_project_2020.2/PSCora/SoCora/hw/design_1_wrapper.xsa
TRACE::2026-09-01.14:36:30::SCWPlatform::DSA directory /mnt/isaac_sbay0/lbo-ws/Projects/DVR-008-002/Base_Design_Project/Reference_design_project_2020.2/PSCora/SoCora/hw
TRACE::2026-09-01.14:36:30::SCWPlatform:: Platform Path /mnt/isaac_sbay0/lbo-ws/Projects/DVR-008-002/Base_Design_Project/Reference_design_project_2020.2/PSCora/SoCora/hw/design_1_wrapper.xsa
TRACE::2026-09-01.14:36:30::SCWPlatform:: Unique name xilinx:::0.0
TRACE::2026-09-01.14:36:30::SCWPlatform::Trying to set the existing hwdb with name design_1_wrapper
TRACE::2026-09-01.14:36:30::SCWPlatform::Opened existing hwdb design_1_wrapper
TRACE::2026-09-01.14:36:30::SCWPlatform::Found the Hw Db part of the input DSA
TRACE::2026-09-01.14:36:30::SCWMssOS::Checking the sw design at  /mnt/isaac_sbay0/lbo-ws/Projects/DVR-008-002/Base_Design_Project/Reference_design_project_2020.2/PSCora/SoCora/ps7_cortexa9_0/standalone_domain/bsp/system.mss
TRACE::2026-09-01.14:36:30::SCWMssOS::DEBUG:  swdes dump  /mnt/isaac_sbay0/lbo-ws/Projects/DVR-008-002/Base_Design_Project/Reference_design_project_2020.2/PSCora/SoCora/ps7_cortexa9_0/standalone_domain/bsp/system.mss|system_0||
/mnt/isaac_sbay0/lbo-ws/Projects/DVR-008-002/Base_Design_Project/Reference_design_project_2020.2/PSCora/SoCora/zynq_fsbl/zynq_fsbl_bsp/system.mss|system||

TRACE::2026-09-01.14:36:30::SCWMssOS::Sw design exists and opened at  /mnt/isaac_sbay0/lbo-ws/Projects/DVR-008-002/Base_Design_Project/Reference_design_project_2020.2/PSCora/SoCora/ps7_cortexa9_0/standalone_domain/bsp/system.mss
TRACE::2026-09-01.14:36:30::SCWPlatform::Trying to open the hw design at /mnt/isaac_sbay0/lbo-ws/Projects/DVR-008-002/Base_Design_Project/Reference_design_project_2020.2/PSCora/SoCora/hw/design_1_wrapper.xsa
TRACE::2026-09-01.14:36:30::SCWPlatform::DSA given /mnt/isaac_sbay0/lbo-ws/Projects/DVR-008-002/Base_Design_Project/Reference_design_project_2020.2/PSCora/SoCora/hw/design_1_wrapper.xsa
TRACE::2026-09-01.14:36:30::SCWPlatform::DSA absoulate path /mnt/isaac_sbay0/lbo-ws/Projects/DVR-008-002/Base_Design_Project/Reference_design_project_2020.2/PSCora/SoCora/hw/design_1_wrapper.xsa
TRACE::2026-09-01.14:36:30::SCWPlatform::DSA directory /mnt/isaac_sbay0/lbo-ws/Projects/DVR-008-002/Base_Design_Project/Reference_design_project_2020.2/PSCora/SoCora/hw
TRACE::2026-09-01.14:36:30::SCWPlatform:: Platform Path /mnt/isaac_sbay0/lbo-ws/Projects/DVR-008-002/Base_Design_Project/Reference_design_project_2020.2/PSCora/SoCora/hw/design_1_wrapper.xsa
TRACE::2026-09-01.14:36:30::SCWPlatform:: Unique name xilinx:::0.0
TRACE::2026-09-01.14:36:30::SCWPlatform::Trying to set the existing hwdb with name design_1_wrapper
TRACE::2026-09-01.14:36:30::SCWPlatform::Opened existing hwdb design_1_wrapper
TRACE::2026-09-01.14:36:30::SCWPlatform::Found the Hw Db part of the input DSA
TRACE::2026-09-01.14:36:30::SCWMssOS::Checking the sw design at  /mnt/isaac_sbay0/lbo-ws/Projects/DVR-008-002/Base_Design_Project/Reference_design_project_2020.2/PSCora/SoCora/ps7_cortexa9_0/standalone_domain/bsp/system.mss
TRACE::2026-09-01.14:36:30::SCWMssOS::DEBUG:  swdes dump  /mnt/isaac_sbay0/lbo-ws/Projects/DVR-008-002/Base_Design_Project/Reference_design_project_2020.2/PSCora/SoCora/ps7_cortexa9_0/standalone_domain/bsp/system.mss|system_0||
/mnt/isaac_sbay0/lbo-ws/Projects/DVR-008-002/Base_Design_Project/Reference_design_project_2020.2/PSCora/SoCora/zynq_fsbl/zynq_fsbl_bsp/system.mss|system||

TRACE::2026-09-01.14:36:30::SCWMssOS::Sw design exists and opened at  /mnt/isaac_sbay0/lbo-ws/Projects/DVR-008-002/Base_Design_Project/Reference_design_project_2020.2/PSCora/SoCora/ps7_cortexa9_0/standalone_domain/bsp/system.mss
TRACE::2026-09-01.14:36:30::SCWWriter::formatted JSON is {
	"platformName":	"SoCora",
	"sprVersion":	"2.0",
	"mode":	"cmd",
	"dsaType":	"Fixed",
	"platformDesc":	"SoCora",
	"platHandOff":	"/mnt/isaac_sbay0/lbo-ws/Projects/DVR-008-002/Base_Design_Project/Reference_design_project_2020.2/SoCora/design_1_wrapper.xsa",
	"platIntHandOff":	"<platformDir>/hw/design_1_wrapper.xsa",
	"deviceType":	"zynq",
	"platIsPrebuiltAutogen":	"false",
	"platIsNoBootBsp":	"false",
	"platFsblTarget":	"ps7_cortexa9_0",
	"hasFsblMakeHasChanges":	"false",
	"hasPmufwMakeHasChanges":	"false",
	"fsblExtraCompilerFlags":	"-MMD -MP       -mcpu=cortex-a9 -mfpu=vfpv3 -mfloat-abi=hard ",
	"platPreBuiltFlag":	false,
	"platformSamplesDir":	"",
	"platActiveSys":	"SoCora",
	"systems":	[{
			"systemName":	"SoCora",
			"systemDesc":	"SoCora",
			"sysIsBootAutoGen":	"true",
			"systemDispName":	"SoCora",
			"sysActiveDom":	"standalone_domain",
			"sysDefaultDom":	"standalone_domain",
			"domains":	[{
					"domainName":	"zynq_fsbl",
					"domainDispName":	"zynq_fsbl",
					"domainDesc":	"FSBL Application BSP - Auto Generated.",
					"processors":	"ps7_cortexa9_0",
					"os":	"standalone",
					"sdxOs":	"standalone",
					"debugEnable":	"",
					"domRuntimes":	["cpp"],
					"swRepo":	"",
					"mssOsVer":	"7.3",
					"mssFile":	"",
					"md5Digest":	"d6e5e7d1372224806e87c36e715390fd",
					"compatibleApp":	"zynq_fsbl",
					"domType":	"bootDomain",
					"arch":	"32-bit",
					"appSettings":	{
						"appCompilerFlags":	"",
						"appLinkerFlags":	""
					},
					"addedLibs":	["xilffs:4.4", "xilrsa:1.6"],
					"libOptions":	{
						"libsContainingOptions":	[]
					},
					"prebuiltLibs":	{
						"prebuiltIncPath":	[],
						"prebuiltLibPath":	[]
					},
					"isolation":	{
					}
				}, {
					"domainName":	"standalone_domain",
					"domainDispName":	"standalone_domain",
					"domainDesc":	"standalone_domain",
					"processors":	"ps7_cortexa9_0",
					"os":	"standalone",
					"sdxOs":	"standalone",
					"qemuArgs":	"/tools/xilinx/Vitis/2020.2/data/emulation/platforms/zynq/sw/a9_standalone/qemu/qemu_args.txt",
					"qemuData":	"/tools/xilinx/Vitis/2020.2/data/emulation/platforms/zynq/sw/a9_standalone/qemu/",
					"debugEnable":	"False",
					"domRuntimes":	["cpp"],
					"swRepo":	"",
					"mssOsVer":	"7.3",
					"mssFile":	"",
					"md5Digest":	"b8914f3358791840b410b55d5d146ff1",
					"compatibleApp":	"",
					"domType":	"mssDomain",
					"appSettings":	{
						"appCompilerFlags":	"",
						"appLinkerFlags":	""
					},
					"addedLibs":	[],
					"libOptions":	{
						"libsContainingOptions":	[]
					},
					"prebuiltLibs":	{
						"prebuiltIncPath":	[],
						"prebuiltLibPath":	[]
					},
					"isolation":	{
					}
				}]
		}]
}
KEYINFO::2026-09-01.14:36:30::SCWPlatform::updated the xpfm file.
TRACE::2026-09-01.14:36:30::SCWPlatform::Trying to open the hw design at /mnt/isaac_sbay0/lbo-ws/Projects/DVR-008-002/Base_Design_Project/Reference_design_project_2020.2/PSCora/SoCora/hw/design_1_wrapper.xsa
TRACE::2026-09-01.14:36:30::SCWPlatform::DSA given /mnt/isaac_sbay0/lbo-ws/Projects/DVR-008-002/Base_Design_Project/Reference_design_project_2020.2/PSCora/SoCora/hw/design_1_wrapper.xsa
TRACE::2026-09-01.14:36:30::SCWPlatform::DSA absoulate path /mnt/isaac_sbay0/lbo-ws/Projects/DVR-008-002/Base_Design_Project/Reference_design_project_2020.2/PSCora/SoCora/hw/design_1_wrapper.xsa
TRACE::2026-09-01.14:36:30::SCWPlatform::DSA directory /mnt/isaac_sbay0/lbo-ws/Projects/DVR-008-002/Base_Design_Project/Reference_design_project_2020.2/PSCora/SoCora/hw
TRACE::2026-09-01.14:36:30::SCWPlatform:: Platform Path /mnt/isaac_sbay0/lbo-ws/Projects/DVR-008-002/Base_Design_Project/Reference_design_project_2020.2/PSCora/SoCora/hw/design_1_wrapper.xsa
TRACE::2026-09-01.14:36:30::SCWPlatform:: Unique name xilinx:::0.0
TRACE::2026-09-01.14:36:30::SCWPlatform::Trying to set the existing hwdb with name design_1_wrapper
TRACE::2026-09-01.14:36:30::SCWPlatform::Opened existing hwdb design_1_wrapper
TRACE::2026-09-01.14:36:30::SCWPlatform::Found the Hw Db part of the input DSA
TRACE::2026-09-01.14:36:30::SCWMssOS::Checking the sw design at  /mnt/isaac_sbay0/lbo-ws/Projects/DVR-008-002/Base_Design_Project/Reference_design_project_2020.2/PSCora/SoCora/ps7_cortexa9_0/standalone_domain/bsp/system.mss
TRACE::2026-09-01.14:36:30::SCWMssOS::DEBUG:  swdes dump  /mnt/isaac_sbay0/lbo-ws/Projects/DVR-008-002/Base_Design_Project/Reference_design_project_2020.2/PSCora/SoCora/ps7_cortexa9_0/standalone_domain/bsp/system.mss|system_0||
/mnt/isaac_sbay0/lbo-ws/Projects/DVR-008-002/Base_Design_Project/Reference_design_project_2020.2/PSCora/SoCora/zynq_fsbl/zynq_fsbl_bsp/system.mss|system||

TRACE::2026-09-01.14:36:30::SCWMssOS::Sw design exists and opened at  /mnt/isaac_sbay0/lbo-ws/Projects/DVR-008-002/Base_Design_Project/Reference_design_project_2020.2/PSCora/SoCora/ps7_cortexa9_0/standalone_domain/bsp/system.mss
